date,greyhound,weight_kg
2026-09-12,ABOVE THEM ALL,26.4
2026-09-12,ALLIGATOR ROCK,33.1
2026-09-12,AMBANI,27.1
2026-09-12,AMRON TOY,32.4
2026-09-12,ANGRY CHIEF,33.5
2026-09-12,APTITUDE,32.8
2026-09-12,ARCHIE MCIVOR,31.6
2026-09-12,ARCHIE'S GIFT,31.6
2026-09-12,ASSASSINATOR,32.9
2026-09-12,ASTON AQUITAINE,28.9
2026-09-12,ASTON BENTLEY,33.2
2026-09-12,ASTON BOGART,32.2
2026-09-12,ASTON BONDI,26.2
2026-09-12,ASTON EXCLUSIVE,31.2
2026-09-12,ASTON FLAMENCO,28.8
2026-09-12,ASTON KILLARA,25.5
2026-09-12,ASTON MACHINE,33.4
2026-09-12,ASTON MALI,33.4
2026-09-12,ASTON MISSILE,34.8
2026-09-12,ASTON MOSS,31.9
2026-09-12,ASTON PRESTON,33.3
2026-09-12,ASTON SUMMIT,33.6
2026-09-12,ASTON SUNSHINE,26.4
2026-09-12,AUNTY CHERYL,28.5
2026-09-12,AURORA SKY FORCE,27.4
2026-09-12,AUSSIE MOSS,30.9
2026-09-12,AUSSIE SAVANNAH,27.7
2026-09-12,AWE REALLY,29.0
2026-09-12,AYDEN'S WARRIOR,33.3
2026-09-12,BAILIESTON,25.5
2026-09-12,BALDING SANDY,28.8
2026-09-12,BANJO ONE STRING,32.7
2026-09-12,BAROOGA QUEEN,29.6
2026-09-12,BASH BOY GIBLET,37.2
2026-09-12,BE MY TIGER,26.9
2026-09-12,BEFORE NOON,26.6
2026-09-12,BERSERKER VIKING,33.1
2026-09-12,BEST DRESSED,26.4
2026-09-12,BIG BRAIN ENERGY,32.6
2026-09-12,BIG PLAYER,38.3
2026-09-12,BIG WATCH,29.5
2026-09-12,BIG WEEKEND,29.4
2026-09-12,BLACK CHAKRA,34.1
2026-09-12,BLACK MARVEL,35.1
2026-09-12,BLACK STATESMAN,34.2
2026-09-12,BLACK THUMB,31.5
2026-09-12,BLACKBERRY JUICE,30.4
2026-09-12,BLACKPOOL WINTER,29.3
2026-09-12,BOHDAN,30.4
2026-09-12,BOMB OVER,31.9
2026-09-12,BONE SHAKER,32.3
2026-09-12,BORDER BEAST,30.7
2026-09-12,BRINDLE MOSAIC,27.1
2026-09-12,BRONZE,37.2
2026-09-12,BROOKLYN GIRL,28.6
2026-09-12,BUNNI BALE,29.9
2026-09-12,CANYA EXCITE ME,29.7
2026-09-12,CANYA KICK IT,28.0
2026-09-12,CANYA TORNADO,35.8
2026-09-12,CATCH MAXWELL,35.0
2026-09-12,CATHY'S DREAM,30.7
2026-09-12,CAWDOR,28.0
2026-09-12,CHALK AND CHEESE,31.1
2026-09-12,CHAMPLAIN,28.4
2026-09-12,CHAPPY'S HIKARI,29.3
2026-09-12,CHEVRON STROLL,28.7
2026-09-12,CLEO'S STAR,27.2
2026-09-12,CLYDE BALE,33.0
2026-09-12,COLLINDA POPS,27.6
2026-09-12,COME ON FOX,28.3
2026-09-12,COMPARE JOE,32.3
2026-09-12,COMPLETE,26.4
2026-09-12,COUNT THE STARS,30.8
2026-09-12,CREAM,26.0
2026-09-12,CRUISIN' POPPY,27.2
2026-09-12,CRY BABY GIBLET,33.4
2026-09-12,DANCE HALL DAYS,32.4
2026-09-12,DARNUM BEAR,35.8
2026-09-12,DARNUM DIESEL,36.1
2026-09-12,DASH PARR,31.5
2026-09-12,DAVE,30.6
2026-09-12,DEADLY FORCE,26.9
2026-09-12,DELIGHTFUL RAIN,28.9
2026-09-12,DERRY,33.9
2026-09-12,DEVIL IN ME,31.0
2026-09-12,DID SO,30.2
2026-09-12,DINOSAUR,30.8
2026-09-12,DIRTY RUBY,25.3
2026-09-12,DISPARAGE,33.9
2026-09-12,DISTORTED HUMOUR,30.0
2026-09-12,DOLLAR SCIENCE,30.7
2026-09-12,DOONGALLA BOY,31.9
2026-09-12,DOONGALLA EVE,28.2
2026-09-12,DOONGALLA GHOST,29.6
2026-09-12,DOONGALLA JASON,31.2
2026-09-12,DOONGALLA MIMIC,32.2
2026-09-12,DR. MAUREEN,25.6
2026-09-12,DR. ULRICH,35.5
2026-09-12,DR. XENOS,34.3
2026-09-12,DR. YAMIR,35.5
2026-09-12,DREAM LUCKY,30.3
2026-09-12,ECHO HUNTER,33.0
2026-09-12,ELMA'S GIRL,26.5
2026-09-12,ENERGISER DASH,28.7
2026-09-12,ENGELKE ROAD,32.8
2026-09-12,ESPECIAL KIANI,27.2
2026-09-12,ESPOIR,25.8
2026-09-12,EVENTUATE,25.8
2026-09-12,EXCITED TWITCH,26.6
2026-09-12,EXTREME DASH,34.7
2026-09-12,FAST PANDA,31.9
2026-09-12,FAST REPLY,37.6
2026-09-12,FERNANDO SUCRE,30.0
2026-09-12,FINESSE,25.8
2026-09-12,FLEX GOODALL,29.4
2026-09-12,FLYING INTENTION,28.5
2026-09-12,FLYING NARDO,28.7
2026-09-12,FLYING ROYCE,34.8
2026-09-12,FLYWHEEL VIXEN,28.7
2026-09-12,FOLLOW THAT TUNE,30.4
2026-09-12,FOXY BARBELLA,30.4
2026-09-12,FOXY ROXY,25.5
2026-09-12,FRANKY'S LASS,26.2
2026-09-12,FRED'S FAST,32.4
2026-09-12,FREE FREDA,25.6
2026-09-12,FREQUENCY,31.5
2026-09-12,FRIDA SCIENCE,24.9
2026-09-12,GALLEYWOOD,39.4
2026-09-12,GALLOPING JESSIE,23.9
2026-09-12,GAME OF PHONES,28.2
2026-09-12,GARNET GLOW,28.8
2026-09-12,GERALDTON CREW,28.9
2026-09-12,GHOST WALKER,32.6
2026-09-12,GO GO JEFF,36.2
2026-09-12,GO STEVIE,33.4
2026-09-12,GOLD CLASS COOL,29.9
2026-09-12,GOLD DECK,32.5
2026-09-12,GOLDEN MONELLI,32.7
2026-09-12,GOOF BALL,36.0
2026-09-12,GORRINGE,30.6
2026-09-12,GOTHAM PIXIE,23.0
2026-09-12,GOTHAM THANOS,27.8
2026-09-12,GRAY GROUPER,35.0
2026-09-12,GREYSYND BONNIE,27.4
2026-09-12,GUACAMOLE IRISH,33.5
2026-09-12,GUMTREE HILL,33.4
2026-09-12,GUNAI GAGA,26.8
2026-09-12,HANNA'S AVATAR,28.3
2026-09-12,HAPPY AND NUMB,37.3
2026-09-12,HARA HACHI BU,27.2
2026-09-12,HAVING A LOOK,27.2
2026-09-12,HAWK MAGIC,25.6
2026-09-12,HE'S MAGIC,29.1
2026-09-12,HEAD HUNTER,33.0
2026-09-12,HEART,27.8
2026-09-12,HECTOR DARCY,36.3
2026-09-12,HERE COMES BILLY,32.6
2026-09-12,HIGH FIVE INDI,29.1
2026-09-12,HIGHGATE FRANKY,35.0
2026-09-12,HIGHWAY HOOLIGAN,34.3
2026-09-12,HOPE GIBLET,28.3
2026-09-12,HOPE JUAN,32.0
2026-09-12,HOT HONEY,27.9
2026-09-12,HOT SPOT,26.4
2026-09-12,HOT TUB,33.5
2026-09-12,HOUSE OF SINS,35.9
2026-09-12,HOW AWESOME,30.2
2026-09-12,HUSKY SARA LEE,30.5
2026-09-12,HYLAND AZULA,25.4
2026-09-12,IN A BIT,29.5
2026-09-12,INDY GRANT,27.7
2026-09-12,IRINKA ASHLEY,30.6
2026-09-12,IT JUST HAPPENS,31.3
2026-09-12,IT'S A CHAPPLE,29.2
2026-09-12,IVORY INZAI,31.5
2026-09-12,IVORY MIHARA,27.0
2026-09-12,JACK HOOK,30.4
2026-09-12,JETTY JUMPER,38.0
2026-09-12,JOEY,34.9
2026-09-12,JOROGUMO,33.5
2026-09-12,JUMBUK EILEEN,25.9
2026-09-12,JUMBUK JOHNNY,35.2
2026-09-12,JUMPING OREO,26.8
2026-09-12,JUST ANGELIC,25.6
2026-09-12,JUST BELIEVE,31.5
2026-09-12,KALE ROCKS,34.2
2026-09-12,KALIAHA'S KAOS,32.6
2026-09-12,KING OF PAIN,30.0
2026-09-12,KISS FOR CASH,29.4
2026-09-12,KIWI HEPBURN,33.8
2026-09-12,KODA,37.9
2026-09-12,KOPACKI RIT,31.5
2026-09-12,KRAKEN TOMMY,35.2
2026-09-12,LACRIMAL,31.3
2026-09-12,LAKERS LEGEND,25.3
2026-09-12,LAKEVIEW IAN,35.6
2026-09-12,LAKEVIEW SNEAKY,36.1
2026-09-12,LANKY LARRY,33.3
2026-09-12,LAURA MAY,29.2
2026-09-12,LEGACY MAN,30.8
2026-09-12,LET'S PLAY BALL,34.9
2026-09-12,LILAH RAINBOW,27.8
2026-09-12,LILY MARLEEN,26.7
2026-09-12,LITTLE FLOWER,28.9
2026-09-12,LOCHINVAR THOR,34.3
2026-09-12,LUCA SKYWALKER,30.8
2026-09-12,LUCKY SPIN,33.1
2026-09-12,LUSH HOUR,29.4
2026-09-12,MAC AND CHEESE,31.9
2026-09-12,MAGGIE STORM,26.5
2026-09-12,MAGIC LOKI,33.4
2026-09-12,MAISEY MARY,24.9
2026-09-12,MANDOLIN STORM,31.0
2026-09-12,MANIFESTO,28.5
2026-09-12,MARBLE SUNSET,27.7
2026-09-12,MARCO MARCO,30.9
2026-09-12,MARYVALE GIRL,28.2
2026-09-12,MASTER COPY,32.5
2026-09-12,MAXIMUM RUBY,26.3
2026-09-12,MAXIMUM SILVER,27.9
2026-09-12,MAXIMUM SUNNY,28.8
2026-09-12,MCCREERY,34.4
2026-09-12,MEANINGFUL,25.8
2026-09-12,MELVIN BALE,31.4
2026-09-12,MEPUNGA BROCKIE,34.3
2026-09-12,MEPUNGA DONNA,29.0
2026-09-12,MEPUNGA LARA,27.0
2026-09-12,MEPUNGA SUMMIT,31.7
2026-09-12,MIDWAY THUNDER,32.3
2026-09-12,MILO THUNDER,30.5
2026-09-12,MINH BLONDIE,26.3
2026-09-12,MISS BELLA BABE,28.0
2026-09-12,MISS BLACK,28.7
2026-09-12,MISS CHARMED,28.0
2026-09-12,MISS COCO,28.6
2026-09-12,MISTER RICO,33.3
2026-09-12,MOB QUEEN,29.3
2026-09-12,MOE SOUTH BANJO,30.1
2026-09-12,MONELLI GIRL,26.6
2026-09-12,MONIQUE GIBLET,31.1
2026-09-12,MORAINE LEAH,28.4
2026-09-12,MORAINE PIPER,29.5
2026-09-12,MORE BEER PLEASE,31.4
2026-09-12,MR. JONES,33.2
2026-09-12,MUM'S ENERGY,36.7
2026-09-12,MUM'S TONKA,39.6
2026-09-12,MUSTANG SABRINA,23.2
2026-09-12,MY BOY SONNY,31.4
2026-09-12,MY LITTLE FLOSS,23.1
2026-09-12,MY MATE LEO,32.6
2026-09-12,MY NAME'S EDEN,32.5
2026-09-12,NALA'S MANTIS,25.4
2026-09-12,NANCY DEVERE,28.7
2026-09-12,NANDO BLAST,30.1
2026-09-12,NARINGAL LAD,33.4
2026-09-12,NICKED AGAIN,29.3
2026-09-12,NIGHT RALF,32.4
2026-09-12,NIKITA BALE,28.1
2026-09-12,NIKITA DASH,27.8
2026-09-12,NO BAD DEED,31.3
2026-09-12,NOBLE SHADOW,33.4
2026-09-12,NOLAN BALE,29.5
2026-09-12,NOT A FAN,33.5
2026-09-12,NOT SORRY,32.0
2026-09-12,O'KEEFE,33.3
2026-09-12,OKLAHOMA BALE,31.9
2026-09-12,ONCIDIUM,31.4
2026-09-12,ONE LAST TIME,30.6
2026-09-12,ONE MORE DRAM,32.2
2026-09-12,OUR RUPEE,31.7
2026-09-12,OUT OF ELITE,30.3
2026-09-12,PABLO VENDETTA,34.6
2026-09-12,PARIS MODEL,28.1
2026-09-12,PARTY AT NOON,36.1
2026-09-12,PARTY STEPS,37.8
2026-09-12,PATH TO NIRVANA,32.9
2026-09-12,PATRIOT CILLA,30.1
2026-09-12,PATTY BOUVIER,25.2
2026-09-12,PAW BRUTUS,32.5
2026-09-12,PAW CAMPUS,26.6
2026-09-12,PAW CHEYENNE,30.6
2026-09-12,PAW ENNA,29.0
2026-09-12,PAW ESTRELLA,28.6
2026-09-12,PAW FABIAN,31.7
2026-09-12,PAW FORRESTER,30.3
2026-09-12,PAW GORDY,34.5
2026-09-12,PAW HADES,31.5
2026-09-12,PAW IRULAN,26.8
2026-09-12,PAW ISLA,28.7
2026-09-12,PAW JANNY,24.7
2026-09-12,PAW JUDAS,33.3
2026-09-12,PAW JUDD,36.0
2026-09-12,PAW KABUTO,28.1
2026-09-12,PAW KIPLIN,31.8
2026-09-12,PAW LARA,28.1
2026-09-12,PAW LARRY,30.9
2026-09-12,PAW MADDISON,24.6
2026-09-12,PAW MADDOX,28.2
2026-09-12,PAW MELODY,28.2
2026-09-12,PAW MISSY,26.8
2026-09-12,PAW MURBELLA,27.7
2026-09-12,PAW NEVADA,35.3
2026-09-12,PAW OLENA,26.5
2026-09-12,PAW OLYMPUS,31.6
2026-09-12,PAW ORENTHAL,34.0
2026-09-12,PAW ORTIZ,30.9
2026-09-12,PAW PALMER,33.6
2026-09-12,PAW PASCAL,36.1
2026-09-12,PAW QUANTUM,30.4
2026-09-12,PAW QUIVER,35.1
2026-09-12,PAW RAMELLO,26.8
2026-09-12,PAW TORONTO,32.9
2026-09-12,PAW UCARTY,29.6
2026-09-12,PAW VARNA,30.9
2026-09-12,PAW WALDORF,32.1
2026-09-12,PAW WANDA,26.5
2026-09-12,PAW XYLA,24.2
2026-09-12,PAW YARIS,27.2
2026-09-12,PAW ZHANA,29.3
2026-09-12,PERFECT RATIO,28.8
2026-09-12,PETALI,30.3
2026-09-12,PINK MOSCATO,28.0
2026-09-12,PLAYBACK,33.2
2026-09-12,PLEASANT DREAMS,33.5
2026-09-12,POINT MAN,33.5
2026-09-12,POLLY GOLD,24.9
2026-09-12,PREPARATION,24.5
2026-09-12,PRINCESS DOMI,26.2
2026-09-12,PRINCESS LASS,28.1
2026-09-12,PULLING DRAG,29.9
2026-09-12,RAA RAA KIARA,26.5
2026-09-12,RADIATE,31.5
2026-09-12,RAM RAID,37.3
2026-09-12,REDBACK EXPRESS,32.7
2026-09-12,REGAL SPENCER,32.9
2026-09-12,REIKO BLING,35.5
2026-09-12,REIKO COMET,29.9
2026-09-12,REIKO ZOOM,29.9
2026-09-12,REV GORDON,38.9
2026-09-12,REV IAN,34.5
2026-09-12,RHINE STAR,30.4
2026-09-12,RHYTHMIC ENERGY,33.0
2026-09-12,RIPPER KEV,33.2
2026-09-12,ROCKY SUPERSTAR,32.5
2026-09-12,ROLLING EXPRESS,31.0
2026-09-12,ROMANI ROAD,26.7
2026-09-12,ROSATO,29.0
2026-09-12,ROSE OPAL,28.1
2026-09-12,ROYCE VAN WINKLE,31.8
2026-09-12,RUBY'S SHOW,27.5
2026-09-12,RUNWAY BLUE,28.1
2026-09-12,RUPTURED,39.1
2026-09-12,RUSTY RANCHER,24.9
2026-09-12,SACRUM,26.4
2026-09-12,SAFELY,25.0
2026-09-12,SAFFRON MONSOON,26.0
2026-09-12,SALTY SNOOP,31.7
2026-09-12,SCOTT GNARLY,28.3
2026-09-12,SCOTT GREYSCALE,31.0
2026-09-12,SCOTT IMPOSTER,31.3
2026-09-12,SELECT MILLS,25.0
2026-09-12,SERGEANT BILKO,27.9
2026-09-12,SHAGGY BILLIE,25.3
2026-09-12,SHIMA BLUSH,33.8
2026-09-12,SHIMA LITE,30.9
2026-09-12,SIMPLY FRIENDS,29.9
2026-09-12,SIMPLY PETITE,26.5
2026-09-12,SKY WOLF,33.2
2026-09-12,SLAY,26.5
2026-09-12,SLICK NITRO,26.8
2026-09-12,SMART AS ROSE,27.7
2026-09-12,SMOOTH BEAUTY,26.8
2026-09-12,SNITCH ADAMS,32.0
2026-09-12,SOLID GROOVE,32.4
2026-09-12,SOPHIE BANJO,30.3
2026-09-12,SOUTHERN STYLE,28.8
2026-09-12,SPANISH FAWN,27.1
2026-09-12,SPECIAL SIAN,31.4
2026-09-12,SPECIAL TEAMS,26.2
2026-09-12,SPIRALLING,34.1
2026-09-12,SPORT SCOUT,29.8
2026-09-12,SPRING MILES,31.9
2026-09-12,SPRINGER'S BOY,32.9
2026-09-12,SPUD THIEF,29.6
2026-09-12,STAR REBEL,32.7
2026-09-12,STARLET BALE,27.7
2026-09-12,STIDHAM NEBRASKA,31.4
2026-09-12,STILL A BELIEVER,30.2
2026-09-12,SUBLIME,35.4
2026-09-12,SULTANS OF WIN,35.6
2026-09-12,SUPER CEVICHE,28.4
2026-09-12,SUPER SEALANT,31.2
2026-09-12,SURE PRIZE,28.9
2026-09-12,SWEET AS AVA,26.9
2026-09-12,SWEET CANNELLONI,25.3
2026-09-12,SWEET I AM,30.1
2026-09-12,SWEET LOVE,26.7
2026-09-12,TAKE A JAGUAR,33.7
2026-09-12,TAKE A PANTHER,34.4
2026-09-12,TAKE A RHINO,32.6
2026-09-12,TARBHACH,35.8
2026-09-12,TAW UNBOUND,35.8
2026-09-12,TAYLOR'S GIRL,26.8
2026-09-12,THREE VICTORY,31.2
2026-09-12,TICK RETURNS,26.0
2026-09-12,TOOTSIE,27.6
2026-09-12,TOUCH OF SIN,25.6
2026-09-12,TRENTON'S PRIDE,28.8
2026-09-12,TRIBAL ADVISOR,24.4
2026-09-12,TRISSA BALE,28.7
2026-09-12,TURBO STRIKE,26.4
2026-09-12,TWICE THE IMPACT,27.1
2026-09-12,TWO STAR MIKADO,25.8
2026-09-12,TWO TRUTHS,26.5
2026-09-12,UNCERTAIN,25.4
2026-09-12,UNCLE STILTSKIN,33.2
2026-09-12,UNIVERSE,32.8
2026-09-12,URANA ORBIT,34.5
2026-09-12,URANA PUZZLED,25.3
2026-09-12,URBAN BITES,29.4
2026-09-12,VALENZUELA,35.2
2026-09-12,VODKA AND ICE,31.5
2026-09-12,VOLTS,35.2
2026-09-12,WANT SOME,30.7
2026-09-12,WARRIOR PAGE,27.6
2026-09-12,WEBLEC JOEL,31.0
2026-09-12,WEBLEC REMMY,33.4
2026-09-12,WESTSIDE WIZARD,35.4
2026-09-12,WHAT A WROUGHT,28.1
2026-09-12,WHATEVER THRILL,27.2
2026-09-12,WHIRLY WIND,25.2
2026-09-12,WHISKEY WHISKERS,34.7
2026-09-12,WHOPPI DEVERE,30.0
2026-09-12,WILD SERENA,31.8
2026-09-12,WILDFIRE ROSE,24.7
2026-09-12,WOODY GREY,28.7
2026-09-12,WORDS,28.3
2026-09-12,WYONG HOUSTON,26.2
2026-09-12,XARA NAVY,33.7
2026-09-12,XARA'S KEITH,35.7
2026-09-12,XARA'S LEON,36.2
2026-09-12,YALE DEAN,38.2
2026-09-12,YEAH YOU,34.8
2026-09-12,YONDU BALE,35.2
2026-09-12,YOU FOUND ME,27.1
2026-09-12,ZANE'S TRAIN,31.8
2026-09-12,ZINZAN CIAN,28.1
2026-09-12,ZINZAN PLODDER,32.5
2026-09-12,ZIPPING ANDORA,28.3
2026-09-12,ZIPPING ARVADA,28.5
2026-09-12,ZIPPING ASHWIN,33.0
2026-09-12,ZIPPING DARLA,28.6
2026-09-12,ZIPPING GIDEY,26.3
2026-09-12,ZIPPING KOSTER,28.6
2026-09-12,ZIPPING MARIE,27.8
2026-09-12,ZIPPING MAUDIE,28.3
2026-09-12,ZIPPING SINGH,33.8
2026-09-13,AGENT TWENTY ONE,32.3
2026-09-13,AKINA JACK,35.2
2026-09-13,AKINA RUPEE,35.2
2026-09-13,AKINA SARI,31.6
2026-09-13,ALOFT,36.7
2026-09-13,AMRON MICK,32.5
2026-09-13,AMRON TOY,32.4
2026-09-13,ANALYZATION,34.9
2026-09-13,ANGRY MURRAY COD,33.2
2026-09-13,ANTHOLOGY,32.9
2026-09-13,ASCEND IGLOO,34.6
2026-09-13,ASSASSINATOR,32.9
2026-09-13,ASTON AQUITAINE,28.9
2026-09-13,ASTON COMMANDER,33.6
2026-09-13,ASTON HOPKINS,36.0
2026-09-13,ASTON MACHINE,33.4
2026-09-13,ASTON MISSILE,34.8
2026-09-13,ASTON OSTUNI,28.0
2026-09-13,ASTON TIMPANA,28.1
2026-09-13,AUSSIE MOSS,30.9
2026-09-13,AUTUMN ROSE,26.5
2026-09-13,AYDEN'S WARRIOR,33.3
2026-09-13,BAILIESTON,25.5
2026-09-13,BALDING SANDY,28.8
2026-09-13,BAROOGA JIM,32.0
2026-09-13,BEAUTY BEAST,32.4
2026-09-13,BERRINGA PADDY,28.0
2026-09-13,BICEP,31.9
2026-09-13,BLACK ATMOS,31.9
2026-09-13,BLACK THUMB,31.5
2026-09-13,BOMB OVER,31.9
2026-09-13,BRIMSON BANNER,28.1
2026-09-13,BRINDLE SURPRISE,33.4
2026-09-13,BROKEN HALO,35.2
2026-09-13,BROOKLYN GIRL,28.6
2026-09-13,BUBBA RAY BANNER,31.2
2026-09-13,BULA,31.4
2026-09-13,BULL ROSE,32.4
2026-09-13,CANYA EXCITE ME,29.7
2026-09-13,CANYA TORNADO,35.8
2026-09-13,CATCH SOME RAYS,36.0
2026-09-13,CHAMPLAIN,28.4
2026-09-13,CHILL OUT PLATE,30.8
2026-09-13,CLEAR SLATE,31.7
2026-09-13,CLEO'S STAR,27.2
2026-09-13,COMANCHE CHIEF,33.5
2026-09-13,COMMANCHE JACK,31.0
2026-09-13,COUNT THE STARS,30.8
2026-09-13,CRACKERJACK LES,34.7
2026-09-13,CUMULATE,34.1
2026-09-13,DAINTREE GAV,34.3
2026-09-13,DAINTREE MAGGIE,32.6
2026-09-13,DAINTREE RON,29.8
2026-09-13,DARING BANDIT,28.3
2026-09-13,DASH PARR,31.5
2026-09-13,DERRY,33.9
2026-09-13,DIRTY FERNANDO,32.7
2026-09-13,DIVOT,31.1
2026-09-13,DR. AURORA,28.7
2026-09-13,DR. AXEL,33.3
2026-09-13,DR. BURMA,25.2
2026-09-13,DR. DOLORES,26.3
2026-09-13,DR. EXCLAIM,37.3
2026-09-13,DR. FALLON,28.0
2026-09-13,DR. FANATICAL,37.9
2026-09-13,DR. LEVIATE,28.4
2026-09-13,DR. LOUIS,31.9
2026-09-13,DR. ODIN,33.2
2026-09-13,DR. POSEIDON,30.6
2026-09-13,DR. TANYA,25.8
2026-09-13,DR. WARREN,36.1
2026-09-13,DR. YORK,31.5
2026-09-13,DR. ZAIDEN,31.4
2026-09-13,DUNDEE SKYE,28.6
2026-09-13,ELECTRA OPAL,26.4
2026-09-13,ELECTROJET,32.7
2026-09-13,ELITE INTENTION,33.0
2026-09-13,ENGELKE ROAD,32.8
2026-09-13,ESPECIAL KAI,32.4
2026-09-13,ESPOIR,25.8
2026-09-13,EVENTUATE,25.8
2026-09-13,EVIL EYE,35.0
2026-09-13,EXTREMITY,34.1
2026-09-13,FAST REPLY,37.6
2026-09-13,FERNLEY GIRL,28.1
2026-09-13,FLASH OF GENIUS,32.8
2026-09-13,FLYING ROYCE,34.8
2026-09-13,FLYWHEEL JESS,25.7
2026-09-13,FOXY BARBELLA,30.4
2026-09-13,FURIOUS FALCON,32.7
2026-09-13,GALLEYWOOD,39.4
2026-09-13,GLOWING,29.9
2026-09-13,GO FISH,33.5
2026-09-13,GOBLIN,26.1
2026-09-13,GOLD CLASS COOL,29.9
2026-09-13,GOOD ODDS ROCKY,35.9
2026-09-13,GORRINGE,30.6
2026-09-13,GUNAI RAMBO,32.7
2026-09-13,HABITAT,26.2
2026-09-13,HAMMER ROSE,31.4
2026-09-13,HAPPY BUDDHA,32.6
2026-09-13,HAPPY CHICK,26.5
2026-09-13,HAY RILEY,30.0
2026-09-13,HE'S MAGIC,29.1
2026-09-13,HECTOR DARCY,36.3
2026-09-13,HER TWELVE STEP,28.7
2026-09-13,HIGH FIVE INDI,29.1
2026-09-13,HOLLY ROSE,28.0
2026-09-13,HOT SUMMER SKY,28.0
2026-09-13,HOUSE OF SINS,35.9
2026-09-13,IMAGINATION,38.6
2026-09-13,IMPETUOUSLY,29.1
2026-09-13,IT'S A CHAPPLE,29.4
2026-09-13,IVORY INZAI,31.5
2026-09-13,IVORY MIHARA,27.0
2026-09-13,JET SPRINT,37.2
2026-09-13,JETTY JUMPER,38.0
2026-09-13,JOEY THE JET,35.9
2026-09-13,JOROGUMO,33.5
2026-09-13,JUMBUK FUNI,26.0
2026-09-13,JUMBUK WANG WANG,28.8
2026-09-13,JUST BREATHE,34.1
2026-09-13,JUST THIRTY DAYS,34.0
2026-09-13,KISS FOR CASH,29.4
2026-09-13,KOBE ROSE,36.9
2026-09-13,LACRIMAL,31.4
2026-09-13,LADY GUNAI,28.2
2026-09-13,LAKEVIEW IAN,35.6
2026-09-13,LAKEVIEW LIAM,35.9
2026-09-13,LAKEVIEW SKY,28.3
2026-09-13,LAKEVIEW SNEAKY,36.1
2026-09-13,LAKEVIEW TRACKER,33.5
2026-09-13,LIES YOU SOLD,33.6
2026-09-13,LILLY ZOOM,27.1
2026-09-13,LILY PIG,28.6
2026-09-13,LITTLE WEASEL,26.3
2026-09-13,LOCO BOOM,31.7
2026-09-13,LOUD MOUTH LOUIE,33.9
2026-09-13,LOUIE LOUIE,33.6
2026-09-13,LUMBAR,26.1
2026-09-13,MABEL LEE ROSE,26.6
2026-09-13,MACKENZIE ROSE,27.2
2026-09-13,MAD HATTER ROSE,28.6
2026-09-13,MADAM SERIOUS,30.2
2026-09-13,MAGIC LOKI,33.4
2026-09-13,MAJOR ILLUSION,33.9
2026-09-13,MALAKAI ROSE,33.9
2026-09-13,MANIFESTO,28.5
2026-09-13,MATILDA ROSE,27.8
2026-09-13,MAX PEARL,30.4
2026-09-13,MAXIMUM PENALTY,29.8
2026-09-13,MEANINGFUL,25.8
2026-09-13,MELVIN BALE,31.4
2026-09-13,MEPUNGA DONNA,29.0
2026-09-13,MEPUNGA LARA,27.0
2026-09-13,MEPUNGA SUMMIT,31.7
2026-09-13,MIDNIGHT TEARS,27.2
2026-09-13,MIGHTY MIKADO,33.7
2026-09-13,MILE A MINUTE,36.7
2026-09-13,MISTER RICO,33.3
2026-09-13,MOSI,35.4
2026-09-13,MR. PRESIDENT,35.9
2026-09-13,MRS. CHIVES,26.2
2026-09-13,MUMS PEARL,30.5
2026-09-13,MY MATE LEO,32.6
2026-09-13,MY MIRROR QUEEN,27.4
2026-09-13,MYSTIC DANCER,28.4
2026-09-13,NEGATIVE NIBBS,34.9
2026-09-13,NO EXIT,37.4
2026-09-13,NOT PERFECT,35.3
2026-09-13,O'KEEFE,33.3
2026-09-13,ODDLY COOL,34.5
2026-09-13,OKLAHOMA BALE,31.9
2026-09-13,OLD HABITS,33.7
2026-09-13,OMEGA KIANNA,24.3
2026-09-13,ONE KNEE NONI,31.9
2026-09-13,ONE MORE DRAM,32.2
2026-09-13,PATRIOT BURST,33.9
2026-09-13,PATTY BOUVIER,25.2
2026-09-13,PAW ALLESANDRA,27.4
2026-09-13,PAW BRUTUS,32.5
2026-09-13,PAW FABIAN,31.7
2026-09-13,PAW GORDY,34.5
2026-09-13,PAW HADES,31.5
2026-09-13,PAW INGRID,27.4
2026-09-13,PAW ISLA,28.7
2026-09-13,PAW JANNY,24.7
2026-09-13,PAW JELANI,33.2
2026-09-13,PAW MADDISON,24.6
2026-09-13,PAW ORENTHAL,34.0
2026-09-13,PAW QUIVER,35.1
2026-09-13,PAW TORONTO,32.9
2026-09-13,PAW VARNA,30.9
2026-09-13,PAW VINCE,30.4
2026-09-13,PAW WALDO,34.4
2026-09-13,PAW ZENITH,33.0
2026-09-13,PAW ZHANA,29.3
2026-09-13,PERIODICAL,31.7
2026-09-13,PETALI,30.3
2026-09-13,PLEASANT DREAMS,33.5
2026-09-13,PORANGI MOOSE,31.8
2026-09-13,POWER EDITION,32.7
2026-09-13,RAGING ELSA,28.3
2026-09-13,RAGING STORM,32.8
2026-09-13,REGAL SPENCER,32.9
2026-09-13,RELATABLE,37.6
2026-09-13,REMARKS,29.9
2026-09-13,REV GORDON,38.9
2026-09-13,REV IAN,34.5
2026-09-13,RIGHT PATH,31.8
2026-09-13,RING,34.7
2026-09-13,ROADS END,32.2
2026-09-13,ROARING ENGINE,31.9
2026-09-13,ROCKET SCIENCE,33.1
2026-09-13,ROYCE VAN WINKLE,31.8
2026-09-13,RUNWAY BLUE,28.1
2026-09-13,SAFFRON MONSOON,26.0
2026-09-13,SAILAWAY GIN,28.4
2026-09-13,SANDY MIKADO,26.3
2026-09-13,SANTANA BOY,35.0
2026-09-13,SCOTT GNARLY,28.3
2026-09-13,SCOTT GREYSCALE,31.0
2026-09-13,SCOTT IMPOSTER,31.3
2026-09-13,SCOUT ACE,28.3
2026-09-13,SECRET'S FREE,27.3
2026-09-13,SHIMA BLUSH,33.8
2026-09-13,SKI BOOTS,35.5
2026-09-13,SLICK NITRO,26.8
2026-09-13,SMART AS YOU,36.4
2026-09-13,SMART ROSCOE,32.4
2026-09-13,SMILING LILY,26.2
2026-09-13,SPIRALLING,34.1
2026-09-13,SPRING MILES,31.9
2026-09-13,STARLET BALE,27.7
2026-09-13,STARTING OUT,33.5
2026-09-13,STIDHAM NEBRASKA,31.4
2026-09-13,STORM BREWING,26.2
2026-09-13,STREET LEGAL,31.1
2026-09-13,SUMMER KOBIE,33.4
2026-09-13,TAILS OF TERROR,26.4
2026-09-13,TAKE HIS CASH,30.6
2026-09-13,TARBHACH,35.8
2026-09-13,TREBLE BEERS,33.1
2026-09-13,TROPIC MAN,40.5
2026-09-13,UNCLE STILTSKIN,33.2
2026-09-13,URANA ORBIT,34.5
2026-09-13,VALENZUELA,35.2
2026-09-13,VESTA BALE,27.8
2026-09-13,VODKA AND ICE,31.5
2026-09-13,WANT SOME,30.7
2026-09-13,WAX OFF,33.8
2026-09-13,WEBLEC JOEL,31.0
2026-09-13,WHISKEY WHISKERS,34.7
2026-09-13,WHY NOT IRIS,28.4
2026-09-13,WHY NOT OLIVIA,28.0
2026-09-13,WYONG HOUSTON,26.2
2026-09-13,XARA NAVY,33.7
2026-09-13,XARA'S KEITH,35.7
2026-09-13,XARA'S LEON,36.2
2026-09-13,YALE DEAN,38.2
2026-09-13,ZIPPING ANDORA,28.3
2026-09-13,ZIPPING KOSTER,28.6
2026-09-13,ZIPPING NUTTALL,25.3
2026-09-13,ZIPPING SANDCHEZ,33.8
2026-09-13,ZIPPING SINGH,33.8
2026-09-14,ADHANA ROY,31.7
2026-09-14,AGENT TWENTY ONE,32.3
2026-09-14,AKINA JACK,35.2
2026-09-14,AKINA RUPEE,35.2
2026-09-14,AKINA SARI,31.6
2026-09-14,ALFIE TANGO,37.5
2026-09-14,ALOFT,36.7
2026-09-14,ALWAYS SPEEDY,27.7
2026-09-14,AMRON MICK,32.5
2026-09-14,ANALYZATION,34.9
2026-09-14,ANCONA,30.4
2026-09-14,ANGRY MURRAY COD,33.2
2026-09-14,ANNIE'S REGRET,26.7
2026-09-14,ANTHOLOGY,32.9
2026-09-14,ANY ACE BRONTE,24.9
2026-09-14,APACHE GOLD,30.5
2026-09-14,ARCHER SWEET,33.7
2026-09-14,ASCEND IGLOO,34.6
2026-09-14,ASSUME FLOPPY,32.1
2026-09-14,ASTON ABRAFO,33.4
2026-09-14,ASTON COMMANDER,33.6
2026-09-14,ASTON ELLIE,27.2
2026-09-14,ASTON EXCESS,35.2
2026-09-14,ASTON HOPKINS,36.0
2026-09-14,ASTON JOSEPH,34.6
2026-09-14,ASTON KILLARA,25.6
2026-09-14,ASTON KRISTEN,26.8
2026-09-14,ASTON MAJOR,32.6
2026-09-14,ASTON MANDLA,31.7
2026-09-14,ASTON NEUTRON,35.3
2026-09-14,ASTON OSTUNI,28.0
2026-09-14,ASTON TIMPANA,28.1
2026-09-14,ASTON VALHALLA,28.9
2026-09-14,ASTOR ONES,28.3
2026-09-14,ATHENS AURA,24.2
2026-09-14,ATTICUS,28.1
2026-09-14,AUNTY CHERYL,28.8
2026-09-14,AUTUMN ROSE,26.5
2026-09-14,BAMBI'S PRIDE,28.4
2026-09-14,BAMBOO RUPEE,28.1
2026-09-14,BAROOGA JIM,32.0
2026-09-14,BAROOGA KING,34.1
2026-09-14,BEAUTY BEAST,32.4
2026-09-14,BELAIR BLUE,31.1
2026-09-14,BELLY RUBS,35.1
2026-09-14,BEN SHIRAZ,33.3
2026-09-14,BERRINGA PADDY,28.0
2026-09-14,BEYOND EASY,31.2
2026-09-14,BICEP,31.9
2026-09-14,BIG BARREL,34.2
2026-09-14,BITTY BUT,24.4
2026-09-14,BLACK ATMOS,31.9
2026-09-14,BLACK XENA,28.7
2026-09-14,BLACKBERRY JUICE,29.9
2026-09-14,BLAME KARISSA,27.1
2026-09-14,BLAZING BLUE ICE,28.2
2026-09-14,BONNIE BEAUTIFUL,26.0
2026-09-14,BORACAY BELLA,28.9
2026-09-14,BOUNDING CHIEF,36.6
2026-09-14,BRAGGING RIGHTS,32.1
2026-09-14,BREAKING CURFEW,24.0
2026-09-14,BRIMSON BANNER,28.1
2026-09-14,BRINDLE SURPRISE,33.4
2026-09-14,BROKEN HALO,35.2
2026-09-14,BROTHER BUB,31.4
2026-09-14,BROTHER EASY,30.5
2026-09-14,BUBBA RAY BANNER,31.2
2026-09-14,BUCK SHINES,37.0
2026-09-14,BULA,31.4
2026-09-14,BULL ROSE,32.4
2026-09-14,BUN QUAKE,30.5
2026-09-14,CALABRESE,31.7
2026-09-14,CALCEUS,30.3
2026-09-14,CAN DO GRACE,25.6
2026-09-14,CAN SHE YAP,27.9
2026-09-14,CARNIVAL KID,33.7
2026-09-14,CATCH SOME RAYS,36.0
2026-09-14,CHAIN DRIVE,33.0
2026-09-14,CHEEKY ALESSIA,29.5
2026-09-14,CHEEKY MEEKI,28.6
2026-09-14,CHEEKY MILA,28.4
2026-09-14,CHEEKY TEMPER,25.7
2026-09-14,CHEER FOR DITTO,31.5
2026-09-14,CHIEF HAMISH,33.9
2026-09-14,CHILL OUT PLATE,30.8
2026-09-14,CINDY CABANG,30.7
2026-09-14,CLARETOWN BLUEY,36.4
2026-09-14,CLEAR SLATE,31.7
2026-09-14,COLLECTIVE KAOS,29.9
2026-09-14,COMANCHE CHIEF,33.5
2026-09-14,COME ON FOX,28.6
2026-09-14,COMEBACK CHARLIE,30.3
2026-09-14,COMMANCHE JACK,31.0
2026-09-14,CONUS,36.5
2026-09-14,CRACKERJACK GREG,32.5
2026-09-14,CRACKERJACK LES,34.7
2026-09-14,CREATIVITY,32.8
2026-09-14,CRIKEY MATE,29.1
2026-09-14,CRUISING NAT,28.1
2026-09-14,CRUSH YOUR RUSH,33.5
2026-09-14,CRUZADO,37.2
2026-09-14,CUCUZZA,31.2
2026-09-14,CUMULATE,34.1
2026-09-14,DADDY COOL,35.0
2026-09-14,DAINTREE GAV,34.3
2026-09-14,DAINTREE MAGGIE,32.6
2026-09-14,DAINTREE RON,29.8
2026-09-14,DAINTREE SPIRIT,29.6
2026-09-14,DARING BANDIT,28.3
2026-09-14,DARK MIRACLE,32.5
2026-09-14,DASH EXPRESS,33.1
2026-09-14,DASH INTENTION,25.0
2026-09-14,DAZZLING DYNAMO,32.5
2026-09-14,DEAL 'EM HIGH,27.6
2026-09-14,DEL AMITRI,31.6
2026-09-14,DELATITE BEAST,34.0
2026-09-14,DESTINI KADALI,27.1
2026-09-14,DESTINI LORENZO,33.8
2026-09-14,DEVIL'S SYMPATHY,31.0
2026-09-14,DIMORA PATCH,33.4
2026-09-14,DIMORA STRIPEY,26.0
2026-09-14,DIRTY FERNANDO,32.7
2026-09-14,DIVOT,31.1
2026-09-14,DOONGALLA EVE,27.8
2026-09-14,DOONGALLA JUSTIN,32.7
2026-09-14,DOONGALLA SHAZIA,24.9
2026-09-14,DR. AURORA,28.7
2026-09-14,DR. AXEL,33.3
2026-09-14,DR. BURMA,25.2
2026-09-14,DR. DOLORES,26.3
2026-09-14,DR. EXCLAIM,37.3
2026-09-14,DR. FALLON,28.0
2026-09-14,DR. FANATICAL,37.9
2026-09-14,DR. LEVIATE,28.4
2026-09-14,DR. LOUIS,31.9
2026-09-14,DR. ODIN,33.2
2026-09-14,DR. POSEIDON,30.6
2026-09-14,DR. TANYA,25.8
2026-09-14,DR. WARREN,36.1
2026-09-14,DR. YORK,31.5
2026-09-14,DR. ZAIDEN,31.4
2026-09-14,DROP FIFTY,35.2
2026-09-14,DUNDEE SKYE,28.6
2026-09-14,EAGLE TEGAN,26.6
2026-09-14,ELECTRA OPAL,26.4
2026-09-14,ELECTROJET,32.7
2026-09-14,ELEVATE,32.4
2026-09-14,ELEVENTH SCOTCH,31.7
2026-09-14,ELITE INTENTION,33.0
2026-09-14,ELSWYK SID,35.0
2026-09-14,ENERGY KISS,30.4
2026-09-14,ESPECIAL KAI,32.4
2026-09-14,EVENTFUL DASH,27.9
2026-09-14,EVIL EYE,35.0
2026-09-14,EXCITABLE DASH,26.5
2026-09-14,EXTREMITY,34.1
2026-09-14,EZARD DASH,28.2
2026-09-14,FADE OUT,27.8
2026-09-14,FERNLEY GIRL,28.1
2026-09-14,FERRET'S KNOCK,26.8
2026-09-14,FIRE RATED,34.8
2026-09-14,FLASH OF GENIUS,32.8
2026-09-14,FLYING BESSIE,27.9
2026-09-14,FLYING BOSS,24.6
2026-09-14,FLYING ROGUE,27.3
2026-09-14,FLYING SARA,28.9
2026-09-14,FLYWHEEL JESS,25.7
2026-09-14,FOLLOW THAT TUNE,30.6
2026-09-14,FORGETTING,25.5
2026-09-14,FRANKIE'S ROCKET,30.8
2026-09-14,FREE STATE,24.9
2026-09-14,FRIDA SCIENCE,25.0
2026-09-14,FULL BORE BUSTER,31.4
2026-09-14,FULL BORE LISA,29.5
2026-09-14,FULL NOISE,33.6
2026-09-14,FURIOUS FALCON,32.7
2026-09-14,GLOWING,29.9
2026-09-14,GO BARBARA,27.1
2026-09-14,GO FISH,33.5
2026-09-14,GO PIKACHU,34.8
2026-09-14,GO STEVIE,33.6
2026-09-14,GOBLIN,26.1
2026-09-14,GOLD STRIPES,32.1
2026-09-14,GOLD TAG,30.9
2026-09-14,GOOD ODDS ROCKY,35.9
2026-09-14,GOT A MESSAGE,31.2
2026-09-14,GRAFFITI,34.8
2026-09-14,GRAVITY SHIFT,33.2
2026-09-14,GRUMPY LION,33.3
2026-09-14,GUNAI ASH,23.6
2026-09-14,GUNAI RAMBO,32.7
2026-09-14,HABITAT,26.2
2026-09-14,HAMMER ROSE,31.4
2026-09-14,HAPPY BUDDHA,32.6
2026-09-14,HAPPY CHICK,26.5
2026-09-14,HARTLAND WILLOW,27.2
2026-09-14,HAY RILEY,30.0
2026-09-14,HEAVENLY STUN ON,29.3
2026-09-14,HER TWELVE STEP,28.7
2026-09-14,HOLLY BLUE GIRL,25.6
2026-09-14,HOLLY ROSE,28.0
2026-09-14,HONEY STIRRER,30.3
2026-09-14,HOT SUMMER SKY,28.0
2026-09-14,HOW HIGH,29.8
2026-09-14,IAN ALBERT,32.6
2026-09-14,ILIUM,25.9
2026-09-14,IMAGINATION,38.6
2026-09-14,IMPETUOUSLY,29.1
2026-09-14,IMPRESS JOE,28.6
2026-09-14,INDY GRANT,27.7
2026-09-14,INDY'S CHARM,30.4
2026-09-14,INGA RYDER,30.0
2026-09-14,IS HE LUCKY,33.6
2026-09-14,IT'S A CHAPPLE,29.4
2026-09-14,IT'S BUBBLE TIME,30.5
2026-09-14,IT'S LATE,29.5
2026-09-14,IT'S SOYSAGES,31.7
2026-09-14,JACKPOT CASH,28.0
2026-09-14,JET SPRINT,37.2
2026-09-14,JETSTREAM ICON,32.8
2026-09-14,JILLIBY PIXIE,28.0
2026-09-14,JOAN'S GEM,28.9
2026-09-14,JOEY THE JET,35.9
2026-09-14,JOHNNY'S REVENGE,35.0
2026-09-14,JUMBUK FUNI,26.0
2026-09-14,JUMBUK WANG WANG,28.8
2026-09-14,JUNGLE FIREBALL,35.6
2026-09-14,JUST BREATHE,34.1
2026-09-14,JUST QUICKLY,28.4
2026-09-14,JUST THIRTY DAYS,34.0
2026-09-14,KANSAS RAIDER,33.9
2026-09-14,KATE'S RIFT,26.6
2026-09-14,KEIJON BARNY,30.0
2026-09-14,KIOWA ICON,28.9
2026-09-14,KOBE ROSE,36.9
2026-09-14,KRAKEN MAIN,26.8
2026-09-14,KRAKEN SANDY,34.4
2026-09-14,KRAKEN WESTERN,31.4
2026-09-14,LACRIMAL,31.4
2026-09-14,LADY GUNAI,28.2
2026-09-14,LAKEVIEW LIAM,35.9
2026-09-14,LAKEVIEW MITCH,37.3
2026-09-14,LAKEVIEW SKY,28.3
2026-09-14,LAKEVIEW TRACKER,33.5
2026-09-14,LASERHAWK,33.0
2026-09-14,LEKTRA HOPPER,32.8
2026-09-14,LEKTRA STING,32.9
2026-09-14,LEMNOS LASS,28.1
2026-09-14,LES NORTON,30.3
2026-09-14,LIES YOU SOLD,33.6
2026-09-14,LIL COCKATOO,26.5
2026-09-14,LILLY ZOOM,27.1
2026-09-14,LILLY'S WISH,23.4
2026-09-14,LILY PIG,28.6
2026-09-14,LINDENOW BUFFY,27.3
2026-09-14,LITTLE ARUGULA,25.0
2026-09-14,LITTLE WEASEL,26.3
2026-09-14,LIVE FOREVER,25.1
2026-09-14,LOCO BOOM,31.7
2026-09-14,LOOK AT KATH,26.1
2026-09-14,LOUD MOUTH LOUIE,33.9
2026-09-14,LOUIE LOUIE,33.6
2026-09-14,LOVE NOTE,27.3
2026-09-14,LUMBAR,26.1
2026-09-14,LUNA'S GIRL,32.9
2026-09-14,LUNAR MISSILE,27.8
2026-09-14,MABEL LEE ROSE,26.6
2026-09-14,MACKENZIE ROSE,27.2
2026-09-14,MAD HATTER ROSE,28.6
2026-09-14,MADAM SERIOUS,30.2
2026-09-14,MAGIC BULLSEYE,30.6
2026-09-14,MAJOR ILLUSION,33.9
2026-09-14,MAJOR JEALOUS,30.7
2026-09-14,MALAKAI ROSE,33.9
2026-09-14,MANA'S WAY,31.0
2026-09-14,MARKET JET,37.8
2026-09-14,MATILDA ROSE,27.8
2026-09-14,MAX PEARL,30.4
2026-09-14,MAXIMUM ELLY,28.4
2026-09-14,MAXIMUM PENALTY,29.8
2026-09-14,MAXIMUM RUBY,26.1
2026-09-14,MAXIMUM SILVER,28.0
2026-09-14,MEPUNGA SANDY,28.0
2026-09-14,MIDNIGHT TEARS,27.2
2026-09-14,MIGHTY MIKADO,33.7
2026-09-14,MILE A MINUTE,36.7
2026-09-14,MISS  KIT,27.4
2026-09-14,MISS JAZZ,25.6
2026-09-14,MISS JECKELL,28.5
2026-09-14,MISS MY BROTHER,28.4
2026-09-14,MISS ROGUE,27.3
2026-09-14,MISS SUNDOWN,29.0
2026-09-14,MISTER MANFREDI,36.7
2026-09-14,MISTY BLUE,24.4
2026-09-14,MONARCH,29.2
2026-09-14,MONUMENT,32.0
2026-09-14,MOONLIGHT JAZZ,26.7
2026-09-14,MORAINE DAMIAN,33.1
2026-09-14,MORAINE GRACE,28.0
2026-09-14,MORAINE KOBY,34.0
2026-09-14,MORAINE QUINN,27.7
2026-09-14,MORAINE TREVOR,31.4
2026-09-14,MORNING,33.3
2026-09-14,MOSI,35.4
2026-09-14,MR. BLUEY LEE,32.1
2026-09-14,MR. OLAF,34.4
2026-09-14,MR. PRESIDENT,35.9
2026-09-14,MR. WALSH,35.0
2026-09-14,MRS. CHIVES,26.2
2026-09-14,MRS. TIGGYWINKLE,28.6
2026-09-14,MUG SCIENCE,31.9
2026-09-14,MUMS PEARL,30.5
2026-09-14,MUSTANG SABRINA,23.4
2026-09-14,MY MIRROR QUEEN,27.4
2026-09-14,MYOLA DUSK,28.7
2026-09-14,MYOLA THALIA,28.6
2026-09-14,MYOLA THUNDER,32.3
2026-09-14,MYSTIC DANCER,28.4
2026-09-14,MYSTIC PHARAOH,30.6
2026-09-14,NANGAR MACIE,24.9
2026-09-14,NEGATIVE NIBBS,34.9
2026-09-14,NEW SHERIFF,36.6
2026-09-14,NO EXIT,37.4
2026-09-14,NO STOP SIGNS,34.7
2026-09-14,NOLAN BALE,29.6
2026-09-14,NOSEY PARKER,35.6
2026-09-14,NOT PERFECT,35.3
2026-09-14,NUNNIONG GOLD,25.7
2026-09-14,ODDLY COOL,34.5
2026-09-14,OFF THE BEER,34.1
2026-09-14,OH BISCUIT,26.7
2026-09-14,OKAY ALF,35.3
2026-09-14,OLD HABITS,33.7
2026-09-14,OMEGA KIANNA,24.3
2026-09-14,ON SONG ICE,32.4
2026-09-14,ONE KNEE NONI,31.9
2026-09-14,ONE SUGAR,27.9
2026-09-14,PATRIOT BURST,33.9
2026-09-14,PAW ALLESANDRA,27.4
2026-09-14,PAW CORA,26.5
2026-09-14,PAW EDEN,28.4
2026-09-14,PAW ERIS,27.2
2026-09-14,PAW INFLAME,33.0
2026-09-14,PAW INGRID,27.4
2026-09-14,PAW IROHA,29.1
2026-09-14,PAW JAMILA,26.2
2026-09-14,PAW JELANI,33.2
2026-09-14,PAW JERRY,32.4
2026-09-14,PAW KENTA,29.6
2026-09-14,PAW KIPLIN,32.4
2026-09-14,PAW LONDON,25.6
2026-09-14,PAW MINTY,24.2
2026-09-14,PAW NORBERT,36.3
2026-09-14,PAW OPERA,27.0
2026-09-14,PAW PASCAL,36.1
2026-09-14,PAW QUANDA,28.1
2026-09-14,PAW RIVAL,31.9
2026-09-14,PAW VINCE,30.4
2026-09-14,PAW VITALI,28.7
2026-09-14,PAW WALDO,34.4
2026-09-14,PAW WHISPER,25.3
2026-09-14,PAW WONDER,30.3
2026-09-14,PAW XANTHIE,26.3
2026-09-14,PAW XELA,25.2
2026-09-14,PAW ZANY,25.2
2026-09-14,PAW ZENITH,33.0
2026-09-14,PEAKY AVENGER,27.0
2026-09-14,PENNY'S LEGACY,24.3
2026-09-14,PEPPER PIE,29.9
2026-09-14,PERFECT RATIO,28.7
2026-09-14,PERIODICAL,31.7
2026-09-14,PICCOLINO,24.6
2026-09-14,PLAIN SAINT,33.7
2026-09-14,POINT BREAK,33.7
2026-09-14,POINT THE FINGER,29.5
2026-09-14,PORANGI MOOSE,31.8
2026-09-14,POWER AFFECT,31.1
2026-09-14,POWER EDITION,32.7
2026-09-14,POWER PLAY,32.0
2026-09-14,PRETTY PANAMA,27.8
2026-09-14,PRICKLE,28.4
2026-09-14,QUEST FOR STYLE,27.9
2026-09-14,RAGING ELSA,28.3
2026-09-14,RAGING STORM,32.8
2026-09-14,RAKIN' IT IN,33.0
2026-09-14,RANGER RIOT,34.0
2026-09-14,RAVEN XANDER,29.3
2026-09-14,REANNA'S PRIDE,27.0
2026-09-14,REBEL THINKER,29.2
2026-09-14,RELATABLE,37.6
2026-09-14,REMARKS,29.9
2026-09-14,REMI RIOT,25.3
2026-09-14,REV KEN,33.8
2026-09-14,RIGHT PATH,31.8
2026-09-14,RING,34.7
2026-09-14,RITA SKEETER,28.9
2026-09-14,ROADS END,32.2
2026-09-14,ROARING ENGINE,31.9
2026-09-14,ROCKET SCIENCE,33.1
2026-09-14,ROLLING EXPRESS,31.0
2026-09-14,RUXTON GIRL,26.0
2026-09-14,SAILAWAY GIN,28.4
2026-09-14,SAINT JADE,27.2
2026-09-14,SAINT MICK,31.5
2026-09-14,SAINT RAINE,27.3
2026-09-14,SALTY SNOOP,31.9
2026-09-14,SANDY MIKADO,26.3
2026-09-14,SANTANA BOY,35.0
2026-09-14,SASSY LAD,34.8
2026-09-14,SCOTT GREYSCALE,31.0
2026-09-14,SCOTT VICIOUS,30.6
2026-09-14,SCOUT ACE,28.3
2026-09-14,SECRET'S FREE,27.3
2026-09-14,SEVEN SAMURAI,34.0
2026-09-14,SHAGGY PRINCESS,28.4
2026-09-14,SHE'S ALLURING,26.6
2026-09-14,SHEIKH OF TWEAK,31.4
2026-09-14,SHOOTERS PROJECT,32.7
2026-09-14,SHOULD BE QUEEN,25.3
2026-09-14,SHREK'S BROTHER,33.3
2026-09-14,SHY CABANG,31.4
2026-09-14,SILKEN KENNEDY,29.8
2026-09-14,SKI BOOTS,35.5
2026-09-14,SMALLER ACTS,40.0
2026-09-14,SMART AS YOU,36.4
2026-09-14,SMART ROSCOE,32.4
2026-09-14,SMILEY MIA,24.9
2026-09-14,SMILING LILY,26.2
2026-09-14,SNAPPER HEAD,29.2
2026-09-14,SNAPS,30.5
2026-09-14,SNOWBALL ONE,26.8
2026-09-14,SO SAY ME,29.0
2026-09-14,SOLAR JESSIE,25.8
2026-09-14,SOLAR TESS,26.0
2026-09-14,SOUTH THAILAND,31.0
2026-09-14,SPARK LIGHTNING,30.9
2026-09-14,SPRING LAVER,34.8
2026-09-14,STAR BLUEY,32.2
2026-09-14,STAR MELI,27.2
2026-09-14,STARBRIGHT HUD,28.9
2026-09-14,STARTING OUT,33.5
2026-09-14,STIPULATED,21.9
2026-09-14,STORM,27.8
2026-09-14,STORM BREWING,26.2
2026-09-14,STORM COMING,32.0
2026-09-14,STREET LEGAL,31.1
2026-09-14,SUMMER HAIL,28.7
2026-09-14,SUMMER KOBIE,33.4
2026-09-14,SUNNY STRIDE,34.2
2026-09-14,SUPER CEVICHE,28.7
2026-09-14,SUPER MAX,36.4
2026-09-14,SUPER SAM,31.6
2026-09-14,SUPER SEALANT,31.6
2026-09-14,SUSTAINABLE,25.4
2026-09-14,TAG ALONG,32.0
2026-09-14,TAILS OF TERROR,26.4
2026-09-14,TAKE HIS CASH,30.6
2026-09-14,TALLANGATTA,33.0
2026-09-14,TALTARNI BLUE,30.1
2026-09-14,TALTARNI LANE,27.9
2026-09-14,TALTARNI SUZY,28.3
2026-09-14,THERMAL FIRE,27.4
2026-09-14,THREE VOTES NICK,31.4
2026-09-14,TIGER MOTH,32.4
2026-09-14,TINKER RAYS,31.0
2026-09-14,TINKER SPOT,27.2
2026-09-14,TO PERU,27.7
2026-09-14,TOSS IT UP,28.6
2026-09-14,TOUCH OF SIN,25.5
2026-09-14,TRACKING YOU,32.5
2026-09-14,TREBLE BEERS,33.1
2026-09-14,TROPIC MAN,40.5
2026-09-14,TRUE RAGE,31.0
2026-09-14,TURN UP TURBO,33.4
2026-09-14,TWICE THE IMPACT,27.3
2026-09-14,ULTRA PUB RUN,32.0
2026-09-14,UNITED GEORGE,31.0
2026-09-14,UNIVERSE,32.8
2026-09-14,VALLETTA PEARL,26.9
2026-09-14,VERA JAKIT,29.3
2026-09-14,VESTA BALE,27.8
2026-09-14,VICE LIKE GRIP,31.3
2026-09-14,VIKING RULER,31.1
2026-09-14,WANGARATTA QUEEN,30.4
2026-09-14,WANT SOME,30.7
2026-09-14,WAX OFF,33.8
2026-09-14,WEST END BOY,34.7
2026-09-14,WESTAR LEO,34.3
2026-09-14,WHAT CLASS,26.2
2026-09-14,WHAT ODDS BILLY,32.5
2026-09-14,WHIRLWIND NISEKO,32.7
2026-09-14,WHY MUMMY,30.9
2026-09-14,WHY NOT IRIS,28.4
2026-09-14,WHY NOT OLIVIA,28.0
2026-09-14,WILBERT,30.3
2026-09-14,WIZARD WATSON,35.4
2026-09-14,YOUNG RUFUS,30.8
2026-09-14,ZAMBADA ICON,33.4
2026-09-14,ZAWADI,28.3
2026-09-14,ZENYATTA,28.8
2026-09-14,ZIPPING BANGALOW,32.5
2026-09-14,ZIPPING CHOI,30.4
2026-09-14,ZIPPING LILO,28.0
2026-09-14,ZIPPING NUTTALL,25.3
2026-09-14,ZIPPING POPYRIN,33.2
2026-09-14,ZIPPING SANDCHEZ,33.8
2026-09-14,ZIPPING UNA,30.8
2026-09-14,ZORBAY,26.9
2026-09-15,ABRACADABRA,27.6
2026-09-15,ADHANA ROY,31.7
2026-09-15,AIN'T GOING BACK,33.0
2026-09-15,ALFIE TANGO,37.5
2026-09-15,ALWAYS SPEEDY,27.7
2026-09-15,ANCHOR CRANKER,28.0
2026-09-15,ANCONA,30.4
2026-09-15,ANNIE'S REGRET,26.7
2026-09-15,ANY ACE BRONTE,24.9
2026-09-15,APACHE GOLD,30.5
2026-09-15,ARCHER SWEET,33.7
2026-09-15,ASSUME FLOPPY,32.1
2026-09-15,ASTON ABRAFO,33.4
2026-09-15,ASTON ELLIE,27.2
2026-09-15,ASTON EXCESS,35.2
2026-09-15,ASTON JOSEPH,34.6
2026-09-15,ASTON KILLARA,25.6
2026-09-15,ASTON KRISTEN,26.8
2026-09-15,ASTON MAJOR,32.6
2026-09-15,ASTON MANDLA,31.7
2026-09-15,ASTON NEUTRON,35.3
2026-09-15,ASTON VALHALLA,28.9
2026-09-15,ASTOR ONES,28.3
2026-09-15,ATHENS AURA,24.2
2026-09-15,ATTICUS,28.1
2026-09-15,AUNTY CHERYL,28.8
2026-09-15,AYESHA BALE,28.3
2026-09-15,BAMBI'S PRIDE,28.4
2026-09-15,BAMBOO RUPEE,28.1
2026-09-15,BAROOGA KING,34.1
2026-09-15,BE MY TIGER,26.8
2026-09-15,BEANIE THIEF,31.6
2026-09-15,BELAIR BLUE,31.1
2026-09-15,BELLY RUBS,35.1
2026-09-15,BEN SHIRAZ,33.3
2026-09-15,BENITO,35.1
2026-09-15,BEYOND EASY,31.2
2026-09-15,BIG BARREL,34.2
2026-09-15,BIG BOY COOPER,31.8
2026-09-15,BITTY BUT,24.4
2026-09-15,BLACK XENA,28.7
2026-09-15,BLACKBERRY JUICE,29.9
2026-09-15,BLAME KARISSA,27.1
2026-09-15,BLAZING BLUE ICE,28.2
2026-09-15,BONNIE BEAUTIFUL,26.0
2026-09-15,BORACAY BELLA,28.9
2026-09-15,BOUNDING CHIEF,36.6
2026-09-15,BRAGGING RIGHTS,32.1
2026-09-15,BREAKING CURFEW,24.0
2026-09-15,BROTHER BUB,31.4
2026-09-15,BROTHER EASY,30.5
2026-09-15,BUCK SHINES,37.0
2026-09-15,BUN QUAKE,30.5
2026-09-15,CALABRESE,31.7
2026-09-15,CALCEUS,30.3
2026-09-15,CAN DO GRACE,25.6
2026-09-15,CAN SHE YAP,27.9
2026-09-15,CARLEY'S IMAGE,29.3
2026-09-15,CARNIVAL KID,33.7
2026-09-15,CHAIN DRIVE,33.0
2026-09-15,CHEEKY ALESSIA,29.5
2026-09-15,CHEEKY MEEKI,28.6
2026-09-15,CHEEKY MILA,28.4
2026-09-15,CHEEKY TEMPER,25.7
2026-09-15,CHEER FOR DITTO,31.5
2026-09-15,CHIEF HAMISH,33.9
2026-09-15,CINDY CABANG,30.7
2026-09-15,CLARESSA,31.4
2026-09-15,CLARETOWN BLUEY,36.4
2026-09-15,CLOUD CITY,30.6
2026-09-15,COLLECTIVE KAOS,29.9
2026-09-15,COME ON FOX,28.6
2026-09-15,COMEBACK CHARLIE,30.3
2026-09-15,COMPARE JOE,32.9
2026-09-15,CONUS,36.5
2026-09-15,CRACKERJACK ASH,34.3
2026-09-15,CRACKERJACK GARY,31.7
2026-09-15,CRACKERJACK GREG,32.5
2026-09-15,CREATIVITY,32.8
2026-09-15,CRIKEY MATE,29.1
2026-09-15,CRUISIN' POPPY,27.2
2026-09-15,CRUISING NAT,28.1
2026-09-15,CRUSH YOUR RUSH,33.5
2026-09-15,CRUZADO,37.2
2026-09-15,CUCUZZA,31.2
2026-09-15,DADDY COOL,35.0
2026-09-15,DAINTREE SPIRIT,29.6
2026-09-15,DARK MIRACLE,32.5
2026-09-15,DASH EXPRESS,33.1
2026-09-15,DASH INTENTION,25.0
2026-09-15,DAZZLING DYNAMO,32.5
2026-09-15,DEAL 'EM HIGH,27.6
2026-09-15,DEL AMITRI,31.6
2026-09-15,DELATITE BEAST,34.0
2026-09-15,DESTINI KADALI,27.1
2026-09-15,DESTINI LORENZO,33.8
2026-09-15,DEVIL'S SYMPATHY,31.0
2026-09-15,DILIGENCE,27.3
2026-09-15,DIMORA PATCH,33.4
2026-09-15,DIMORA STRIPEY,26.0
2026-09-15,DOONGALLA EVE,27.8
2026-09-15,DOONGALLA JUSTIN,32.7
2026-09-15,DOONGALLA SHAZIA,24.9
2026-09-15,DREAM LUCKY,30.4
2026-09-15,DROP FIFTY,35.2
2026-09-15,EAGLE TEGAN,26.6
2026-09-15,EAT YOUR SPINACH,34.5
2026-09-15,EDIE MONSOON,28.5
2026-09-15,EGO BALE,29.5
2026-09-15,ELEVATE,32.4
2026-09-15,ELEVENTH SCOTCH,31.7
2026-09-15,ELSWYK SID,35.0
2026-09-15,ENERGY KISS,30.4
2026-09-15,EVENTFUL DASH,27.9
2026-09-15,EXCITABLE DASH,26.5
2026-09-15,EYE OF STORM,34.0
2026-09-15,EZARD DASH,28.2
2026-09-15,FADE OUT,27.8
2026-09-15,FERRET'S KNOCK,26.8
2026-09-15,FIRE RATED,34.8
2026-09-15,FLYING BESSIE,27.9
2026-09-15,FLYING BOSS,24.6
2026-09-15,FLYING ROGUE,27.3
2026-09-15,FLYING SARA,28.9
2026-09-15,FOLLOW THAT TUNE,30.6
2026-09-15,FORGETTING,25.5
2026-09-15,FOXY ROXY,25.8
2026-09-15,FRANKIE'S ROCKET,30.8
2026-09-15,FRAUD,33.3
2026-09-15,FREE STATE,24.9
2026-09-15,FRIDA SCIENCE,25.0
2026-09-15,FULL BORE BUSTER,31.4
2026-09-15,FULL BORE LISA,29.5
2026-09-15,FULL NOISE,33.6
2026-09-15,GALAXY DANCER,25.6
2026-09-15,GALAXY OF LOVE,25.4
2026-09-15,GO BARBARA,27.1
2026-09-15,GO PIKACHU,34.8
2026-09-15,GO STEVIE,33.6
2026-09-15,GOLD STRIPES,32.1
2026-09-15,GOLD TAG,30.9
2026-09-15,GOT A MESSAGE,31.2
2026-09-15,GRAFFITI,34.8
2026-09-15,GRAVITY RUSH,30.6
2026-09-15,GRAVITY SHIFT,33.2
2026-09-15,GRUMPY LION,33.3
2026-09-15,GUNAI ASH,23.6
2026-09-15,HAPPY AND NUMB,37.3
2026-09-15,HARTLAND WILLOW,27.2
2026-09-15,HEAVENLY STUN ON,29.3
2026-09-15,HOLLY BLUE GIRL,25.6
2026-09-15,HONEY STIRRER,30.3
2026-09-15,HOW HIGH,29.8
2026-09-15,IAN ALBERT,32.6
2026-09-15,ILIUM,25.9
2026-09-15,IMPRESS JOE,28.6
2026-09-15,INDIAN CHIEF,32.8
2026-09-15,INDIAN PRINCE,34.5
2026-09-15,INDIAN STAR,33.0
2026-09-15,INDY GRANT,27.7
2026-09-15,INDY'S CHARM,30.4
2026-09-15,INGA RYDER,30.0
2026-09-15,IS HE LUCKY,33.6
2026-09-15,IT'S BUBBLE TIME,30.5
2026-09-15,IT'S LATE,29.5
2026-09-15,IT'S SOYSAGES,31.7
2026-09-15,JACKPOT CASH,28.0
2026-09-15,JETSTREAM ICON,32.8
2026-09-15,JILLIBY PIXIE,28.0
2026-09-15,JOAN'S GEM,28.9
2026-09-15,JOHNNY BOOM BOOM,33.2
2026-09-15,JOHNNY'S REVENGE,35.0
2026-09-15,JUNEAU SANGRIA,30.6
2026-09-15,JUNGLE FIREBALL,35.6
2026-09-15,JUST QUICKLY,28.4
2026-09-15,KANSAS RAIDER,33.9
2026-09-15,KATE'S RIFT,26.6
2026-09-15,KEIJON BARNY,30.0
2026-09-15,KENSINGTON FLYER,27.9
2026-09-15,KING OF CHAOS,32.6
2026-09-15,KIOWA ICON,28.9
2026-09-15,KRAKEN MAIN,26.8
2026-09-15,KRAKEN SANDY,34.4
2026-09-15,KRAKEN WESTERN,31.4
2026-09-15,LAKEVIEW MITCH,37.3
2026-09-15,LASERHAWK,33.0
2026-09-15,LEKTRA BETA,30.8
2026-09-15,LEKTRA HOPPER,32.8
2026-09-15,LEKTRA JIMMY,33.6
2026-09-15,LEKTRA ROSA,27.7
2026-09-15,LEKTRA SKIP,26.7
2026-09-15,LEKTRA SOLO,33.3
2026-09-15,LEKTRA STING,32.9
2026-09-15,LEMNOS LASS,28.1
2026-09-15,LES NORTON,30.3
2026-09-15,LIL COCKATOO,26.5
2026-09-15,LILLY'S WISH,23.4
2026-09-15,LINDENOW BUFFY,27.3
2026-09-15,LITTLE ARUGULA,25.0
2026-09-15,LIVE FOREVER,25.1
2026-09-15,LOOK AT KATH,26.1
2026-09-15,LORIMER STREET,30.8
2026-09-15,LOVE NOTE,27.3
2026-09-15,LUNA'S GIRL,32.9
2026-09-15,LUNAR MISSILE,27.8
2026-09-15,MAGIC BULLSEYE,30.6
2026-09-15,MAJOR JEALOUS,30.7
2026-09-15,MANA'S WAY,31.0
2026-09-15,MARCO MARCO,31.0
2026-09-15,MARKET JET,37.8
2026-09-15,MAXIMUM ELLY,28.4
2026-09-15,MAXIMUM RUBY,26.1
2026-09-15,MAXIMUM SILVER,28.0
2026-09-15,MAXIMUM SUNNY,28.8
2026-09-15,MEMORIES,30.9
2026-09-15,MEPUNGA SANDY,28.0
2026-09-15,MIRROR JAMS,36.8
2026-09-15,MISS  KIT,27.4
2026-09-15,MISS JAZZ,25.6
2026-09-15,MISS JECKELL,28.5
2026-09-15,MISS MY BROTHER,28.4
2026-09-15,MISS ROGUE,27.3
2026-09-15,MISS SUNDOWN,29.0
2026-09-15,MISTER MANFREDI,36.7
2026-09-15,MISTY BLUE,24.4
2026-09-15,MONARCH,29.2
2026-09-15,MONEY SCIENCE,32.6
2026-09-15,MONUMENT,32.0
2026-09-15,MOONLIGHT JAZZ,26.7
2026-09-15,MORAINE DAMIAN,33.1
2026-09-15,MORAINE GRACE,28.0
2026-09-15,MORAINE KOBY,34.0
2026-09-15,MORAINE QUINN,27.7
2026-09-15,MORAINE TREVOR,31.4
2026-09-15,MORNING,33.3
2026-09-15,MOYARRA KONGK,33.4
2026-09-15,MR. BLUEY LEE,32.1
2026-09-15,MR. OLAF,34.4
2026-09-15,MR. WALSH,35.0
2026-09-15,MRS. TIGGYWINKLE,28.6
2026-09-15,MUG SCIENCE,31.9
2026-09-15,MUSTANG SABRINA,23.4
2026-09-15,MY PEPPA,25.6
2026-09-15,MYOLA DUSK,28.7
2026-09-15,MYOLA THALIA,28.6
2026-09-15,MYOLA THUNDER,32.3
2026-09-15,MYSTIC PHARAOH,30.6
2026-09-15,NANCY DEVERE,28.6
2026-09-15,NANGAR MACIE,24.9
2026-09-15,NEW SHERIFF,36.6
2026-09-15,NICK TOO QUICK,30.3
2026-09-15,NO STOP SIGNS,34.7
2026-09-15,NOLAN BALE,29.6
2026-09-15,NOSEY PARKER,35.6
2026-09-15,NUNNIONG GOLD,25.7
2026-09-15,OFF THE BEER,34.1
2026-09-15,OH BISCUIT,26.7
2026-09-15,OKAY ALF,35.3
2026-09-15,ON SONG ICE,32.4
2026-09-15,ONE SUGAR,27.9
2026-09-15,PAW CHEYENNE,30.6
2026-09-15,PAW CHRISTIE,29.9
2026-09-15,PAW CORA,26.5
2026-09-15,PAW DANGER,31.7
2026-09-15,PAW EDEN,28.4
2026-09-15,PAW ERIS,27.2
2026-09-15,PAW FABLE,31.4
2026-09-15,PAW GREGSON,35.8
2026-09-15,PAW HADES,31.6
2026-09-15,PAW HARKONNEN,31.0
2026-09-15,PAW INFLAME,33.0
2026-09-15,PAW IROHA,29.1
2026-09-15,PAW JAMILA,26.2
2026-09-15,PAW JASTA,32.0
2026-09-15,PAW JERRY,32.4
2026-09-15,PAW KENTA,29.6
2026-09-15,PAW KIPLIN,32.4
2026-09-15,PAW LAMPADES,33.1
2026-09-15,PAW LAPRAS,27.9
2026-09-15,PAW LONDON,25.6
2026-09-15,PAW MINTY,24.2
2026-09-15,PAW NATULLO,31.5
2026-09-15,PAW NIALL,32.8
2026-09-15,PAW NORBERT,36.3
2026-09-15,PAW OPERA,27.0
2026-09-15,PAW PASCAL,36.1
2026-09-15,PAW QUANDA,28.1
2026-09-15,PAW RIVAL,31.9
2026-09-15,PAW SAPPHIRE,28.5
2026-09-15,PAW VADA,24.6
2026-09-15,PAW VITALI,28.7
2026-09-15,PAW WHISPER,25.3
2026-09-15,PAW WONDER,30.3
2026-09-15,PAW XANTHIE,26.3
2026-09-15,PAW XELA,25.2
2026-09-15,PAW XYLA,24.3
2026-09-15,PAW ZANY,25.2
2026-09-15,PEAKY AVENGER,27.0
2026-09-15,PENNY'S LEGACY,24.3
2026-09-15,PEPPER PIE,29.9
2026-09-15,PERFECT RATIO,28.7
2026-09-15,PICCOLINO,24.6
2026-09-15,PLAIN SAINT,33.7
2026-09-15,POINT BREAK,33.7
2026-09-15,POINT THE FINGER,29.5
2026-09-15,POWER AFFECT,31.1
2026-09-15,POWER PLAY,32.0
2026-09-15,PRETTY PANAMA,27.8
2026-09-15,PRICKLE,28.4
2026-09-15,PRISON BREAK,34.8
2026-09-15,PROPOSITION,33.6
2026-09-15,PROVISIONAL,32.8
2026-09-15,PYRENEES ACE,26.8
2026-09-15,PYRENEES EXPRESS,32.0
2026-09-15,QUEST FOR STYLE,27.9
2026-09-15,RAKIN' IT IN,33.0
2026-09-15,RANGER RIOT,34.0
2026-09-15,RAPIDO NINJA,33.5
2026-09-15,RAVEN XANDER,29.3
2026-09-15,REANNA'S PRIDE,27.0
2026-09-15,REBEL THINKER,29.2
2026-09-15,REGARDS NELLY,27.6
2026-09-15,REIKO BLING,35.3
2026-09-15,REMI RIOT,25.3
2026-09-15,REV KEN,33.8
2026-09-15,RITA SKEETER,28.9
2026-09-15,ROLLING EXPRESS,31.0
2026-09-15,ROY,26.9
2026-09-15,RUXTON GIRL,26.0
2026-09-15,SAINT JADE,27.2
2026-09-15,SAINT MICK,31.5
2026-09-15,SAINT RAINE,27.3
2026-09-15,SALTY SNOOP,31.9
2026-09-15,SASSY LAD,34.8
2026-09-15,SAVE ME GARY,30.7
2026-09-15,SCOTT GREYSCALE,31.0
2026-09-15,SCOTT VICIOUS,30.6
2026-09-15,SEVEN SAMURAI,34.0
2026-09-15,SHAGGY PRINCESS,28.4
2026-09-15,SHE'S ALLURING,26.6
2026-09-15,SHEIKH OF TWEAK,31.4
2026-09-15,SHOOTERS PROJECT,32.7
2026-09-15,SHOULD BE QUEEN,25.3
2026-09-15,SHREK'S BROTHER,33.3
2026-09-15,SHY CABANG,31.4
2026-09-15,SILKEN KENNEDY,29.8
2026-09-15,SMALLER ACTS,40.0
2026-09-15,SMILEY MIA,24.9
2026-09-15,SNAPPER HEAD,29.2
2026-09-15,SNAPS,30.5
2026-09-15,SNOWBALL ONE,26.8
2026-09-15,SO SAY ME,29.0
2026-09-15,SOLAR JESSIE,25.8
2026-09-15,SOLAR TESS,26.0
2026-09-15,SOUTH THAILAND,31.0
2026-09-15,SPARK LIGHTNING,30.9
2026-09-15,SPORT SCOUT,29.5
2026-09-15,SPRING LAVER,34.8
2026-09-15,STAR BLUEY,32.2
2026-09-15,STAR MELI,27.2
2026-09-15,STARBORN,36.1
2026-09-15,STARBRIGHT HUD,28.9
2026-09-15,STARLORD BALE,34.5
2026-09-15,STARSHIP ATLAS,30.6
2026-09-15,STIPULATED,21.9
2026-09-15,STOJANOVIC,30.0
2026-09-15,STORM,27.8
2026-09-15,STORM COMING,32.0
2026-09-15,SUMMER HAIL,28.7
2026-09-15,SUNNY STRIDE,34.2
2026-09-15,SUPER CEVICHE,28.7
2026-09-15,SUPER MAX,36.4
2026-09-15,SUPER SAM,31.6
2026-09-15,SUPER SEALANT,31.6
2026-09-15,SURPRISE STAR,30.8
2026-09-15,SUSTAINABLE,25.4
2026-09-15,TAG ALONG,32.0
2026-09-15,TALLANGATTA,33.0
2026-09-15,TALTARNI BLUE,30.1
2026-09-15,TALTARNI LANE,27.9
2026-09-15,TALTARNI SUZY,28.3
2026-09-15,THERMAL FIRE,27.4
2026-09-15,THREE VOTES NICK,31.4
2026-09-15,TIGER MOTH,32.4
2026-09-15,TINKER RAYS,31.0
2026-09-15,TINKER SPOT,27.2
2026-09-15,TO PERU,27.7
2026-09-15,TOP KADE,27.3
2026-09-15,TORPEDO GIBLET,31.0
2026-09-15,TOSS IT UP,28.6
2026-09-15,TOUCH OF SIN,25.5
2026-09-15,TRACKING YOU,32.5
2026-09-15,TRISSA BALE,29.0
2026-09-15,TROPIC SANDS,32.7
2026-09-15,TRUE RAGE,31.0
2026-09-15,TURN UP TURBO,33.4
2026-09-15,TWICE THE IMPACT,27.3
2026-09-15,ULTRA PUB RUN,32.0
2026-09-15,UNITED GEORGE,31.0
2026-09-15,UNIVERSE,32.8
2026-09-15,VALLETTA PEARL,26.9
2026-09-15,VASTLY,27.6
2026-09-15,VERA JAKIT,29.3
2026-09-15,VICE LIKE GRIP,31.3
2026-09-15,VIKING RULER,31.1
2026-09-15,WANGARATTA QUEEN,30.4
2026-09-15,WEST END BOY,34.7
2026-09-15,WESTAR LEO,34.3
2026-09-15,WHAT CLASS,26.2
2026-09-15,WHAT ODDS BILLY,32.5
2026-09-15,WHIRLWIND NISEKO,32.7
2026-09-15,WHOPPI DEVERE,29.9
2026-09-15,WHY MUMMY,30.9
2026-09-15,WILBERT,30.3
2026-09-15,WITCH OF NOVA,25.8
2026-09-15,WIZARD WATSON,35.4
2026-09-15,YOUNG RUFUS,30.8
2026-09-15,ZAMBADA ICON,33.4
2026-09-15,ZAMBORA BLISS,32.2
2026-09-15,ZAP DEVERE,33.7
2026-09-15,ZAWADI,28.3
2026-09-15,ZENYATTA,28.8
2026-09-15,ZIPPING BANGALOW,32.5
2026-09-15,ZIPPING CHOI,30.4
2026-09-15,ZIPPING LILO,28.0
2026-09-15,ZIPPING POPYRIN,33.2
2026-09-15,ZIPPING SMEE,32.9
2026-09-15,ZIPPING UNA,30.8
2026-09-15,ZIVA DIVA,25.7
2026-09-15,ZORBAY,26.9
2026-09-16,ABRACADABRA,27.6
2026-09-16,ABSOLUTE RUPEE,31.4
2026-09-16,ACE CHASER,32.4
2026-09-16,AFFORDABILITY,33.8
2026-09-16,AIN'T GOING BACK,33.0
2026-09-16,AKELA YOUNG,31.8
2026-09-16,ALACRITY DAVE,32.2
2026-09-16,ALL NET,32.4
2026-09-16,AMBANI,26.9
2026-09-16,ANCHOR CRANKER,28.0
2026-09-16,ANGRY MURRAY COD,33.0
2026-09-16,ANYONE FOR YOU,33.3
2026-09-16,APTITUDE,32.6
2026-09-16,ASCEND GERANIUM,33.0
2026-09-16,ASSUMED MISSING,31.9
2026-09-16,ASTON BARRISTER,31.0
2026-09-16,ASTON CHANT,24.3
2026-09-16,ASTON FIXER,33.6
2026-09-16,ASTON FUMIKO,27.2
2026-09-16,ASTON GIOVANNI,29.9
2026-09-16,ASTON MONARCHY,29.9
2026-09-16,ASTON MORIALTA,25.4
2026-09-16,ASTON PASTIZZI,27.8
2026-09-16,ASTON SUMMIT,33.5
2026-09-16,ASTON TARZAN,32.2
2026-09-16,ASTON TAURUS,33.6
2026-09-16,AUNTIE AMBER,29.5
2026-09-16,AUSSIE FERNANDO,34.1
2026-09-16,AWE REALLY,28.9
2026-09-16,AXEL'S RADAR,30.8
2026-09-16,AYDEN'S WARRIOR,33.2
2026-09-16,AYESHA BALE,28.3
2026-09-16,BALDING SANDY,28.9
2026-09-16,BANJO ONE STRING,32.4
2026-09-16,BE MY TIGER,26.8
2026-09-16,BEANIE THIEF,31.6
2026-09-16,BEAR HUNT,30.2
2026-09-16,BEAST POWER,38.7
2026-09-16,BENARCA BELL,28.7
2026-09-16,BENITO,35.1
2026-09-16,BERNARDO BLUE,35.2
2026-09-16,BEST DRESSED,26.4
2026-09-16,BETTER BANJO,31.0
2026-09-16,BIG BOY COOPER,31.8
2026-09-16,BIG WEEKEND,29.4
2026-09-16,BIG WHITE SKIER,30.8
2026-09-16,BILLIES RAINBOW,28.8
2026-09-16,BLIZZARD BYRNE,29.3
2026-09-16,BOLD ASSAIL,32.4
2026-09-16,BONE SHAKER,32.0
2026-09-16,BOO BOO GIBLET,32.6
2026-09-16,BORDER BEAST,31.0
2026-09-16,BOYS NIGHT,32.1
2026-09-16,BREACH,27.6
2026-09-16,BUBBA RAY BANNER,31.0
2026-09-16,BULL DURHAM,32.2
2026-09-16,BUNDY PARADISE,31.9
2026-09-16,BYE PICKLES,32.6
2026-09-16,CANDY POPS,27.9
2026-09-16,CANYA KICK IT,28.0
2026-09-16,CANYA SPEED,32.9
2026-09-16,CARLEY'S IMAGE,29.3
2026-09-16,CESSNA TITAN,31.7
2026-09-16,CHALK AND CHEESE,31.1
2026-09-16,CHALLENGER,35.1
2026-09-16,CHLOE'S FAULT,26.1
2026-09-16,CLARESSA,31.4
2026-09-16,CLARETOWN DARCY,36.0
2026-09-16,CLARETOWN HANNA,28.7
2026-09-16,CLASSY WILLOW,27.2
2026-09-16,CLAVICLE,32.3
2026-09-16,CLOUD CITY,30.6
2026-09-16,COCONUT CARTER,34.4
2026-09-16,COLLINDA RAMSAY,33.1
2026-09-16,COMPARE JOE,32.9
2026-09-16,CORNHILL HUSTLER,27.2
2026-09-16,CRACKERJACK ASH,34.3
2026-09-16,CRACKERJACK GARY,31.7
2026-09-16,CRACKERJACK TREV,33.9
2026-09-16,CRIMINAL MINDS,33.2
2026-09-16,CROSS LOCKS,31.7
2026-09-16,CRUISIN' POPPY,27.2
2026-09-16,CRUZADO,37.3
2026-09-16,DANCE HALL DAYS,32.3
2026-09-16,DARE DEVIL,34.8
2026-09-16,DEADLY FORCE,26.9
2026-09-16,DEEP THINKER,33.5
2026-09-16,DETECTION,30.3
2026-09-16,DEVON DAISIES,27.6
2026-09-16,DIAMANTINA PEAR,25.0
2026-09-16,DID NOT,27.8
2026-09-16,DID SO,30.0
2026-09-16,DIESEL DYNASTY,30.0
2026-09-16,DILIGENCE,27.3
2026-09-16,DISTANT,28.0
2026-09-16,DISTORTED HUMOUR,29.6
2026-09-16,DON'T TELL DANNI,23.5
2026-09-16,DOONGALLA NOMES,28.1
2026-09-16,DOUBLE SHOT RIOT,29.2
2026-09-16,DR. AUTUMN,26.6
2026-09-16,DR. BENJI,28.4
2026-09-16,DR. BEYOND,32.6
2026-09-16,DR. CALISTA,28.5
2026-09-16,DR. CLARA,26.9
2026-09-16,DR. COUGAR,31.0
2026-09-16,DR. FALLON,27.9
2026-09-16,DR. FANATICAL,38.1
2026-09-16,DR. HONEY,26.6
2026-09-16,DR. HOPPER,40.3
2026-09-16,DR. LOUIS,31.9
2026-09-16,DR. NAKITA,25.9
2026-09-16,DR. PATRICK,32.9
2026-09-16,DR. POSEIDON,30.6
2026-09-16,DR. TRACIE,26.4
2026-09-16,DR. WARREN,36.3
2026-09-16,DR. XANTHIC,33.2
2026-09-16,DR. ZAIDEN,31.0
2026-09-16,DRAX BALE,35.6
2026-09-16,DREAM LUCKY,30.4
2026-09-16,EAGLE BREAD,29.3
2026-09-16,EAT YOUR SPINACH,34.5
2026-09-16,EDIE MONSOON,28.5
2026-09-16,EDINBURGH BALE,31.0
2026-09-16,EGO BALE,29.5
2026-09-16,ELAPIDAE CATHY,25.1
2026-09-16,ENERGISER DASH,28.9
2026-09-16,ETHANOL VISION,26.9
2026-09-16,EXAGGERATOR,34.5
2026-09-16,EXCLUSIVELY,35.6
2026-09-16,EYE OF STORM,34.0
2026-09-16,FABULOUS JONES,28.4
2026-09-16,FAST CAR,31.8
2026-09-16,FAST KNOCKDOWN,30.1
2026-09-16,FAST REPLY,37.4
2026-09-16,FIESTA BELLE,25.1
2026-09-16,FIRE TEARS,30.7
2026-09-16,FLEX FACTOR,31.1
2026-09-16,FLYING DOORMAT,34.8
2026-09-16,FLYING NARDO,29.1
2026-09-16,FOXY ROXY,25.8
2026-09-16,FRAUD,33.3
2026-09-16,FULL BORE DONNY,34.2
2026-09-16,FUME TRAIN,30.3
2026-09-16,GALAXY DANCER,25.6
2026-09-16,GALAXY OF LOVE,25.4
2026-09-16,GAMORA BALE,28.2
2026-09-16,GAS LANTERN,29.0
2026-09-16,GOLD HARADA,34.5
2026-09-16,GOLDEN REDEEMER,27.7
2026-09-16,GOOD ODDS ROCKY,36.1
2026-09-16,GOOSEBUMPS RICO,32.2
2026-09-16,GORRINGE,30.4
2026-09-16,GRAPEFRUIT TITO,36.0
2026-09-16,GRASS IS GREENER,32.5
2026-09-16,GRAVITY RUSH,30.6
2026-09-16,GUMTREE HILL,33.6
2026-09-16,HANDSOME RATIO,35.4
2026-09-16,HAPPY AND NUMB,37.3
2026-09-16,HARA HACHI BU,27.5
2026-09-16,HARTLAND ASH,25.1
2026-09-16,HEAVEN ON EARTH,31.3
2026-09-16,HI BIG BEN,31.9
2026-09-16,HIGH COTTON,34.0
2026-09-16,HILLBILLY HUNTER,32.3
2026-09-16,HILLBILLY ROCKY,26.6
2026-09-16,HILLTOP HOOD,31.3
2026-09-16,HIM TARZAN,34.7
2026-09-16,HIS SPECIAL,32.8
2026-09-16,HOLLY HOOK,29.7
2026-09-16,HOLLYWOOD FRANKY,32.6
2026-09-16,HONOURING TURBO,30.9
2026-09-16,HOT ROCKER,27.0
2026-09-16,I'M EASY,34.1
2026-09-16,I'M FABULOUS,27.2
2026-09-16,IMITATED,27.4
2026-09-16,INCINERATE,34.7
2026-09-16,INDIAN CHIEF,32.8
2026-09-16,INDIAN PRINCE,34.5
2026-09-16,INDIAN STAR,33.0
2026-09-16,INFLECTION POINT,34.7
2026-09-16,IVORY QUILL,26.3
2026-09-16,IVORY RAMEN,25.3
2026-09-16,JACK HOOK,30.3
2026-09-16,JOEY,35.1
2026-09-16,JOHNNY BOOM BOOM,33.2
2026-09-16,JUMBUK FUNI,26.2
2026-09-16,JUMBUK SACHIN,31.6
2026-09-16,JUMBUK SUGAR BUG,24.3
2026-09-16,JUMBUK WANG WANG,29.0
2026-09-16,JUNEAU SANGRIA,30.6
2026-09-16,JUST BELIEVE,31.5
2026-09-16,JUST GOT PAID,34.3
2026-09-16,KADE'S THUNDER,32.5
2026-09-16,KAELIX JEWEL,28.7
2026-09-16,KALUNA CHAOS,34.8
2026-09-16,KARA DANVERS,30.2
2026-09-16,KAREN'S WITCH,25.7
2026-09-16,KENSINGTON FLYER,27.9
2026-09-16,KEY PHILOSOPHY,33.8
2026-09-16,KING OF CHAOS,32.6
2026-09-16,KIPTUM,35.7
2026-09-16,KIWI FRED,34.4
2026-09-16,KIWI LISMORE,31.4
2026-09-16,KNIFE EDGE,29.8
2026-09-16,KORDA INTENTION,30.8
2026-09-16,KUNAMA NAMADGI,26.3
2026-09-16,LAURA MAY,29.2
2026-09-16,LAURISTON GIRL,27.6
2026-09-16,LEKTRA BETA,30.8
2026-09-16,LEKTRA JIMMY,33.6
2026-09-16,LEKTRA ROSA,27.7
2026-09-16,LEKTRA SKIP,26.7
2026-09-16,LEKTRA SOLO,33.3
2026-09-16,LEROY'S GIRL,26.1
2026-09-16,LIGHTNING RANGE,30.0
2026-09-16,LIKE A BLAZE,30.3
2026-09-16,LILLY ZOOM,26.9
2026-09-16,LITTLE BUTTON,23.8
2026-09-16,LITTLE FLOWER,29.0
2026-09-16,LOCHINVAR GIFT,28.5
2026-09-16,LOCHINVAR HUMMER,34.9
2026-09-16,LOCO KADE,24.7
2026-09-16,LONGINIDIS,31.3
2026-09-16,LORIMER STREET,30.8
2026-09-16,LOUD MOUTH LOUIE,33.9
2026-09-16,LUCKY CABANG,33.7
2026-09-16,LUSH HOUR,29.3
2026-09-16,MAIGRET,28.8
2026-09-16,MAJOR ORSON,34.6
2026-09-16,MAJOR WAIT,27.1
2026-09-16,MAN OF COURAGE,27.8
2026-09-16,MARBLE SUNSET,28.1
2026-09-16,MARCO MARCO,31.0
2026-09-16,MASHED POTATO,30.1
2026-09-16,MASTER COPY,32.6
2026-09-16,MASTER YOUR MIND,29.2
2026-09-16,MAXIMUM REED,28.0
2026-09-16,MAXIMUM SUNNY,28.8
2026-09-16,MCIVOR JEWELS,27.5
2026-09-16,MCKERCHER,30.8
2026-09-16,MELLOW STAR,27.0
2026-09-16,MELVIN BALE,31.9
2026-09-16,MEMORIES,30.9
2026-09-16,MEPUNGA FLYER,33.9
2026-09-16,MIGHTY MISS,27.8
2026-09-16,MIGHTY SCAR,34.0
2026-09-16,MILLY LILY,27.7
2026-09-16,MINI EASY,22.4
2026-09-16,MIRROR JAMS,36.8
2026-09-16,MISS BARBIE,25.5
2026-09-16,MISS IRENE,27.7
2026-09-16,MISS JO,28.4
2026-09-16,MISS SPARKLES,28.6
2026-09-16,MISS WONG,29.3
2026-09-16,MONEY SCIENCE,32.6
2026-09-16,MORAINE LEAH,28.8
2026-09-16,MORNING DAISY,28.3
2026-09-16,MOSI,35.7
2026-09-16,MOTIVATE,33.6
2026-09-16,MOYARRA KONGK,33.4
2026-09-16,MR. FIELD,37.7
2026-09-16,MRS. SMITH,27.3
2026-09-16,MY NAME'S EVELYN,27.8
2026-09-16,MY PEPPA,25.6
2026-09-16,MYALL MATE,33.0
2026-09-16,NANCY DEVERE,28.6
2026-09-16,NAVY DAVIES,32.4
2026-09-16,NEIL THE SEAL,33.6
2026-09-16,NICK TOO QUICK,30.3
2026-09-16,NICMAC ACE,33.0
2026-09-16,NOBLE DASH,33.3
2026-09-16,NOVA INTENTION,27.4
2026-09-16,NOVA OWEN,30.5
2026-09-16,OLIVER KELTON,35.0
2026-09-16,OLLIE REIKO,34.5
2026-09-16,OPAWA ELVIS,31.0
2026-09-16,OPAWA HASS,32.2
2026-09-16,OPAWA POSTMAN,31.8
2026-09-16,OSCAR MIKE,31.9
2026-09-16,OUR MISS MAGGIE,28.1
2026-09-16,OUR PATCH,31.4
2026-09-16,OUR RUPEE,31.3
2026-09-16,OUTSIDES,32.2
2026-09-16,OZA ONE,29.0
2026-09-16,PALE GREEN STAR,27.3
2026-09-16,PAR EXCELLENCE,34.0
2026-09-16,PARIS MASH,27.3
2026-09-16,PATTY BOUVIER,25.2
2026-09-16,PAW AMALFI,27.8
2026-09-16,PAW ARCHIE,31.5
2026-09-16,PAW BASTOW,29.6
2026-09-16,PAW CAMPUS,26.6
2026-09-16,PAW CHEYENNE,30.6
2026-09-16,PAW CHRISTIE,29.9
2026-09-16,PAW DANGER,31.7
2026-09-16,PAW DIPPY,29.2
2026-09-16,PAW FABLE,31.4
2026-09-16,PAW GEORGIE,29.9
2026-09-16,PAW GREGSON,35.8
2026-09-16,PAW GUSTO,32.1
2026-09-16,PAW HADES,31.6
2026-09-16,PAW HARKONNEN,31.0
2026-09-16,PAW IOWA,32.1
2026-09-16,PAW IRULAN,26.8
2026-09-16,PAW JANNY,25.0
2026-09-16,PAW JASTA,32.0
2026-09-16,PAW JELANI,33.1
2026-09-16,PAW LAMPADES,33.1
2026-09-16,PAW LAPRAS,27.9
2026-09-16,PAW MADDISON,24.7
2026-09-16,PAW MANNY,29.7
2026-09-16,PAW MAUD,27.4
2026-09-16,PAW NATULLO,31.5
2026-09-16,PAW NIALL,32.8
2026-09-16,PAW NILBERT,32.9
2026-09-16,PAW NIMBUS,35.5
2026-09-16,PAW NITRO,30.0
2026-09-16,PAW OLENA,26.8
2026-09-16,PAW ORTIZ,31.0
2026-09-16,PAW QUEBEC,35.7
2026-09-16,PAW QUINTESSA,27.3
2026-09-16,PAW QUIVER,35.1
2026-09-16,PAW RAMELLO,27.1
2026-09-16,PAW REYA,32.5
2026-09-16,PAW RIVAL,31.9
2026-09-16,PAW SAPPHIRE,28.5
2026-09-16,PAW TORONTO,32.9
2026-09-16,PAW VADA,24.6
2026-09-16,PAW VERITY,32.1
2026-09-16,PAW VINE,28.2
2026-09-16,PAW VOLTRON,30.4
2026-09-16,PAW WARRINGAH,29.5
2026-09-16,PAW XANDY,23.5
2026-09-16,PAW XYLA,24.3
2026-09-16,PAW YARIS,26.9
2026-09-16,PAW YAZ,26.7
2026-09-16,PAW ZENITH,33.2
2026-09-16,PERFECT GLOSS,26.2
2026-09-16,PERFECT JENNY,27.6
2026-09-16,PETALI,30.2
2026-09-16,PINK MOSCATO,27.9
2026-09-16,POLLY GOLD,25.1
2026-09-16,POP IT UP,25.7
2026-09-16,PRINCE VALHALLA,32.2
2026-09-16,PRINCESS LASS,28.1
2026-09-16,PRISON BREAK,34.8
2026-09-16,PROPOSITION,33.6
2026-09-16,PROVISIONAL,32.8
2026-09-16,PYRENEES ACE,26.8
2026-09-16,PYRENEES EXPRESS,32.0
2026-09-16,QUINLEE BALE,28.5
2026-09-16,RAM RAID,36.8
2026-09-16,RANGER'S GIRL,27.9
2026-09-16,RANSOM,30.5
2026-09-16,RAPID BURST,33.5
2026-09-16,RAPIDO NINJA,33.5
2026-09-16,RAVEN FORCE,28.7
2026-09-16,RECHARGE,27.8
2026-09-16,RED CABANG,35.8
2026-09-16,RED NOSE,31.5
2026-09-16,REGAL TEX,31.4
2026-09-16,REGARDS NELLY,27.6
2026-09-16,REGGAE MISS,27.8
2026-09-16,REIKO BLING,35.3
2026-09-16,REUBEN HILL,38.0
2026-09-16,RIPPER RUFUS,32.1
2026-09-16,ROCKY CABANG,36.0
2026-09-16,ROSE OPAL,28.0
2026-09-16,ROY,26.9
2026-09-16,RUMOUR I'M BROKE,35.6
2026-09-16,RUNWAY JADE,25.5
2026-09-16,RUNWAY STORM,29.5
2026-09-16,SAINT BERNARDO,33.4
2026-09-16,SAINT FRANKLIN,29.9
2026-09-16,SAVE ME GARY,30.7
2026-09-16,SCARY STORM,32.4
2026-09-16,SCOTT ALIFEROUS,26.2
2026-09-16,SCOTT IMPOSTER,31.4
2026-09-16,SHADE OF PALE,36.0
2026-09-16,SHAGGY BILLIE,25.3
2026-09-16,SHALLOW SALLY,29.4
2026-09-16,SHIMA LITE,31.0
2026-09-16,SHIMA STRIPE,31.0
2026-09-16,SIMPLY FRIENDS,29.9
2026-09-16,SLAY QUEEN MOLLY,27.9
2026-09-16,SMASH 'EM,34.6
2026-09-16,SNOW ROAD,30.9
2026-09-16,SO GLAMOROUS,26.6
2026-09-16,SON OF WITCHY,32.3
2026-09-16,SPACE KING,34.3
2026-09-16,SPANISH FAWN,27.4
2026-09-16,SPICE ROAD,38.2
2026-09-16,SPICY SEDUCTION,28.5
2026-09-16,SPORT SCOUT,29.5
2026-09-16,SPRING ESPRESSO,29.4
2026-09-16,SPRING QUIZ,33.6
2026-09-16,STAR REBEL,32.6
2026-09-16,STARBORN,36.1
2026-09-16,STARLET BALE,28.0
2026-09-16,STARLORD BALE,34.5
2026-09-16,STARSHIP,34.5
2026-09-16,STARSHIP ATLAS,30.6
2026-09-16,STIDHAM KANSAS,26.1
2026-09-16,STILL A BELIEVER,30.1
2026-09-16,STOJANOVIC,30.0
2026-09-16,SUBLIME,35.6
2026-09-16,SUGARCANE,28.3
2026-09-16,SURF'S UP,32.4
2026-09-16,SURPRISE STAR,30.8
2026-09-16,SWAN ISLAND,25.8
2026-09-16,SWEET BEGONIA,27.2
2026-09-16,TASTE,27.8
2026-09-16,TAWNY TEARS,26.6
2026-09-16,TEQUILA BLINDER,29.4
2026-09-16,THORKILDSEN,30.0
2026-09-16,THREE VICTORY,31.2
2026-09-16,TICK RETURNS,26.1
2026-09-16,TIGER ANNIE,26.1
2026-09-16,TIGER MOTH,32.2
2026-09-16,TIME PERPETUATED,27.2
2026-09-16,TOMMY MARRA,31.7
2026-09-16,TOMMY THE HOOD,33.6
2026-09-16,TOP KADE,27.3
2026-09-16,TORPEDO GIBLET,31.0
2026-09-16,TRENDY ART,28.6
2026-09-16,TRENDY TOMMY,28.9
2026-09-16,TRICKY DISCO,33.0
2026-09-16,TRISSA BALE,29.0
2026-09-16,TROPIC SANDS,32.7
2026-09-16,TURBO STRIKE,26.6
2026-09-16,TYSON HOOK,35.5
2026-09-16,UBIQUITOUS,33.6
2026-09-16,VAPORIZE,33.6
2026-09-16,VASTLY,27.6
2026-09-16,VISTA EMU,29.1
2026-09-16,WAH CEDAR,31.3
2026-09-16,WAH ELM,28.8
2026-09-16,WAH JARRAH,31.7
2026-09-16,WAH TEAK,33.5
2026-09-16,WALTZING BLASTER,31.2
2026-09-16,WALTZING DIABLO,33.1
2026-09-16,WARREN'S LEDGER,36.9
2026-09-16,WATER MAKER,33.6
2026-09-16,WAVE IN SEA,35.0
2026-09-16,WEBLEC RACHAEL,27.8
2026-09-16,WELLERMAN,38.4
2026-09-16,WHERE'S HUNTLY,30.2
2026-09-16,WHIPSTICK JORDAN,33.7
2026-09-16,WHISKEY WHISKERS,34.7
2026-09-16,WHITE SHIRAZ,25.9
2026-09-16,WHODAT WHISKEY,27.2
2026-09-16,WHOPPI DEVERE,29.9
2026-09-16,WILE COYOTE,27.7
2026-09-16,WINDORAH,28.1
2026-09-16,WITCH OF NOVA,25.8
2026-09-16,WOODSIDE WOMBAT,24.9
2026-09-16,WORDS,28.2
2026-09-16,WYONG BARNABY,34.6
2026-09-16,XARA OCTAVE,30.6
2026-09-16,XARA'S JAI,39.2
2026-09-16,XARA'S LEON,36.5
2026-09-16,YOU FOUND ME,27.2
2026-09-16,ZAIDE'S BOY,33.6
2026-09-16,ZAMBORA BLISS,32.2
2026-09-16,ZAP DEVERE,33.7
2026-09-16,ZINZAN CIAN,28.1
2026-09-16,ZINZAN SAMMY,32.4
2026-09-16,ZIPPING ARVADA,28.1
2026-09-16,ZIPPING MARIE,27.8
2026-09-16,ZIPPING MEHARY,31.6
2026-09-16,ZIPPING NUTTALL,25.6
2026-09-16,ZIPPING SIGRID,27.4
2026-09-16,ZIPPING SINGH,33.8
2026-09-16,ZIPPING SMEE,32.9
2026-09-16,ZIVA DIVA,25.7
2026-09-17,ABSOLUTE RUPEE,31.4
2026-09-17,ACE CHASER,32.4
2026-09-17,ADRENALINE BURST,33.2
2026-09-17,AFFORDABILITY,33.8
2026-09-17,AFTERGLOW GIRL,30.0
2026-09-17,AKELA YOUNG,31.8
2026-09-17,ALACRITY DAVE,32.2
2026-09-17,ALL NET,32.4
2026-09-17,AMBANI,26.9
2026-09-17,ANGRY MURRAY COD,33.0
2026-09-17,ANYONE FOR YOU,33.3
2026-09-17,APTITUDE,32.6
2026-09-17,ASCEND GERANIUM,33.0
2026-09-17,ASSUMED MISSING,31.9
2026-09-17,ASTON AQUITAINE,28.6
2026-09-17,ASTON BARRISTER,31.0
2026-09-17,ASTON CASTLE,34.2
2026-09-17,ASTON CHANT,24.3
2026-09-17,ASTON CLEESE,32.7
2026-09-17,ASTON COMMANDER,33.1
2026-09-17,ASTON EXCLUSIVE,31.2
2026-09-17,ASTON FINNISS,23.8
2026-09-17,ASTON FIXER,33.6
2026-09-17,ASTON FONTAINE,34.4
2026-09-17,ASTON FUMIKO,27.2
2026-09-17,ASTON GIOVANNI,29.9
2026-09-17,ASTON HERCULES,33.2
2026-09-17,ASTON MACHINE,33.5
2026-09-17,ASTON MONARCHY,29.9
2026-09-17,ASTON MORIALTA,25.4
2026-09-17,ASTON PASTIZZI,27.8
2026-09-17,ASTON SUMMIT,33.5
2026-09-17,ASTON TARZAN,32.2
2026-09-17,ASTON TAURUS,33.6
2026-09-17,AUNTIE AMBER,29.5
2026-09-17,AUSSIE FERNANDO,34.1
2026-09-17,AUTUMN ROSE,26.1
2026-09-17,AWE REALLY,28.9
2026-09-17,AXEL'S RADAR,30.8
2026-09-17,AYDEN'S WARRIOR,33.2
2026-09-17,AZZURRO,31.1
2026-09-17,BALDING SANDY,28.9
2026-09-17,BANJO ONE STRING,32.4
2026-09-17,BEAR HUNT,30.2
2026-09-17,BEAST POWER,38.7
2026-09-17,BELAIR LAUREL,27.2
2026-09-17,BENARCA BELL,28.7
2026-09-17,BERNARDO BLUE,35.2
2026-09-17,BEST DRESSED,26.4
2026-09-17,BEST FOR LAST,31.7
2026-09-17,BETTER BANJO,31.0
2026-09-17,BICEP,31.7
2026-09-17,BIG WEEKEND,29.4
2026-09-17,BIG WHITE SKIER,30.8
2026-09-17,BILLIES RAINBOW,28.8
2026-09-17,BINDY BLAZER,27.4
2026-09-17,BIOLLANTE,29.7
2026-09-17,BLACK STATESMAN,34.0
2026-09-17,BLIZZARD BYRNE,29.3
2026-09-17,BLUE TROMBONE,30.5
2026-09-17,BLUER THAN BLUE,33.6
2026-09-17,BOLD ASSAIL,32.4
2026-09-17,BOMB OVER,31.9
2026-09-17,BONE SHAKER,32.0
2026-09-17,BOO BOO GIBLET,32.6
2026-09-17,BORDER BEAST,31.0
2026-09-17,BOYS NIGHT,32.1
2026-09-17,BRAVE ISLAND,32.4
2026-09-17,BREACH,27.6
2026-09-17,BUBBA RAY BANNER,31.0
2026-09-17,BULL DURHAM,32.2
2026-09-17,BUNDY PARADISE,31.9
2026-09-17,BUSH BIG SHOW,31.8
2026-09-17,BUSH CIRCUS,25.7
2026-09-17,BUSH JEWEL,25.5
2026-09-17,BUSH MAYHEM,32.0
2026-09-17,BUSH PROFIT,25.1
2026-09-17,BYE PICKLES,32.6
2026-09-17,CACKLING SUZIE,26.7
2026-09-17,CANDY POPS,27.9
2026-09-17,CANYA KICK IT,28.0
2026-09-17,CANYA SPEED,32.9
2026-09-17,CAPRICORN ONE,29.7
2026-09-17,CESSNA TITAN,31.7
2026-09-17,CHALK AND CHEESE,31.1
2026-09-17,CHALLENGER,35.1
2026-09-17,CHAMPLAIN,28.7
2026-09-17,CHATTERBUG,27.6
2026-09-17,CHEEKY ALESSIA,29.0
2026-09-17,CHEEKY CHOMPERS,33.6
2026-09-17,CHLOE'S FAULT,26.1
2026-09-17,CLARETOWN DARCY,36.0
2026-09-17,CLARETOWN HANNA,28.7
2026-09-17,CLASSY WILLOW,27.2
2026-09-17,CLAVICLE,32.3
2026-09-17,COCONUT CARTER,34.4
2026-09-17,COLLESSIE,30.6
2026-09-17,COLLINDA RAMSAY,33.1
2026-09-17,COOL DISGUISE,26.8
2026-09-17,CORBAN YAXLEY,33.6
2026-09-17,CORNHILL HUSTLER,27.2
2026-09-17,COUSIN SAL,31.3
2026-09-17,CRACKERJACK TREV,33.9
2026-09-17,CRIMINAL MINDS,33.2
2026-09-17,CROSS LOCKS,31.7
2026-09-17,CRUZADO,37.3
2026-09-17,DANCE HALL DAYS,32.3
2026-09-17,DARE DEVIL,34.8
2026-09-17,DASH INTENTION,25.3
2026-09-17,DEADLY FORCE,26.9
2026-09-17,DEEP THINKER,33.5
2026-09-17,DERRY,33.8
2026-09-17,DESPICABLE ANDY,34.3
2026-09-17,DETECTION,30.3
2026-09-17,DEVON DAISIES,27.6
2026-09-17,DIAMANTINA PEAR,25.0
2026-09-17,DID NOT,27.8
2026-09-17,DID SO,30.0
2026-09-17,DIESEL DYNASTY,30.0
2026-09-17,DIMORA BIG BOY,32.8
2026-09-17,DISTANT,28.0
2026-09-17,DISTORTED HUMOUR,29.6
2026-09-17,DON'T TELL DANNI,23.5
2026-09-17,DOONGALLA NOMES,28.1
2026-09-17,DOONGALLA ROCKET,31.4
2026-09-17,DOONGALLA SHANE,30.6
2026-09-17,DOUBLE SHOT RIOT,29.2
2026-09-17,DR. AUTUMN,26.6
2026-09-17,DR. BENJI,28.4
2026-09-17,DR. BEYOND,32.6
2026-09-17,DR. CALISTA,28.5
2026-09-17,DR. CLARA,26.9
2026-09-17,DR. COUGAR,31.0
2026-09-17,DR. FALLON,27.9
2026-09-17,DR. FANATICAL,38.1
2026-09-17,DR. HONEY,26.6
2026-09-17,DR. HOPPER,40.3
2026-09-17,DR. LOUIS,31.9
2026-09-17,DR. NAKITA,25.9
2026-09-17,DR. PATRICK,32.9
2026-09-17,DR. POSEIDON,30.6
2026-09-17,DR. TRACIE,26.4
2026-09-17,DR. WARREN,36.3
2026-09-17,DR. XANTHIC,33.2
2026-09-17,DR. ZAIDEN,31.0
2026-09-17,DRAX BALE,35.6
2026-09-17,DREAM ON JUNIOR,30.8
2026-09-17,EAGLE BREAD,29.3
2026-09-17,EDINBURGH BALE,31.0
2026-09-17,ELAPIDAE CATHY,25.1
2026-09-17,ENERGISER DASH,28.9
2026-09-17,ESPOIR,25.7
2026-09-17,ETHANOL VISION,26.9
2026-09-17,EVENTUATE,26.1
2026-09-17,EXAGGERATOR,34.5
2026-09-17,EXCLUSIVELY,35.6
2026-09-17,FABULOUS JONES,28.4
2026-09-17,FAST CAR,31.8
2026-09-17,FAST KNOCKDOWN,30.1
2026-09-17,FAST REPLY,37.4
2026-09-17,FIESTA BELLE,25.1
2026-09-17,FIRE TEARS,30.7
2026-09-17,FLEX FACTOR,31.1
2026-09-17,FLYING DOORMAT,34.8
2026-09-17,FLYING NARDO,29.1
2026-09-17,FLYING ROYCE,34.6
2026-09-17,FLYING SARA,29.1
2026-09-17,FULL BORE DONNY,34.2
2026-09-17,FUME TRAIN,30.3
2026-09-17,FURIOUS FALCON,32.3
2026-09-17,GAMORA BALE,28.2
2026-09-17,GAPING MARGIN,25.3
2026-09-17,GAS LANTERN,29.0
2026-09-17,GENERAL FRANKY,32.1
2026-09-17,GO HOME GIRL,27.8
2026-09-17,GOING NUCLEAR,30.5
2026-09-17,GOLD CODE,29.1
2026-09-17,GOLD HARADA,34.5
2026-09-17,GOLDEN REDEEMER,27.7
2026-09-17,GOOD ODDS ROCKY,36.1
2026-09-17,GOOSEBUMPS RICO,32.2
2026-09-17,GORRINGE,30.4
2026-09-17,GRAPEFRUIT TITO,36.0
2026-09-17,GRASS IS GREENER,32.5
2026-09-17,GROOT BALE,35.4
2026-09-17,GUMTREE HILL,33.6
2026-09-17,HANDSOME RATIO,35.4
2026-09-17,HARA HACHI BU,27.5
2026-09-17,HARTLAND ASH,25.1
2026-09-17,HE'S MAGIC,29.2
2026-09-17,HEAVEN ON EARTH,31.3
2026-09-17,HI BIG BEN,31.9
2026-09-17,HIGH COTTON,34.0
2026-09-17,HIGH FIVE INDI,29.0
2026-09-17,HILLBILLY HUNTER,32.3
2026-09-17,HILLBILLY ROCKY,26.6
2026-09-17,HILLTOP HOOD,31.3
2026-09-17,HIM TARZAN,34.7
2026-09-17,HIS SPECIAL,32.8
2026-09-17,HOKKAIDO EXPRESS,30.7
2026-09-17,HOLDEN BALE,33.9
2026-09-17,HOLLY HOOK,29.7
2026-09-17,HOLLYWOOD FRANKY,32.6
2026-09-17,HONEY STIRRER,30.1
2026-09-17,HONOURING TURBO,30.9
2026-09-17,HOT ROCKER,27.0
2026-09-17,I'M EASY,34.1
2026-09-17,I'M FABULOUS,27.2
2026-09-17,I'M TO BLAME,33.0
2026-09-17,ILIUM,25.8
2026-09-17,IMITATED,27.4
2026-09-17,INCINERATE,34.7
2026-09-17,INFLECTION POINT,34.7
2026-09-17,INGA JOHNNY,32.7
2026-09-17,INGA JOKER,30.6
2026-09-17,IVORY INZAI,31.1
2026-09-17,IVORY MIHARA,26.8
2026-09-17,IVORY QUILL,26.3
2026-09-17,IVORY RAMEN,25.3
2026-09-17,JACK HOOK,30.3
2026-09-17,JILL'S FANTASY,27.4
2026-09-17,JOEY,35.1
2026-09-17,JUMBUK FUNI,26.2
2026-09-17,JUMBUK SACHIN,31.6
2026-09-17,JUMBUK SUGAR BUG,24.3
2026-09-17,JUMBUK WANG WANG,29.0
2026-09-17,JUST BELIEVE,31.5
2026-09-17,JUST GOT PAID,34.3
2026-09-17,KADE'S THUNDER,32.5
2026-09-17,KAELIX JEWEL,28.7
2026-09-17,KALUNA CHAOS,34.8
2026-09-17,KARA DANVERS,30.2
2026-09-17,KAREN'S WITCH,25.7
2026-09-17,KATIE BELL,29.7
2026-09-17,KEN KANEKI,31.3
2026-09-17,KEY PHILOSOPHY,33.8
2026-09-17,KIPTUM,35.7
2026-09-17,KIWI BIRCHIP,36.9
2026-09-17,KIWI FRED,34.4
2026-09-17,KIWI HANK,42.9
2026-09-17,KIWI LISMORE,31.4
2026-09-17,KNIFE EDGE,29.8
2026-09-17,KORDA INTENTION,30.8
2026-09-17,KUNAMA NAMADGI,26.3
2026-09-17,LAURA MAY,29.2
2026-09-17,LAURISTON GIRL,27.6
2026-09-17,LEGACY MAN,30.8
2026-09-17,LEKTRA DAMIAN,34.2
2026-09-17,LEKTRA HARMONY,29.6
2026-09-17,LEKTRA PRINCESS,26.6
2026-09-17,LEROY'S GIRL,26.1
2026-09-17,LET'S GO THOMAS,31.4
2026-09-17,LET'S WIN BINGO,25.6
2026-09-17,LIGHTNING RANGE,30.0
2026-09-17,LIKE A BLAZE,30.3
2026-09-17,LIKE A ROCK,32.5
2026-09-17,LILLY ZOOM,26.9
2026-09-17,LITTLE BUTTON,23.8
2026-09-17,LITTLE FLOWER,29.0
2026-09-17,LOCHINVAR GIFT,28.5
2026-09-17,LOCHINVAR HUMMER,34.9
2026-09-17,LOCO BOOM,31.6
2026-09-17,LOCO KADE,24.7
2026-09-17,LONGINIDIS,31.3
2026-09-17,LOUD MOUTH LOUIE,33.9
2026-09-17,LUCKY CABANG,33.7
2026-09-17,LUMBAR,26.1
2026-09-17,LUSH HOUR,29.3
2026-09-17,MAGIC LOKI,33.0
2026-09-17,MAIGRET,28.8
2026-09-17,MAJOR ORSON,34.6
2026-09-17,MAJOR WAIT,27.1
2026-09-17,MAN OF COURAGE,27.8
2026-09-17,MARBLE SUNSET,28.1
2026-09-17,MARSHAL LEE ROSE,35.5
2026-09-17,MASHED POTATO,30.1
2026-09-17,MASTER COPY,32.6
2026-09-17,MASTER YOUR MIND,29.2
2026-09-17,MAXIMUM REED,28.0
2026-09-17,MCIVOR JEWELS,27.5
2026-09-17,MCKERCHER,30.8
2026-09-17,MELLOW STAR,27.0
2026-09-17,MELVIN BALE,31.9
2026-09-17,MEPUNGA BROCKIE,34.3
2026-09-17,MEPUNGA DONNA,28.8
2026-09-17,MEPUNGA FLYER,33.9
2026-09-17,MEPUNGA RULE,32.1
2026-09-17,MEPUNGA TURBO,31.2
2026-09-17,MEPUNGA VELVET,27.9
2026-09-17,MIDWAY MISSION,30.6
2026-09-17,MIGHTY MISS,27.8
2026-09-17,MIGHTY SCAR,34.0
2026-09-17,MILLY LILY,27.7
2026-09-17,MINI EASY,22.4
2026-09-17,MISCHIEF MATE,35.1
2026-09-17,MISS BARBIE,25.5
2026-09-17,MISS COCO,28.5
2026-09-17,MISS IRENE,27.7
2026-09-17,MISS JO,28.4
2026-09-17,MISS SPARKLES,28.6
2026-09-17,MISS WONG,29.3
2026-09-17,MISTER RICO,33.4
2026-09-17,MOLLY MCKAYLA,27.2
2026-09-17,MOLLY ROCHELLE,28.3
2026-09-17,MONEY PALACE,32.0
2026-09-17,MOONLIGHT MILLER,32.2
2026-09-17,MORAINE ARNIE,34.9
2026-09-17,MORAINE BLUEY,34.5
2026-09-17,MORAINE KOBY,34.2
2026-09-17,MORAINE LEAH,28.8
2026-09-17,MORAINE SARA,26.4
2026-09-17,MORNING DAISY,28.3
2026-09-17,MOSI,35.7
2026-09-17,MOTIVATE,33.6
2026-09-17,MR. FIELD,37.7
2026-09-17,MR. WALSH,35.0
2026-09-17,MRS. CHIVES,26.1
2026-09-17,MRS. SMITH,27.3
2026-09-17,MY MATE,29.2
2026-09-17,MY NAME'S EVELYN,27.8
2026-09-17,MYALL MATE,33.0
2026-09-17,MYSTIC LULU,24.4
2026-09-17,NARINGAL LAD,33.5
2026-09-17,NAVY DAVIES,32.4
2026-09-17,NEBULA BALE,29.9
2026-09-17,NEIL THE SEAL,33.6
2026-09-17,NICMAC ACE,33.0
2026-09-17,NOBLE DASH,33.3
2026-09-17,NOSEY BLUEY,33.5
2026-09-17,NOVA INTENTION,27.4
2026-09-17,NOVA OWEN,30.5
2026-09-17,NOVA ROSE,27.8
2026-09-17,OKAY BOSS,32.7
2026-09-17,OKLAHOMA BALE,32.2
2026-09-17,OLIVER KELTON,35.0
2026-09-17,OLLIE REIKO,34.5
2026-09-17,ONE FEATHER,26.9
2026-09-17,OPAWA ELVIS,31.0
2026-09-17,OPAWA EMILY,27.3
2026-09-17,OPAWA FANNIN,32.0
2026-09-17,OPAWA HASS,32.2
2026-09-17,OPAWA POSTMAN,31.8
2026-09-17,OSCAR MIKE,31.9
2026-09-17,OUR BANK,31.5
2026-09-17,OUR MISS MAGGIE,28.1
2026-09-17,OUR PATCH,31.4
2026-09-17,OUR RUPEE,31.3
2026-09-17,OUTSIDES,32.2
2026-09-17,OZA ONE,29.0
2026-09-17,PADDY'S CHARIOT,32.9
2026-09-17,PADDY'S WAY,31.2
2026-09-17,PALE GREEN STAR,27.3
2026-09-17,PAR EXCELLENCE,34.0
2026-09-17,PARIS MASH,27.3
2026-09-17,PATTY BOUVIER,25.2
2026-09-17,PAW ALLESANDRA,27.3
2026-09-17,PAW AMALFI,27.8
2026-09-17,PAW ARCHIE,31.5
2026-09-17,PAW BASTOW,29.6
2026-09-17,PAW CAMPUS,26.6
2026-09-17,PAW CARVER,34.6
2026-09-17,PAW DIPPY,29.2
2026-09-17,PAW DROGO,31.6
2026-09-17,PAW ESTRELLA,28.4
2026-09-17,PAW GEORGIE,29.9
2026-09-17,PAW GORDY,34.6
2026-09-17,PAW GUSTO,32.1
2026-09-17,PAW HAZELTON,31.4
2026-09-17,PAW IOWA,32.1
2026-09-17,PAW IRULAN,26.8
2026-09-17,PAW JANNY,25.0
2026-09-17,PAW JAXSON,31.4
2026-09-17,PAW JELANI,33.1
2026-09-17,PAW JESSABELLE,25.8
2026-09-17,PAW KATTIA,27.3
2026-09-17,PAW LAUI,32.7
2026-09-17,PAW LOVISA,25.7
2026-09-17,PAW MADDISON,24.7
2026-09-17,PAW MANNY,29.7
2026-09-17,PAW MAUD,27.4
2026-09-17,PAW NILBERT,32.9
2026-09-17,PAW NIMBUS,35.5
2026-09-17,PAW NITRO,30.0
2026-09-17,PAW OLENA,26.8
2026-09-17,PAW ORTIZ,31.0
2026-09-17,PAW PALMER,34.0
2026-09-17,PAW QATAR,31.3
2026-09-17,PAW QUEBEC,35.7
2026-09-17,PAW QUINBY,31.4
2026-09-17,PAW QUINTESSA,27.3
2026-09-17,PAW QUIVER,35.1
2026-09-17,PAW QWERTY,27.4
2026-09-17,PAW RAELIA,26.9
2026-09-17,PAW RAMELLO,27.1
2026-09-17,PAW RAYNOR,33.4
2026-09-17,PAW REYA,32.5
2026-09-17,PAW RIVAL,31.9
2026-09-17,PAW TORONTO,32.9
2026-09-17,PAW UMA,29.9
2026-09-17,PAW URLA,29.4
2026-09-17,PAW VERITY,32.1
2026-09-17,PAW VINE,28.2
2026-09-17,PAW VOLTRON,30.4
2026-09-17,PAW VORTEX,31.2
2026-09-17,PAW WARRINGAH,29.5
2026-09-17,PAW WONDER,30.2
2026-09-17,PAW XANDY,23.5
2026-09-17,PAW XEROX,31.4
2026-09-17,PAW XHANI,25.9
2026-09-17,PAW YARIS,26.9
2026-09-17,PAW YAZ,26.7
2026-09-17,PAW ZENITH,33.2
2026-09-17,PAW ZEVON,32.5
2026-09-17,PAW ZILLIE,28.2
2026-09-17,PERFECT GLOSS,26.2
2026-09-17,PERFECT JENNY,27.6
2026-09-17,PETALI,30.2
2026-09-17,PHOENIX RED,32.7
2026-09-17,PINK MOSCATO,27.9
2026-09-17,PLAIN SAINT,33.9
2026-09-17,PLEASANT DREAMS,33.5
2026-09-17,POLLY GOLD,25.1
2026-09-17,POP IT UP,25.7
2026-09-17,POWER SQUEEZE,32.6
2026-09-17,PRINCE VALHALLA,32.2
2026-09-17,PRINCESS LASS,28.1
2026-09-17,PUBLIC HOUSE,27.4
2026-09-17,QUINLEE BALE,28.5
2026-09-17,RAM RAID,36.8
2026-09-17,RANGER'S GIRL,27.9
2026-09-17,RANSOM,30.5
2026-09-17,RAPID BURST,33.5
2026-09-17,RATTLE AND HUM,37.2
2026-09-17,RAVEN FORCE,28.7
2026-09-17,READY ONE,32.7
2026-09-17,RECHARGE,27.8
2026-09-17,RED CABANG,35.8
2026-09-17,RED NOSE,31.5
2026-09-17,REG,35.3
2026-09-17,REGAL TEX,31.4
2026-09-17,REGGAE MISS,27.8
2026-09-17,REIKO COMET,29.8
2026-09-17,RELIABLE MOTOR,30.0
2026-09-17,REUBEN HILL,38.0
2026-09-17,REV IAN,34.5
2026-09-17,RHYTHMIC ENERGY,32.9
2026-09-17,RIGHT PATH,31.5
2026-09-17,RIPPER RUFUS,32.1
2026-09-17,RITA PAIGE,27.3
2026-09-17,ROARING ENGINE,31.8
2026-09-17,ROCKY CABANG,36.0
2026-09-17,ROSE OPAL,28.0
2026-09-17,RUMOUR I'M BROKE,35.6
2026-09-17,RUNWAY JADE,25.5
2026-09-17,RUNWAY STORM,29.5
2026-09-17,SAFFRON MONSOON,26.4
2026-09-17,SAINT BERNARDO,33.4
2026-09-17,SAINT FINNIE,26.5
2026-09-17,SAINT FRANKLIN,29.9
2026-09-17,SAINT RAINE,27.1
2026-09-17,SAINT TAY,28.2
2026-09-17,SCARY STORM,32.4
2026-09-17,SCHEMING MCLEAN,33.0
2026-09-17,SCOTT ALIFEROUS,26.2
2026-09-17,SCOTT IMPOSTER,31.4
2026-09-17,SCOTT VICIOUS,30.3
2026-09-17,SEATS TWO,28.2
2026-09-17,SHADE OF PALE,36.0
2026-09-17,SHAGGY BILLIE,25.3
2026-09-17,SHALLOW SALLY,29.4
2026-09-17,SHEIKH OF TWEAK,31.3
2026-09-17,SHIMA LITE,31.0
2026-09-17,SHIMA STRIPE,31.0
2026-09-17,SIMPLY FRIENDS,29.9
2026-09-17,SLAY QUEEN MOLLY,27.9
2026-09-17,SLICK NITRO,26.7
2026-09-17,SMASH 'EM,34.6
2026-09-17,SNOW ROAD,30.9
2026-09-17,SO GLAMOROUS,26.6
2026-09-17,SON OF WITCHY,32.3
2026-09-17,SPACE KING,34.3
2026-09-17,SPANISH FAWN,27.4
2026-09-17,SPICE ROAD,38.2
2026-09-17,SPICY SEDUCTION,28.5
2026-09-17,SPRING ESPRESSO,29.4
2026-09-17,SPRING MILES,31.6
2026-09-17,SPRING QUIZ,33.6
2026-09-17,STAR REBEL,32.6
2026-09-17,STARLET BALE,28.0
2026-09-17,STARSHIP,34.5
2026-09-17,STIDHAM KANSAS,26.1
2026-09-17,STIDHAM NEBRASKA,31.6
2026-09-17,STILL A BELIEVER,30.1
2026-09-17,SUBLIME,35.6
2026-09-17,SUGARCANE,28.3
2026-09-17,SURF'S UP,32.4
2026-09-17,SWAN ISLAND,25.8
2026-09-17,SWEET BEGONIA,27.2
2026-09-17,TANDANYA,32.3
2026-09-17,TASTE,27.8
2026-09-17,TAWNY TEARS,26.6
2026-09-17,TEQUILA BLINDER,29.4
2026-09-17,THORKILDSEN,30.0
2026-09-17,THREE VICTORY,31.2
2026-09-17,TICK RETURNS,26.1
2026-09-17,TIGER ANNIE,26.1
2026-09-17,TIGER MOTH,32.2
2026-09-17,TIME PERPETUATED,27.2
2026-09-17,TOMMY MARRA,31.7
2026-09-17,TOMMY THE HOOD,33.6
2026-09-17,TORNADO TESSA,26.9
2026-09-17,TRENDY ART,28.6
2026-09-17,TRENDY TOMMY,28.9
2026-09-17,TRICKY DISCO,33.0
2026-09-17,TRUMPET TEARS,32.2
2026-09-17,TURBO STRIKE,26.6
2026-09-17,TYSON HOOK,35.5
2026-09-17,UBIQUITOUS,33.6
2026-09-17,ULENTA BALE,26.8
2026-09-17,VACATION CALLING,32.1
2026-09-17,VAPORIZE,33.6
2026-09-17,VESTA BALE,28.0
2026-09-17,VISTA EMU,29.1
2026-09-17,WAH CEDAR,31.3
2026-09-17,WAH ELM,28.8
2026-09-17,WAH JARRAH,31.7
2026-09-17,WAH TEAK,33.5
2026-09-17,WALTZING BLASTER,31.2
2026-09-17,WALTZING DIABLO,33.1
2026-09-17,WARREN'S LEDGER,36.9
2026-09-17,WATER MAKER,33.6
2026-09-17,WAVE IN SEA,35.0
2026-09-17,WEBLEC MEMPHIS,31.6
2026-09-17,WEBLEC RACHAEL,27.8
2026-09-17,WELLERMAN,38.4
2026-09-17,WHERE'S HUNTLY,30.2
2026-09-17,WHERE'S MICK,31.1
2026-09-17,WHIPSTICK JORDAN,33.7
2026-09-17,WHISKEY WHISKERS,34.7
2026-09-17,WHITE SHIRAZ,25.9
2026-09-17,WHODAT JEWEL,26.6
2026-09-17,WHODAT WHISKEY,27.2
2026-09-17,WILDFIRE ROSE,24.8
2026-09-17,WILE COYOTE,27.7
2026-09-17,WINDORAH,28.1
2026-09-17,WINNING RATIO,36.3
2026-09-17,WOODSIDE WOMBAT,24.9
2026-09-17,WORDS,28.2
2026-09-17,WYONG BARNABY,34.6
2026-09-17,WYONG HOUSTON,26.0
2026-09-17,XARA NAVY,33.7
2026-09-17,XARA OCTAVE,30.6
2026-09-17,XARA'S JAI,39.2
2026-09-17,XARA'S LEON,36.5
2026-09-17,YOU FOUND ME,27.2
2026-09-17,ZAIDE'S BOY,33.6
2026-09-17,ZINZAN CIAN,28.1
2026-09-17,ZINZAN SAMMY,32.4
2026-09-17,ZIPPING ANDORA,28.3
2026-09-17,ZIPPING ARVADA,28.1
2026-09-17,ZIPPING MARIE,27.8
2026-09-17,ZIPPING MEHARY,31.6
2026-09-17,ZIPPING NUTTALL,25.6
2026-09-17,ZIPPING SIGRID,27.4
2026-09-17,ZIPPING SINGH,33.8
2026-09-17,ZIPPING TESFAY,29.9
2026-09-18,ABOVE THEM ALL,26.2
2026-09-18,ABRACADABRA,27.6
2026-09-18,ADA'S HAND,25.6
2026-09-18,ADRENALINE BURST,33.2
2026-09-18,AFTERGLOW GIRL,30.0
2026-09-18,AGENT TWENTY ONE,32.2
2026-09-18,ALPINE FURY,29.9
2026-09-18,ANALYZATION,35.0
2026-09-18,ANGRY CHIEF,33.3
2026-09-18,ANGRY ELLIE,24.9
2026-09-18,ANTHOLOGY,32.8
2026-09-18,ASH INTENTION,28.7
2026-09-18,ASKERN VIOLET,27.9
2026-09-18,ASTON AQUITAINE,28.6
2026-09-18,ASTON BERRY,31.0
2026-09-18,ASTON CASTLE,34.2
2026-09-18,ASTON CLEESE,32.7
2026-09-18,ASTON COMMANDER,33.1
2026-09-18,ASTON EXCLUSIVE,31.2
2026-09-18,ASTON FINNISS,23.8
2026-09-18,ASTON FONTAINE,34.4
2026-09-18,ASTON HERCULES,33.2
2026-09-18,ASTON LORENZ,32.8
2026-09-18,ASTON MACHINE,33.5
2026-09-18,ASTON NATIONAL,29.6
2026-09-18,ASTON POLICY,27.4
2026-09-18,ASTON PROTON,26.8
2026-09-18,ATTICA BLUE,29.9
2026-09-18,AUSSIE MIRAGE,32.4
2026-09-18,AUSSIE WAGYU,31.0
2026-09-18,AUSTRAL WARRIORS,32.6
2026-09-18,AUTUMN GOLD,25.5
2026-09-18,AUTUMN POPPY,27.6
2026-09-18,AUTUMN ROSE,26.1
2026-09-18,AZERI,26.5
2026-09-18,AZZURRO,31.1
2026-09-18,BAROOGA JIM,32.1
2026-09-18,BASH BOY GIBLET,37.3
2026-09-18,BEAR HAND,30.7
2026-09-18,BEBOP JAZZ,26.8
2026-09-18,BELAIR LAUREL,27.2
2026-09-18,BENARCA ROSE,28.7
2026-09-18,BERGHAIN,25.8
2026-09-18,BEST FOR LAST,31.7
2026-09-18,BETTY'S GARDEN,29.2
2026-09-18,BICEP,31.7
2026-09-18,BIG BARREL,34.2
2026-09-18,BIG BOY PANTS,33.4
2026-09-18,BIG WATCH,29.2
2026-09-18,BINDY BLAZER,27.4
2026-09-18,BIOLLANTE,29.7
2026-09-18,BITTY BUT,24.4
2026-09-18,BLACK MARVEL,35.7
2026-09-18,BLACK RAIDER,30.3
2026-09-18,BLACK STATESMAN,34.0
2026-09-18,BLAZING TURBO,31.2
2026-09-18,BLUE POOLS,36.1
2026-09-18,BLUE TROMBONE,30.5
2026-09-18,BLUER THAN BLUE,33.6
2026-09-18,BOMB OVER,31.9
2026-09-18,BRAVE ISLAND,32.4
2026-09-18,BREAKING CURFEW,24.0
2026-09-18,BREAKN' A SWEAT,34.6
2026-09-18,BROTHER EASY,30.3
2026-09-18,BULL ROSE,32.6
2026-09-18,BURN ALONG,36.0
2026-09-18,BUSH BIG SHOW,31.8
2026-09-18,BUSH CIRCUS,25.7
2026-09-18,BUSH JEWEL,25.5
2026-09-18,BUSH MAYHEM,32.0
2026-09-18,BUSH PROFIT,25.1
2026-09-18,CACKLING SUZIE,26.7
2026-09-18,CACO MAGIC,33.9
2026-09-18,CANYA VIVI,26.1
2026-09-18,CAPRICORN ONE,29.7
2026-09-18,CENTAUREA,33.6
2026-09-18,CHAMPLAIN,28.7
2026-09-18,CHATTERBUG,27.6
2026-09-18,CHEEKY ALESSIA,29.0
2026-09-18,CHEEKY CHOMPERS,33.6
2026-09-18,CHEER CHEER,31.4
2026-09-18,CHEVRON STROLL,28.9
2026-09-18,CHILL OUT PLATE,30.2
2026-09-18,CLEAR SLATE,31.8
2026-09-18,COLLESSIE,30.6
2026-09-18,COLLINDA POPS,27.5
2026-09-18,COMMANCHE JACK,31.5
2026-09-18,COMMISSIONER,35.5
2026-09-18,COMPLETE,26.3
2026-09-18,CONQUER,34.3
2026-09-18,CONTRADICTION,35.6
2026-09-18,COOL DISGUISE,26.8
2026-09-18,CORBAN YAXLEY,33.6
2026-09-18,COUSIN SAL,31.3
2026-09-18,CRACKERJACK KEV,32.6
2026-09-18,CRIMSON PIRATE,32.9
2026-09-18,CRY BABY GIBLET,33.9
2026-09-18,DAINTREE DAMAGE,34.2
2026-09-18,DAPPER JACK,34.2
2026-09-18,DASH INTENTION,25.3
2026-09-18,DAVE,30.7
2026-09-18,DERRY,33.8
2026-09-18,DESPICABLE ANDY,34.3
2026-09-18,DIMORA BIG BOY,32.8
2026-09-18,DIRTY NALA,26.6
2026-09-18,DIRTY ROXY,27.7
2026-09-18,DISPARAGE,34.1
2026-09-18,DIVOT,30.8
2026-09-18,DOONGALLA AL,34.0
2026-09-18,DOONGALLA DON,32.9
2026-09-18,DOONGALLA GHOST,30.4
2026-09-18,DOONGALLA MIMIC,33.0
2026-09-18,DOONGALLA ROCKET,31.4
2026-09-18,DOONGALLA SHANE,30.6
2026-09-18,DOWNER ROAD,31.0
2026-09-18,DREAM ON JUNIOR,30.8
2026-09-18,DRINK WATER,31.8
2026-09-18,DRINKS AFTER,32.2
2026-09-18,DUNDEE PIXIE,26.6
2026-09-18,DUNDEE REX,32.1
2026-09-18,DUNDEE SKYE,28.2
2026-09-18,DYLAN JAMES,29.1
2026-09-18,ELECTROJET,32.7
2026-09-18,ELLA INTENTION,31.5
2026-09-18,ELLIS UNIT ONE,33.1
2026-09-18,ELMA'S GIRL,26.5
2026-09-18,ESPOIR,25.7
2026-09-18,EVENTUATE,26.1
2026-09-18,EXCITED TWITCH,26.5
2026-09-18,FIRE WATER BURN,30.9
2026-09-18,FLAMING SMOOTH,32.6
2026-09-18,FLYING DUCATI,32.5
2026-09-18,FLYING ROYCE,34.6
2026-09-18,FLYING SARA,29.1
2026-09-18,FRANKY'S LASS,26.6
2026-09-18,FURIOUS FALCON,32.3
2026-09-18,GAPING MARGIN,25.3
2026-09-18,GAS AND DUST,31.4
2026-09-18,GENERAL FRANKY,32.1
2026-09-18,GENERATOR,26.4
2026-09-18,GEORGIE SUNSHINE,29.2
2026-09-18,GERONIMO DASH,30.5
2026-09-18,GO FISH,33.3
2026-09-18,GO FLASH GO,37.3
2026-09-18,GO HOME GIRL,27.8
2026-09-18,GOING NUCLEAR,30.5
2026-09-18,GOLD CODE,29.1
2026-09-18,GOLDEN MONELLI,33.2
2026-09-18,GRAY GROUPER,35.2
2026-09-18,GRENADIER,31.5
2026-09-18,GREYSYND BONNIE,27.4
2026-09-18,GRIZZLER,26.3
2026-09-18,GROOT BALE,35.4
2026-09-18,HAMMER ROSE,31.3
2026-09-18,HAPPY DAD,31.7
2026-09-18,HARD COMPASS,33.3
2026-09-18,HARD STYLE ROBBO,30.5
2026-09-18,HE'S MAGIC,29.2
2026-09-18,HEAVEN MADE,25.3
2026-09-18,HERE COMES BILLY,32.8
2026-09-18,HIGH FIVE INDI,29.0
2026-09-18,HIGHWAY HOOLIGAN,34.4
2026-09-18,HILLBILLY TIGER,28.7
2026-09-18,HOKKAIDO EXPRESS,30.7
2026-09-18,HOLDEN BALE,33.9
2026-09-18,HOLLY ROSE,28.1
2026-09-18,HONEY STIRRER,30.1
2026-09-18,HOPE GIBLET,28.9
2026-09-18,HOPE JUAN,32.1
2026-09-18,HOW MUCH LONGER,31.1
2026-09-18,HUGO ROSE,33.4
2026-09-18,I'M TO BLAME,33.0
2026-09-18,ILIUM,25.8
2026-09-18,IMPACTING,32.3
2026-09-18,IMPOSTER,33.6
2026-09-18,INGA JOHNNY,32.7
2026-09-18,INGA JOKER,30.6
2026-09-18,IT'S BUBBLE TIME,30.3
2026-09-18,IVORY INZAI,31.1
2026-09-18,IVORY MIHARA,26.8
2026-09-18,JACQUI MOSS,25.7
2026-09-18,JILL'S FANTASY,27.4
2026-09-18,JOHN BOY,33.2
2026-09-18,JUST QUICKLY,28.2
2026-09-18,KAIA GOT SQUARE,28.9
2026-09-18,KATIE BELL,29.7
2026-09-18,KEN KANEKI,31.3
2026-09-18,KIWI BIRCHIP,36.9
2026-09-18,KIWI HANK,42.9
2026-09-18,KODA,37.8
2026-09-18,KOPACKI RIT,31.1
2026-09-18,KRAKEN GINGER,37.5
2026-09-18,LADY JULIA,28.5
2026-09-18,LADY PERSIMMON,29.0
2026-09-18,LAKEVIEW CHASER,31.0
2026-09-18,LAKEVIEW LIAM,35.9
2026-09-18,LAKEVIEW SKY,28.0
2026-09-18,LAKEVIEW TRACKER,33.3
2026-09-18,LEGACY MAN,30.8
2026-09-18,LEKTRA AELA,24.2
2026-09-18,LEKTRA DAMIAN,34.2
2026-09-18,LEKTRA HARMONY,29.6
2026-09-18,LEKTRA PRINCESS,26.6
2026-09-18,LET'S GO THOMAS,31.4
2026-09-18,LET'S WIN BINGO,25.6
2026-09-18,LIKE A ROCK,32.5
2026-09-18,LINDENOW BUSTER,34.5
2026-09-18,LITTLE AMIGO,33.8
2026-09-18,LITTLE WEASEL,26.3
2026-09-18,LIVIN' LAVISH,31.7
2026-09-18,LOCHINVAR THOR,34.3
2026-09-18,LOCO BOOM,31.6
2026-09-18,LOVE BUG GIBLET,28.5
2026-09-18,LOVE HURTS,32.3
2026-09-18,LOVELY LAINEY,26.9
2026-09-18,LUCKY LIMO,26.5
2026-09-18,LUCKY SPIN,33.3
2026-09-18,LUMBAR,26.1
2026-09-18,MADE EASY,31.7
2026-09-18,MAGIC LOKI,33.0
2026-09-18,MANCHESTER TREV,33.1
2026-09-18,MANTIS BALE,29.1
2026-09-18,MARSHAL LEE ROSE,35.5
2026-09-18,MAXI GRIN,32.5
2026-09-18,MEPUNGA BROCKIE,34.3
2026-09-18,MEPUNGA DONNA,28.8
2026-09-18,MEPUNGA EXPRESS,31.3
2026-09-18,MEPUNGA PHANTOM,32.9
2026-09-18,MEPUNGA RULE,32.1
2026-09-18,MEPUNGA TURBO,31.2
2026-09-18,MEPUNGA VELVET,27.9
2026-09-18,MEPUNGA ZIRCON,33.8
2026-09-18,MEXICAN JACK,32.0
2026-09-18,MICHELIN GIBLET,31.9
2026-09-18,MIDNIGHT JED,32.6
2026-09-18,MIDWAY MISSION,30.6
2026-09-18,MIGHTY HEIGHTY,30.0
2026-09-18,MIKADO MANIA,28.6
2026-09-18,MINH TEDDY,35.3
2026-09-18,MINTER DELICIOUS,24.4
2026-09-18,MISCHIEF MATE,35.1
2026-09-18,MISS COCO,28.5
2026-09-18,MISS INDI BEAR,29.4
2026-09-18,MISTER RICO,33.4
2026-09-18,MISTRESS GRACE,27.2
2026-09-18,MOLLY MCKAYLA,27.2
2026-09-18,MOLLY ROCHELLE,28.3
2026-09-18,MONELLI GIRL,26.8
2026-09-18,MONEY PALACE,32.0
2026-09-18,MONIQUE GIBLET,30.9
2026-09-18,MOONLIGHT MILLER,32.2
2026-09-18,MORAINE ARNIE,34.9
2026-09-18,MORAINE BLUEY,34.5
2026-09-18,MORAINE KOBY,34.2
2026-09-18,MORAINE SARA,26.4
2026-09-18,MORE BEER PLEASE,31.5
2026-09-18,MOTHER GEORGIA,30.0
2026-09-18,MR. JONES,33.0
2026-09-18,MR. KIA ORA,34.9
2026-09-18,MR. WALSH,35.0
2026-09-18,MRS. CHIVES,26.1
2026-09-18,MUGSHOT,34.0
2026-09-18,MY AMBER,26.5
2026-09-18,MY MATE,29.2
2026-09-18,MY NAME'S EDEN,32.5
2026-09-18,MYSTERY NELL,26.5
2026-09-18,MYSTIC LULU,24.4
2026-09-18,NARINGAL LAD,33.5
2026-09-18,NEBULA BALE,29.9
2026-09-18,NEVER SURRENDER,31.5
2026-09-18,NIK INTENTION,27.5
2026-09-18,NOSEY BLUEY,33.5
2026-09-18,NOT SORRY,32.5
2026-09-18,NOVA ROSE,27.8
2026-09-18,ODDLY COOL,34.3
2026-09-18,OFF THE BEER,34.0
2026-09-18,OKAY BOSS,32.7
2026-09-18,OKLAHOMA BALE,32.2
2026-09-18,ON THE RIVER,34.8
2026-09-18,ONE FEATHER,26.9
2026-09-18,OPAWA EMILY,27.3
2026-09-18,OPAWA FANNIN,32.0
2026-09-18,OTTO ROSE,34.6
2026-09-18,OUR BANK,31.5
2026-09-18,OVERSTATED,33.1
2026-09-18,OZA AUDACITY,31.2
2026-09-18,OZA REIGN,24.5
2026-09-18,PADDY'S CHARIOT,32.9
2026-09-18,PADDY'S WAY,31.2
2026-09-18,PARTY AT NOON,35.9
2026-09-18,PARTY STEPS,37.7
2026-09-18,PATSY STONE,25.6
2026-09-18,PAW ALLESANDRA,27.3
2026-09-18,PAW AMARLI,27.7
2026-09-18,PAW BALLISTA,34.0
2026-09-18,PAW BRODY,33.8
2026-09-18,PAW CARVER,34.6
2026-09-18,PAW CHRISTIE,29.9
2026-09-18,PAW DROGO,31.6
2026-09-18,PAW ELODEE,27.6
2026-09-18,PAW ESTRELLA,28.4
2026-09-18,PAW FORRESTER,30.0
2026-09-18,PAW GERTRUDE,30.3
2026-09-18,PAW GORDY,34.6
2026-09-18,PAW GROWLITHE,32.7
2026-09-18,PAW HAZELTON,31.4
2026-09-18,PAW JAXSON,31.4
2026-09-18,PAW JESSABELLE,25.8
2026-09-18,PAW KABUTO,28.0
2026-09-18,PAW KATTIA,27.3
2026-09-18,PAW LAUI,32.7
2026-09-18,PAW LONNIE,33.6
2026-09-18,PAW LOVISA,25.7
2026-09-18,PAW NASCENT,26.6
2026-09-18,PAW NATULLO,31.6
2026-09-18,PAW NEBRASKA,24.6
2026-09-18,PAW NITRO,30.2
2026-09-18,PAW OLYMPUS,31.6
2026-09-18,PAW OSWALD,31.5
2026-09-18,PAW PALMER,34.0
2026-09-18,PAW PERLTA,27.4
2026-09-18,PAW QATAR,31.3
2026-09-18,PAW QUINBY,31.4
2026-09-18,PAW QWERTY,27.4
2026-09-18,PAW RAELIA,26.9
2026-09-18,PAW RAYNOR,33.4
2026-09-18,PAW REX,32.3
2026-09-18,PAW TREACLE,26.7
2026-09-18,PAW UMA,29.9
2026-09-18,PAW UNITY,22.7
2026-09-18,PAW URLA,29.4
2026-09-18,PAW VECNAR,31.1
2026-09-18,PAW VORTEX,31.2
2026-09-18,PAW WALDORF,32.1
2026-09-18,PAW WINDER,33.1
2026-09-18,PAW WONDER,30.2
2026-09-18,PAW XEROX,31.4
2026-09-18,PAW XHANI,25.9
2026-09-18,PAW YURI,30.5
2026-09-18,PAW ZEVON,32.5
2026-09-18,PAW ZILLIE,28.2
2026-09-18,PAW ZOHAN,30.3
2026-09-18,PAW ZURI,30.3
2026-09-18,PAY THE REG,24.3
2026-09-18,PEAKY COLLINDA,32.4
2026-09-18,PHOENIX RED,32.7
2026-09-18,PLAIN SAINT,33.9
2026-09-18,PLEASANT DREAMS,33.5
2026-09-18,POWDER DRY,34.1
2026-09-18,POWER SQUEEZE,32.6
2026-09-18,PRINCESS DOMI,26.6
2026-09-18,PUBLIC HOUSE,27.4
2026-09-18,PULLING DRAG,29.3
2026-09-18,QUEST FOR STYLE,27.8
2026-09-18,QUICK CUDDLE,31.2
2026-09-18,RACCOON MAYNE,28.1
2026-09-18,RATTLE AND HUM,37.2
2026-09-18,READY ONE,32.7
2026-09-18,REALITY EINSTEIN,33.8
2026-09-18,REALITY SECRET,27.7
2026-09-18,RECANTED,32.8
2026-09-18,REG,35.3
2026-09-18,REIKO COMET,29.8
2026-09-18,REIKO ZOOM,30.1
2026-09-18,RELAX MATE,34.0
2026-09-18,RELIABLE MOTOR,30.0
2026-09-18,REV IAN,34.5
2026-09-18,RHYTHMIC ENERGY,32.9
2026-09-18,RIGHT PATH,31.5
2026-09-18,RING,34.6
2026-09-18,RIPPER RAE,32.6
2026-09-18,RITA PAIGE,27.3
2026-09-18,ROARING ENGINE,31.8
2026-09-18,ROLLING EXPRESS,30.2
2026-09-18,RUBY'S SHOW,28.0
2026-09-18,RUNWAY BLUE,28.0
2026-09-18,SAFFRON MONSOON,26.4
2026-09-18,SAINT FINNIE,26.5
2026-09-18,SAINT RAINE,27.1
2026-09-18,SAINT TAY,28.2
2026-09-18,SCHEMING MCLEAN,33.0
2026-09-18,SCOTT ALIFEROUS,26.5
2026-09-18,SCOTT VICIOUS,30.3
2026-09-18,SEATS TWO,28.2
2026-09-18,SECRET BLISS,25.4
2026-09-18,SECRET JOKER,32.7
2026-09-18,SHADY LADY,27.1
2026-09-18,SHARAPOVA STAR,26.5
2026-09-18,SHE REACTS,24.8
2026-09-18,SHEIKH OF TWEAK,31.3
2026-09-18,SILENT KNIGHT,34.2
2026-09-18,SIN CITY NIGHTS,37.2
2026-09-18,SLAY,26.7
2026-09-18,SLICK NITRO,26.7
2026-09-18,SOLID GROOVE,32.2
2026-09-18,SOUTHERN STYLE,28.6
2026-09-18,SPECIAL TEAMS,26.7
2026-09-18,SPLENDID RAIN,28.5
2026-09-18,SPRING MILES,31.6
2026-09-18,SPRINGER'S BOY,33.2
2026-09-18,STIDHAM NEBRASKA,31.6
2026-09-18,STILL TALKIN',27.1
2026-09-18,STORM,27.8
2026-09-18,STRAWBERRY HILLS,28.5
2026-09-18,STREET LEGAL,31.4
2026-09-18,SUNNY STRIDE,34.2
2026-09-18,SUPER BATMAN,33.6
2026-09-18,SUPER TONE,36.2
2026-09-18,SWEET AS AVA,26.7
2026-09-18,TAKE A JAGUAR,33.3
2026-09-18,TANDANYA,32.3
2026-09-18,TEXAS PRESIDENT,34.6
2026-09-18,THAT'S MY BOY,28.6
2026-09-18,TOFFEE WAR,33.1
2026-09-18,TOMMY CRUISER,30.4
2026-09-18,TORNADO TESSA,26.9
2026-09-18,TRACK THIRTEEN,36.8
2026-09-18,TRAVIS INTENTION,35.3
2026-09-18,TRIPPED OUT,31.5
2026-09-18,TRISSA BALE,29.2
2026-09-18,TRUMPET TEARS,32.2
2026-09-18,ULENTA BALE,26.8
2026-09-18,URANA MUFFIN,25.7
2026-09-18,URBAN BITES,29.5
2026-09-18,VACATION CALLING,32.1
2026-09-18,VESTA BALE,28.0
2026-09-18,VIKING RULER,31.1
2026-09-18,WANBI,32.3
2026-09-18,WE CAN,30.1
2026-09-18,WEBLEC MEMPHIS,31.6
2026-09-18,WHERE'S MICK,31.1
2026-09-18,WHODAT JEWEL,26.6
2026-09-18,WHY NOT IRIS,28.8
2026-09-18,WHY NOT OLIVIA,28.2
2026-09-18,WHY NOT SEB,34.5
2026-09-18,WILBERT,30.6
2026-09-18,WILD SERENA,32.0
2026-09-18,WILDFIRE ROSE,24.8
2026-09-18,WINNING RATIO,36.3
2026-09-18,WYONG HOUSTON,26.0
2026-09-18,XARA NAVY,33.7
2026-09-18,YONDU BALE,35.3
2026-09-18,ZIPPING ANDORA,28.3
2026-09-18,ZIPPING SAUVAGE,28.5
2026-09-18,ZIPPING SCOOBY,33.4
2026-09-18,ZIPPING SMEE,32.9
2026-09-18,ZIPPING TESFAY,29.9
2026-09-19,ABOVE THEM ALL,26.2
2026-09-19,ABRACADABRA,27.6
2026-09-19,ADA'S HAND,25.6
2026-09-19,AGENT TWENTY ONE,32.2
2026-09-19,ALPINE FURY,29.9
2026-09-19,ANALYZATION,35.0
2026-09-19,ANGRY CHIEF,33.3
2026-09-19,ANGRY ELLIE,24.9
2026-09-19,ANTHOLOGY,32.8
2026-09-19,ARCHER SWEET,33.7
2026-09-19,ASH INTENTION,28.7
2026-09-19,ASKERN VIOLET,27.9
2026-09-19,ASSASSINATOR,32.7
2026-09-19,ASTON BERRY,31.0
2026-09-19,ASTON LORENZ,32.8
2026-09-19,ASTON MISSILE,34.8
2026-09-19,ASTON NATIONAL,29.6
2026-09-19,ASTON POLICY,27.4
2026-09-19,ASTON PROTON,26.8
2026-09-19,ASTON TERESA,28.4
2026-09-19,ATTICA BLUE,29.9
2026-09-19,AUSSIE MIRAGE,32.4
2026-09-19,AUSSIE WAGYU,31.0
2026-09-19,AUSTRAL WARRIORS,32.6
2026-09-19,AUTUMN GOLD,25.5
2026-09-19,AUTUMN POPPY,27.6
2026-09-19,AWESOME BANDIT,30.5
2026-09-19,AZERI,26.5
2026-09-19,BANDIT SWAGGER,35.6
2026-09-19,BAROOGA JIM,32.1
2026-09-19,BASH BOY GIBLET,37.3
2026-09-19,BEAR HAND,30.7
2026-09-19,BEBOP JAZZ,26.8
2026-09-19,BELAIR ETHYL,27.3
2026-09-19,BENARCA ROSE,28.7
2026-09-19,BERGHAIN,25.8
2026-09-19,BETTY'S GARDEN,29.2
2026-09-19,BIG BARREL,34.2
2026-09-19,BIG BOY COOPER,31.2
2026-09-19,BIG BOY PANTS,33.4
2026-09-19,BIG WATCH,29.2
2026-09-19,BITTY BUT,24.4
2026-09-19,BLACK MARVEL,35.7
2026-09-19,BLACK RAIDER,30.3
2026-09-19,BLAZING TURBO,31.2
2026-09-19,BLUE POOLS,36.1
2026-09-19,BREAKING CURFEW,24.0
2026-09-19,BREAKN' A SWEAT,34.6
2026-09-19,BROOKLYN GIRL,28.6
2026-09-19,BROTHER EASY,30.3
2026-09-19,BULL ROSE,32.6
2026-09-19,BURN ALONG,36.0
2026-09-19,CACO MAGIC,33.9
2026-09-19,CANYA BOLT,34.0
2026-09-19,CANYA VIVI,26.1
2026-09-19,CENTAUREA,33.6
2026-09-19,CHEER CHEER,31.4
2026-09-19,CHEVRON STROLL,28.9
2026-09-19,CHILL OUT PLATE,30.2
2026-09-19,CLEAR SLATE,31.8
2026-09-19,CLEO'S STAR,26.9
2026-09-19,COLLINDA POPS,27.5
2026-09-19,COMMANCHE JACK,31.5
2026-09-19,COMMISSIONER,35.5
2026-09-19,COMPLETE,26.3
2026-09-19,CONQUER,34.3
2026-09-19,CONTRADICTION,35.6
2026-09-19,COUNT THE STARS,31.0
2026-09-19,CRACKERJACK KEV,32.6
2026-09-19,CRACKERJACK TREV,33.8
2026-09-19,CRIMSON PIRATE,32.9
2026-09-19,CRY BABY GIBLET,33.9
2026-09-19,DAINTREE DAMAGE,34.2
2026-09-19,DAPPER JACK,34.2
2026-09-19,DASH PARR,31.7
2026-09-19,DAVE,30.7
2026-09-19,DIRTY NALA,26.6
2026-09-19,DIRTY ROXY,27.7
2026-09-19,DISPARAGE,34.1
2026-09-19,DIVOT,30.8
2026-09-19,DOONGALLA AL,34.0
2026-09-19,DOONGALLA DON,32.9
2026-09-19,DOONGALLA GHOST,30.4
2026-09-19,DOONGALLA MIMIC,33.0
2026-09-19,DOONGALLA PARODY,26.6
2026-09-19,DOWNER ROAD,31.0
2026-09-19,DRINK WATER,31.8
2026-09-19,DRINKS AFTER,32.2
2026-09-19,DUNDEE PIXIE,26.6
2026-09-19,DUNDEE REX,32.1
2026-09-19,DUNDEE SKYE,28.2
2026-09-19,DYLAN JAMES,29.1
2026-09-19,EDIE MONSOON,28.1
2026-09-19,ELECTROJET,32.7
2026-09-19,ELLA INTENTION,31.5
2026-09-19,ELLIS UNIT ONE,33.1
2026-09-19,ELMA'S GIRL,26.5
2026-09-19,EXCITED TWITCH,26.5
2026-09-19,FIRE WATER BURN,30.9
2026-09-19,FLAMING SMOOTH,32.6
2026-09-19,FLYING DUCATI,32.5
2026-09-19,FOXY BARBELLA,30.4
2026-09-19,FRANKY'S LASS,26.6
2026-09-19,GAS AND DUST,31.4
2026-09-19,GENERATOR,26.4
2026-09-19,GEORGIE SUNSHINE,29.2
2026-09-19,GERONIMO DASH,30.5
2026-09-19,GO FISH,33.3
2026-09-19,GO FLASH GO,37.3
2026-09-19,GOLD CLASS COOL,29.9
2026-09-19,GOLDEN MONELLI,33.2
2026-09-19,GRAY GROUPER,35.2
2026-09-19,GRENADIER,31.5
2026-09-19,GREYSYND BONNIE,27.4
2026-09-19,GRIZZLER,26.3
2026-09-19,HAMMER ROSE,31.3
2026-09-19,HAPPY DAD,31.7
2026-09-19,HARD COMPASS,33.3
2026-09-19,HARD STYLE ROBBO,30.5
2026-09-19,HEATHCOTE RUPEE,34.8
2026-09-19,HEAVEN MADE,25.3
2026-09-19,HECTOR DARCY,36.0
2026-09-19,HERE COMES BILLY,32.8
2026-09-19,HIGH FIVE INDI,29.1
2026-09-19,HIGHLY CONNECTED,29.9
2026-09-19,HIGHWAY HOOLIGAN,34.4
2026-09-19,HILLBILLY TIGER,28.7
2026-09-19,HOLLY ROSE,28.1
2026-09-19,HONEST BEERS,25.2
2026-09-19,HOPE GIBLET,28.9
2026-09-19,HOPE JUAN,32.1
2026-09-19,HOW MUCH LONGER,31.1
2026-09-19,HUGO ROSE,33.4
2026-09-19,HURRIEDLY,34.7
2026-09-19,IMPACTING,32.3
2026-09-19,IMPOSTER,33.6
2026-09-19,IRISH ZOE,30.7
2026-09-19,IT'S BUBBLE TIME,30.3
2026-09-19,IVORY MIHARA,26.9
2026-09-19,JACQUI MOSS,25.7
2026-09-19,JILLIBY PIXIE,28.4
2026-09-19,JOHN BOY,33.2
2026-09-19,JOROGUMO,33.7
2026-09-19,JUST QUICKLY,28.2
2026-09-19,KAIA GOT SQUARE,28.9
2026-09-19,KING OF CHAOS,32.6
2026-09-19,KISS FOR CASH,29.5
2026-09-19,KODA,37.8
2026-09-19,KOPACKI RIT,31.1
2026-09-19,KRAKEN GINGER,37.5
2026-09-19,LADY JULIA,28.5
2026-09-19,LADY PERSIMMON,29.0
2026-09-19,LAKEVIEW CHASER,31.0
2026-09-19,LAKEVIEW LIAM,35.9
2026-09-19,LAKEVIEW SKY,28.0
2026-09-19,LAKEVIEW TRACKER,33.3
2026-09-19,LEKTRA AELA,24.2
2026-09-19,LINDENOW BUSTER,34.5
2026-09-19,LITTLE AMIGO,33.8
2026-09-19,LITTLE BONT,30.5
2026-09-19,LITTLE RAT,22.0
2026-09-19,LITTLE WEASEL,26.3
2026-09-19,LIVIN' LAVISH,31.7
2026-09-19,LOCHINVAR THOR,34.3
2026-09-19,LOVE BUG GIBLET,28.5
2026-09-19,LOVE HURTS,32.3
2026-09-19,LOVELY LAINEY,26.9
2026-09-19,LUCKY LIMO,26.5
2026-09-19,LUCKY SPIN,33.3
2026-09-19,MADE EASY,31.7
2026-09-19,MANCHESTER TREV,33.1
2026-09-19,MANIFESTO,28.3
2026-09-19,MANTIS BALE,29.1
2026-09-19,MAXI GRIN,32.5
2026-09-19,MEANINGFUL,25.9
2026-09-19,MEPUNGA EXPRESS,31.3
2026-09-19,MEPUNGA GYPSY,25.4
2026-09-19,MEPUNGA PHANTOM,32.9
2026-09-19,MEPUNGA ZIRCON,33.8
2026-09-19,MEXICAN JACK,32.0
2026-09-19,MICHELIN GIBLET,31.9
2026-09-19,MIDNIGHT JED,32.6
2026-09-19,MIGHTY HEIGHTY,30.0
2026-09-19,MIKADO MANIA,28.6
2026-09-19,MINH TEDDY,35.3
2026-09-19,MINTER DELICIOUS,24.4
2026-09-19,MISS INDI BEAR,29.4
2026-09-19,MISS JECKELL,28.5
2026-09-19,MISTRESS GRACE,27.2
2026-09-19,MONELLI GIRL,26.8
2026-09-19,MONIQUE GIBLET,30.9
2026-09-19,MONUMENT,32.0
2026-09-19,MORE BEER PLEASE,31.5
2026-09-19,MOTHER GEORGIA,30.0
2026-09-19,MR. JONES,33.0
2026-09-19,MR. KIA ORA,34.9
2026-09-19,MUGSHOT,34.0
2026-09-19,MY AMBER,26.5
2026-09-19,MY MATE CHARLIE,30.5
2026-09-19,MY NAME'S EDEN,32.5
2026-09-19,MYSTERY NELL,26.5
2026-09-19,NANCY DEVERE,28.6
2026-09-19,NEVER SURRENDER,31.5
2026-09-19,NIK INTENTION,27.5
2026-09-19,NOT SORRY,32.5
2026-09-19,ODDLY COOL,34.3
2026-09-19,OFF THE BEER,34.0
2026-09-19,ON THE RIVER,34.8
2026-09-19,ONE MORE DRAM,32.6
2026-09-19,OTTO ROSE,34.6
2026-09-19,OVERSTATED,33.1
2026-09-19,OZA AUDACITY,31.2
2026-09-19,OZA REIGN,24.5
2026-09-19,PARTY AT NOON,35.9
2026-09-19,PARTY STEPS,37.7
2026-09-19,PATSY STONE,25.6
2026-09-19,PAW AMALFI,27.6
2026-09-19,PAW AMARLI,27.7
2026-09-19,PAW BALLISTA,34.0
2026-09-19,PAW BRODY,33.8
2026-09-19,PAW BRUTUS,32.5
2026-09-19,PAW CHRISTIE,29.9
2026-09-19,PAW ELODEE,27.6
2026-09-19,PAW FORRESTER,30.0
2026-09-19,PAW FORTRESS,40.1
2026-09-19,PAW GERTRUDE,30.3
2026-09-19,PAW GREGSON,35.5
2026-09-19,PAW GROWLITHE,32.7
2026-09-19,PAW IRULAN,26.7
2026-09-19,PAW KABUTO,28.0
2026-09-19,PAW LONNIE,33.6
2026-09-19,PAW MONET,27.3
2026-09-19,PAW NASCENT,26.6
2026-09-19,PAW NATULLO,31.6
2026-09-19,PAW NEBRASKA,24.6
2026-09-19,PAW NITRO,30.2
2026-09-19,PAW OLYMPUS,31.6
2026-09-19,PAW ORENTHAL,34.1
2026-09-19,PAW OSWALD,31.5
2026-09-19,PAW PERLTA,27.4
2026-09-19,PAW REX,32.3
2026-09-19,PAW TORONTO,32.6
2026-09-19,PAW TREACLE,26.7
2026-09-19,PAW UNITY,22.7
2026-09-19,PAW VARNA,30.9
2026-09-19,PAW VECNAR,31.1
2026-09-19,PAW WALDORF,32.1
2026-09-19,PAW WINDER,33.1
2026-09-19,PAW YURI,30.5
2026-09-19,PAW ZHANA,29.3
2026-09-19,PAW ZOHAN,30.3
2026-09-19,PAW ZURI,30.3
2026-09-19,PAY THE REG,24.3
2026-09-19,PEAKY COLLINDA,32.4
2026-09-19,PERFECT PICTURE,27.8
2026-09-19,POINT BREAK,33.6
2026-09-19,POWDER DRY,34.1
2026-09-19,PRINCESS DOMI,26.6
2026-09-19,PULLING DRAG,29.3
2026-09-19,QUEST FOR STYLE,27.8
2026-09-19,QUICK CUDDLE,31.2
2026-09-19,RACCOON MAYNE,28.1
2026-09-19,REALITY EINSTEIN,33.8
2026-09-19,REALITY SECRET,27.7
2026-09-19,RECANTED,32.8
2026-09-19,REGAL SPENCER,32.9
2026-09-19,REIKO ZOOM,30.1
2026-09-19,RELAX MATE,34.0
2026-09-19,REV GORDON,39.1
2026-09-19,RING,34.6
2026-09-19,RIPPER RAE,32.6
2026-09-19,ROLLING EXPRESS,30.2
2026-09-19,RUBY'S SHOW,28.0
2026-09-19,RUNWAY BLUE,28.0
2026-09-19,SAINT FISHY,32.8
2026-09-19,SCOTT ALIFEROUS,26.5
2026-09-19,SCOTT CHARISMA,28.0
2026-09-19,SCOTT GREYSCALE,31.0
2026-09-19,SECRET BLISS,25.4
2026-09-19,SECRET JOKER,32.7
2026-09-19,SHADY LADY,27.1
2026-09-19,SHARAPOVA STAR,26.5
2026-09-19,SHE REACTS,24.8
2026-09-19,SHIMA BLUSH,34.2
2026-09-19,SILENT KNIGHT,34.2
2026-09-19,SIN CITY NIGHTS,37.2
2026-09-19,SLAY,26.7
2026-09-19,SLICK BADGER,35.4
2026-09-19,SOLID GROOVE,32.2
2026-09-19,SOUTH THAILAND,30.9
2026-09-19,SOUTHERN STYLE,28.6
2026-09-19,SPECIAL TEAMS,26.7
2026-09-19,SPIRALLING,34.0
2026-09-19,SPLENDID RAIN,28.5
2026-09-19,SPRINGER'S BOY,33.2
2026-09-19,STAR NOTE,31.4
2026-09-19,STARBORN,35.9
2026-09-19,STIDHAM ARIZONA,27.6
2026-09-19,STILL TALKIN',27.1
2026-09-19,STORM,27.8
2026-09-19,STRAWBERRY HILLS,28.5
2026-09-19,STREET LEGAL,31.4
2026-09-19,SUNNY LYN,29.5
2026-09-19,SUNNY STRIDE,34.2
2026-09-19,SUPER BATMAN,33.6
2026-09-19,SUPER TONE,36.2
2026-09-19,SURGE,32.2
2026-09-19,SWAYING,27.3
2026-09-19,SWEET AS AVA,26.7
2026-09-19,TAKE A JAGUAR,33.3
2026-09-19,TALLANGATTA,33.0
2026-09-19,TARBHACH,35.5
2026-09-19,TEXAS PRESIDENT,34.6
2026-09-19,THAT'S MY BOY,28.6
2026-09-19,TOFFEE WAR,33.1
2026-09-19,TOMMY CRUISER,30.4
2026-09-19,TRACK THIRTEEN,36.8
2026-09-19,TRAVIS INTENTION,35.3
2026-09-19,TRIPPED OUT,31.5
2026-09-19,TRISSA BALE,29.2
2026-09-19,UNCLE STILTSKIN,33.3
2026-09-19,URANA MUFFIN,25.7
2026-09-19,URANA STORM,26.5
2026-09-19,URBAN BITES,29.5
2026-09-19,VICTORY BARRY,36.0
2026-09-19,VIKING RULER,31.1
2026-09-19,WANBI,32.3
2026-09-19,WAVE IN SEA,35.7
2026-09-19,WE CAN,30.1
2026-09-19,WHOPPI DEVERE,29.9
2026-09-19,WHY NOT IRIS,28.8
2026-09-19,WHY NOT OLIVIA,28.2
2026-09-19,WHY NOT SEB,34.5
2026-09-19,WILBERT,30.6
2026-09-19,WILD SERENA,32.0
2026-09-19,WYONG HOUSTON,26.2
2026-09-19,XARA'S KEITH,36.0
2026-09-19,YALE DEAN,38.6
2026-09-19,YALE TURN,38.8
2026-09-19,YONDU BALE,35.3
2026-09-19,ZIPPING MEHARY,31.1
2026-09-19,ZIPPING SAUVAGE,28.5
2026-09-19,ZIPPING SCOOBY,33.4
2026-09-19,ZIPPING SIGRID,27.4
2026-09-19,ZIPPING SMEE,32.9
2026-09-20,AFFORDABILITY,33.6
2026-09-20,ALWAYS SPEEDY,27.9
2026-09-20,AMRON MICK,32.5
2026-09-20,APPLE ROSE,26.8
2026-09-20,APRIL FOOL,31.9
2026-09-20,ARCHER SWEET,33.7
2026-09-20,ARCHIE MCIVOR,31.8
2026-09-20,ASSASSINATOR,32.7
2026-09-20,ASTON BUGSY,33.2
2026-09-20,ASTON MISSILE,34.8
2026-09-20,ASTON OSTUNI,28.3
2026-09-20,ASTON TERESA,28.4
2026-09-20,AUSSIE SUPREME,33.3
2026-09-20,AWESOME BANDIT,30.5
2026-09-20,BANDIT SWAGGER,35.6
2026-09-20,BE MY TIGER,26.8
2026-09-20,BEAUTY BEAST,31.9
2026-09-20,BELAIR ETHYL,27.3
2026-09-20,BERRINGA PADDY,27.5
2026-09-20,BIG BOY COOPER,31.2
2026-09-20,BIG PLAYER,37.9
2026-09-20,BILLY BOY REUBEN,35.0
2026-09-20,BLACK ATMOS,31.8
2026-09-20,BLOWING TRUMPETS,35.1
2026-09-20,BREACH,27.7
2026-09-20,BRINDLE MOSAIC,27.4
2026-09-20,BROOKLYN GIRL,28.6
2026-09-20,BUCK SHINES,37.1
2026-09-20,BULA,31.3
2026-09-20,CANYA BOLT,34.0
2026-09-20,CASH IN SPACE,28.0
2026-09-20,CATCH A CUTIE,28.7
2026-09-20,CATCH SOME RAYS,36.0
2026-09-20,CHARLIE'S ROSE,27.8
2026-09-20,CLEO'S STAR,26.9
2026-09-20,COMANCHE CHIEF,33.5
2026-09-20,COUNT THE STARS,31.0
2026-09-20,CRACKERJACK TREV,33.8
2026-09-20,CRAVING IT,31.8
2026-09-20,DAINTREE GAV,34.5
2026-09-20,DAINTREE MAGGIE,33.0
2026-09-20,DAINTREE RON,29.5
2026-09-20,DAINTREE SPIRIT,29.7
2026-09-20,DARING BANDIT,28.3
2026-09-20,DASH PARR,31.7
2026-09-20,DEADLY FORCE,26.9
2026-09-20,DOONGALLA PARODY,26.6
2026-09-20,DR. AURORA,28.7
2026-09-20,DR. AUTUMN,26.3
2026-09-20,DR. AXEL,33.2
2026-09-20,DR. BENJI,28.4
2026-09-20,DR. BEYOND,33.1
2026-09-20,DR. CALISTA,28.0
2026-09-20,DR. CLARA,26.7
2026-09-20,DR. EXCLAIM,37.1
2026-09-20,DR. FANATICAL,37.9
2026-09-20,DR. HOPPER,40.5
2026-09-20,DR. LEVIATE,28.5
2026-09-20,DR. NAKITA,25.9
2026-09-20,DR. ODIN,33.0
2026-09-20,DR. POSEIDON,30.8
2026-09-20,DR. TRACIE,26.2
2026-09-20,DR. ULMA,27.1
2026-09-20,DR. VIENNA,25.9
2026-09-20,DR. WARREN,36.0
2026-09-20,DR. XANTHIC,33.2
2026-09-20,DR. YORK,31.9
2026-09-20,DR. ZAIDEN,31.2
2026-09-20,DRAGON TRAIN,33.1
2026-09-20,EDIE MONSOON,28.1
2026-09-20,ELECTRA OPAL,26.5
2026-09-20,ELIJAH ROSE,33.9
2026-09-20,ELITE INTENTION,33.0
2026-09-20,ERASE AND REWIND,29.5
2026-09-20,EVIL EYE,35.2
2026-09-20,FERNLEY GIRL,28.7
2026-09-20,FIDDLES,29.9
2026-09-20,FLAMING FOX,31.2
2026-09-20,FLYWHEEL VIXEN,28.2
2026-09-20,FOXY BARBELLA,30.4
2026-09-20,FRANKIE'S ROCKET,30.6
2026-09-20,FULL NOISE,33.9
2026-09-20,GETTING NERVOUS,32.9
2026-09-20,GLOWING,29.8
2026-09-20,GOBLIN,25.9
2026-09-20,GOLD CLASS COOL,29.9
2026-09-20,GOLDEN ALLEGRA,27.7
2026-09-20,GOT A STAGE,33.8
2026-09-20,GUARDIAN,31.6
2026-09-20,GUNAI RAMBO,32.8
2026-09-20,HAPPY CHICK,26.0
2026-09-20,HAY RILEY,30.0
2026-09-20,HEAD HUNTER,33.3
2026-09-20,HEATHCOTE RUPEE,34.8
2026-09-20,HECTOR DARCY,36.0
2026-09-20,HER TWELVE STEP,28.5
2026-09-20,HI BIG BEN,32.1
2026-09-20,HIGH FIVE INDI,29.1
2026-09-20,HIGHLY CONNECTED,29.9
2026-09-20,HIJACK,32.0
2026-09-20,HONEST BEERS,25.2
2026-09-20,HOT MILO ROSE,34.0
2026-09-20,HURRIEDLY,34.7
2026-09-20,I'M EASY,34.5
2026-09-20,I'M MAVERICK,38.0
2026-09-20,IRINKA ASHLEY,30.9
2026-09-20,IRISH ZOE,30.7
2026-09-20,IT AND BIT,32.5
2026-09-20,IVORY INZAI,31.2
2026-09-20,IVORY MIHARA,26.9
2026-09-20,JACK HOOK,30.3
2026-09-20,JADED SMILE,27.5
2026-09-20,JILLIBY PIXIE,28.4
2026-09-20,JOEY,35.0
2026-09-20,JOROGUMO,33.7
2026-09-20,JUMBUK BAYEH,33.9
2026-09-20,JUMBUK FUNI,26.1
2026-09-20,JUMBUK SUGAR BUG,23.9
2026-09-20,JUMBUK WANG WANG,28.7
2026-09-20,JUST BREATHE,34.7
2026-09-20,KAIRANGA STORM,32.4
2026-09-20,KALIAHA'S KAOS,32.8
2026-09-20,KANE IT DIESEL,30.1
2026-09-20,KING OF CHAOS,32.6
2026-09-20,KISS FOR CASH,29.5
2026-09-20,KIWI GEORGE,35.2
2026-09-20,KIWI HENRY,34.6
2026-09-20,LADY GUNAI,27.6
2026-09-20,LADY MAPLE,26.6
2026-09-20,LAKEVIEW PEAR,31.3
2026-09-20,LAKEVIEW RUBBLE,31.0
2026-09-20,LAKEVIEW SNEAKY,35.5
2026-09-20,LITTLE BONT,30.5
2026-09-20,LITTLE RAT,22.0
2026-09-20,LOSE MY MIND,26.6
2026-09-20,LOUIE LOUIE,33.6
2026-09-20,LOW BLOCK,39.7
2026-09-20,LUCKY HARPER,31.0
2026-09-20,MABEL LEE ROSE,26.5
2026-09-20,MACKENZIE ROSE,27.1
2026-09-20,MAGIC BULLSEYE,30.7
2026-09-20,MAJOR ILLUSION,34.2
2026-09-20,MANIFESTO,28.3
2026-09-20,MARSHAL LEE ROSE,35.1
2026-09-20,MATCHBOX CYCLONE,33.5
2026-09-20,MATILDA ROSE,28.0
2026-09-20,MCCREERY,34.3
2026-09-20,MCKERCHER,30.9
2026-09-20,MEANINGFUL,25.9
2026-09-20,MEPUNGA GYPSY,25.4
2026-09-20,MIA INTENTION,27.8
2026-09-20,MIGHTY EAGLE,31.1
2026-09-20,MIGHTY MIKADO,34.0
2026-09-20,MILLY LILY,27.3
2026-09-20,MISS JECKELL,28.5
2026-09-20,MONUMENT,32.0
2026-09-20,MUM'S ENERGY,36.6
2026-09-20,MUMS PEARL,30.5
2026-09-20,MY MATE CHARLIE,30.5
2026-09-20,MYSTIC DANCER,28.4
2026-09-20,NANCY DEVERE,28.6
2026-09-20,NEGATIVE NIBBS,35.1
2026-09-20,NESHIA,26.8
2026-09-20,NIGHTTIME,31.8
2026-09-20,NO EXIT,37.4
2026-09-20,NOBLE SHADOW,33.4
2026-09-20,NONNA ROSE,28.3
2026-09-20,NOT PERFECT,35.3
2026-09-20,NOVA INTENTION,27.6
2026-09-20,OHTANI FORCE,33.6
2026-09-20,ONCE MORE,33.7
2026-09-20,ONE KNEE NONI,31.7
2026-09-20,ONE MORE DRAM,32.6
2026-09-20,OPALINA,27.4
2026-09-20,ORIENTAL ELECTRA,28.2
2026-09-20,PACKHAM UP,33.8
2026-09-20,PARUMBA JAZZMAN,35.8
2026-09-20,PAW AMALFI,27.6
2026-09-20,PAW BRUTUS,32.5
2026-09-20,PAW FORTRESS,40.1
2026-09-20,PAW GREGSON,35.5
2026-09-20,PAW IRULAN,26.7
2026-09-20,PAW MONET,27.3
2026-09-20,PAW ORENTHAL,34.1
2026-09-20,PAW TORONTO,32.6
2026-09-20,PAW VARNA,30.9
2026-09-20,PAW ZHANA,29.3
2026-09-20,PERFECT PICTURE,27.8
2026-09-20,PERIODICAL,31.6
2026-09-20,PHOENIX TAN,28.6
2026-09-20,PLAYBACK,33.6
2026-09-20,POINT BREAK,33.6
2026-09-20,POP'S BOY,36.0
2026-09-20,POTENT CREW,26.5
2026-09-20,POWER PLAY,32.4
2026-09-20,PREPARATION,24.9
2026-09-20,PRISTINE,25.8
2026-09-20,RAGING ELSA,27.9
2026-09-20,RATTLIN' BONES,32.0
2026-09-20,REAPER,37.5
2026-09-20,REGAL SPENCER,32.9
2026-09-20,REMARKS,30.0
2026-09-20,REV GORDON,39.1
2026-09-20,ROCKET SCIENCE,33.3
2026-09-20,SAFELY,25.3
2026-09-20,SAILAWAY GIN,28.2
2026-09-20,SAILPLANE,31.6
2026-09-20,SAINT FISHY,32.8
2026-09-20,SCOTT CHARISMA,28.0
2026-09-20,SCOTT GREYSCALE,31.0
2026-09-20,SCOTT SIGMA,27.6
2026-09-20,SCOUT ACE,28.2
2026-09-20,SHIMA BLUSH,34.2
2026-09-20,SIMPLY PETITE,26.6
2026-09-20,SLICK BADGER,35.4
2026-09-20,SLICK TILLY,25.2
2026-09-20,SMART ROSCOE,32.4
2026-09-20,SMILING LILY,26.3
2026-09-20,SODA BEN,33.0
2026-09-20,SODA TURKEY,26.7
2026-09-20,SOLO MAN,36.2
2026-09-20,SOUTH THAILAND,30.9
2026-09-20,SPIRALLING,34.0
2026-09-20,STAR NOTE,31.4
2026-09-20,STARBORN,35.9
2026-09-20,STIDHAM ARIZONA,27.6
2026-09-20,STILL A BELIEVER,30.3
2026-09-20,STOMPER ROMPER,30.8
2026-09-20,STORM COMING,32.0
2026-09-20,SUNNY LYN,29.5
2026-09-20,SURGE,32.2
2026-09-20,SWAYING,27.3
2026-09-20,TALLANGATTA,33.0
2026-09-20,TARBHACH,35.5
2026-09-20,THERMAL IGNITION,28.3
2026-09-20,TILLY GIRL,25.4
2026-09-20,TOP KADE,26.8
2026-09-20,TROPIC MAN,40.7
2026-09-20,TWO STAR MIKADO,25.7
2026-09-20,UNCLE STILTSKIN,33.3
2026-09-20,URANA PARALLAX,37.7
2026-09-20,URANA STORM,26.5
2026-09-20,VAPORIZE,33.6
2026-09-20,VICE LIKE GRIP,31.5
2026-09-20,VICKY'S FURY,23.4
2026-09-20,VICTORY BARRY,36.0
2026-09-20,WALTER WALRUS,36.4
2026-09-20,WANT SOME,30.7
2026-09-20,WARRIOR JACK,35.5
2026-09-20,WAVE IN SEA,35.7
2026-09-20,WAX OFF,33.8
2026-09-20,WHAT A WROUGHT,28.0
2026-09-20,WHOPPI DEVERE,29.9
2026-09-20,WILD ORANGE,38.1
2026-09-20,WORDS,28.4
2026-09-20,WYONG HOUSTON,26.2
2026-09-20,XARA'S KEITH,36.0
2026-09-20,YALE DEAN,38.6
2026-09-20,YALE TURN,38.8
2026-09-20,YORKSHIRE GIRL,28.1
2026-09-20,ZIPPI MUSTANG,26.0
2026-09-20,ZIPPING CHOI,30.6
2026-09-20,ZIPPING MEHARY,31.1
2026-09-20,ZIPPING NUTTALL,25.6
2026-09-20,ZIPPING POPYRIN,33.2
2026-09-20,ZIPPING SIGRID,27.4
2026-09-21,ADHANA ROY,31.6
2026-09-21,AFFORDABILITY,33.6
2026-09-21,ALWAYS SPEEDY,27.9
2026-09-21,AMRON MICK,32.5
2026-09-21,APACHE GOLD,30.3
2026-09-21,APPLE ROSE,26.8
2026-09-21,APRIL FOOL,31.9
2026-09-21,ARCHIE MCIVOR,31.8
2026-09-21,ASCEND IGLOO,34.7
2026-09-21,ASTON ASTAIRE,33.3
2026-09-21,ASTON BUGSY,33.2
2026-09-21,ASTON COSMIC,35.4
2026-09-21,ASTON CURRENCY,31.1
2026-09-21,ASTON HOPKINS,36.2
2026-09-21,ASTON KRISTEN,26.0
2026-09-21,ASTON MANDLA,32.0
2026-09-21,ASTON MIRREN,25.8
2026-09-21,ASTON OSTUNI,28.3
2026-09-21,ASTON SIDNEY,33.3
2026-09-21,ASTON TARZAN,32.1
2026-09-21,ASTON TELMONT,32.7
2026-09-21,ASTON VALHALLA,29.0
2026-09-21,ASTON WINSLET,28.4
2026-09-21,ASTOR ONES,28.6
2026-09-21,ATHENS AURA,24.4
2026-09-21,AUSSIE SUPREME,33.3
2026-09-21,AXEL'S RADAR,30.8
2026-09-21,BAMBOO RUPEE,28.6
2026-09-21,BE MY TIGER,26.8
2026-09-21,BEAUTY BEAST,31.9
2026-09-21,BELAIR BLUE,31.6
2026-09-21,BELLY RUBS,35.1
2026-09-21,BEN SHIRAZ,33.5
2026-09-21,BENARCA BELL,28.7
2026-09-21,BERRINGA PADDY,27.5
2026-09-21,BICEP,31.9
2026-09-21,BIG PLAYER,37.9
2026-09-21,BIG WATCH,29.3
2026-09-21,BIG WEEKEND,29.5
2026-09-21,BILLY BOY REUBEN,35.0
2026-09-21,BLACK ATMOS,31.8
2026-09-21,BLAZING BLUE ICE,28.7
2026-09-21,BLOWING TRUMPETS,35.1
2026-09-21,BLUE BREBLER,25.4
2026-09-21,BLUER THAN BLUE,33.3
2026-09-21,BOMB OVER,31.8
2026-09-21,BOYS NIGHT,31.7
2026-09-21,BREACH,27.7
2026-09-21,BREAKING CURFEW,24.3
2026-09-21,BRINDLE MOSAIC,27.4
2026-09-21,BROTHER BUB,31.3
2026-09-21,BUCK SHINES,37.1
2026-09-21,BULA,31.3
2026-09-21,BULL DURHAM,32.7
2026-09-21,BUNNI BALE,30.5
2026-09-21,CALLISTA,32.5
2026-09-21,CANYA DIG DEEP,25.2
2026-09-21,CASH IN SPACE,28.0
2026-09-21,CATCH A CUTIE,28.7
2026-09-21,CATCH SOME RAYS,36.0
2026-09-21,CHALK AND CHEESE,31.4
2026-09-21,CHAMPLAIN,28.7
2026-09-21,CHARLIE'S ROSE,27.8
2026-09-21,CHEEKY CHOMPERS,33.4
2026-09-21,CHEEKY TEMPER,25.7
2026-09-21,CHEER FOR DITTO,31.6
2026-09-21,CHIEF HAMISH,34.8
2026-09-21,CLOUD CITY,31.0
2026-09-21,COIN COLLECTOR,28.3
2026-09-21,COLLECTIVE KAOS,30.0
2026-09-21,COMANCHE CHIEF,33.5
2026-09-21,COMEBACK CHARLIE,29.9
2026-09-21,CRACKERJACK LES,34.7
2026-09-21,CRAVING IT,31.8
2026-09-21,CRIKEY MATE,28.9
2026-09-21,CRUISING NAT,27.9
2026-09-21,CRUZADO,37.3
2026-09-21,DAINTREE GAV,34.5
2026-09-21,DAINTREE MAGGIE,33.0
2026-09-21,DAINTREE RON,29.5
2026-09-21,DAINTREE SPIRIT,29.7
2026-09-21,DARE DEVIL,35.0
2026-09-21,DARING BANDIT,28.3
2026-09-21,DARK MIRACLE,32.9
2026-09-21,DEADLY FORCE,26.9
2026-09-21,DEL AMITRI,31.8
2026-09-21,DEVIL'S SYMPATHY,30.9
2026-09-21,DIM SIM OLLIE,38.3
2026-09-21,DISCOURAGED,29.9
2026-09-21,DOONGALLA BOY,32.8
2026-09-21,DR. AURORA,28.7
2026-09-21,DR. AUTUMN,26.3
2026-09-21,DR. AXEL,33.2
2026-09-21,DR. BENJI,28.4
2026-09-21,DR. BEYOND,33.1
2026-09-21,DR. CALISTA,28.0
2026-09-21,DR. CLARA,26.7
2026-09-21,DR. EXCLAIM,37.1
2026-09-21,DR. FANATICAL,37.9
2026-09-21,DR. HOPPER,40.5
2026-09-21,DR. LEVIATE,28.5
2026-09-21,DR. NAKITA,25.9
2026-09-21,DR. ODIN,33.0
2026-09-21,DR. POSEIDON,30.8
2026-09-21,DR. TRACIE,26.2
2026-09-21,DR. ULMA,27.1
2026-09-21,DR. VIENNA,25.9
2026-09-21,DR. WARREN,36.0
2026-09-21,DR. XANTHIC,33.2
2026-09-21,DR. YORK,31.9
2026-09-21,DR. ZAIDEN,31.2
2026-09-21,DRAGON TRAIN,33.1
2026-09-21,DROP FIFTY,34.6
2026-09-21,EL ROJO ROCK,31.3
2026-09-21,ELECTRA OPAL,26.5
2026-09-21,ELIJAH ROSE,33.9
2026-09-21,ELITE INTENTION,33.0
2026-09-21,ELSWYK SID,35.3
2026-09-21,ENERGISER DASH,28.4
2026-09-21,ENERGY KISS,30.1
2026-09-21,ERASE AND REWIND,29.5
2026-09-21,ESPECIAL HUGO,35.6
2026-09-21,ESPECIAL KAI,32.3
2026-09-21,EVENTFUL DASH,28.1
2026-09-21,EVIL EYE,35.2
2026-09-21,EXAGGERATOR,34.4
2026-09-21,EXCITABLE DASH,26.7
2026-09-21,FENDI EXPRESS,32.8
2026-09-21,FERNLEY GIRL,28.7
2026-09-21,FERRET'S KNOCK,26.9
2026-09-21,FIDDLES,29.9
2026-09-21,FIESTA BELLE,25.5
2026-09-21,FLAMING FOX,31.2
2026-09-21,FLEX FACTOR,31.4
2026-09-21,FLYING BOLD,25.2
2026-09-21,FLYING BOSS,24.8
2026-09-21,FLYWHEEL VIXEN,28.2
2026-09-21,FRANKIE'S ROCKET,30.6
2026-09-21,FRENCH BLONDE,27.7
2026-09-21,FULL BORE BUSTER,31.6
2026-09-21,FULL NOISE,33.9
2026-09-21,FURY'S RAGE,34.1
2026-09-21,GARNET GLOW,28.8
2026-09-21,GEORGIE SUNSHINE,29.4
2026-09-21,GETTING NERVOUS,32.9
2026-09-21,GLOWING,29.8
2026-09-21,GO BARBARA,26.8
2026-09-21,GOBLIN,25.9
2026-09-21,GOLD HARADA,34.9
2026-09-21,GOLD STRIPES,32.0
2026-09-21,GOLDEN ALLEGRA,27.7
2026-09-21,GORRINGE,30.5
2026-09-21,GOT A MESSAGE,30.9
2026-09-21,GOT A RUSTLER,36.7
2026-09-21,GOT A STAGE,33.8
2026-09-21,GRAB A DONUT,32.3
2026-09-21,GRAPEFRUIT TITO,36.0
2026-09-21,GUARDIAN,31.6
2026-09-21,GUNAI GAGA,27.0
2026-09-21,GUNAI HURRICANE,32.0
2026-09-21,GUNAI RAMBO,32.8
2026-09-21,HADAR JAY,29.4
2026-09-21,HANDSOME RATIO,35.3
2026-09-21,HAPPY CHICK,26.0
2026-09-21,HARTLAND WILLOW,27.3
2026-09-21,HAY RILEY,30.0
2026-09-21,HE'S MAGIC,29.2
2026-09-21,HEAD HUNTER,33.3
2026-09-21,HELLO SYDNEY,26.4
2026-09-21,HER TWELVE STEP,28.5
2026-09-21,HI BIG BEN,32.1
2026-09-21,HIJACK,32.0
2026-09-21,HOLDEN BALE,33.7
2026-09-21,HOT MILO ROSE,34.0
2026-09-21,HOUSE OF SINS,35.9
2026-09-21,I'M EASY,34.5
2026-09-21,I'M MAVERICK,38.0
2026-09-21,INGA AMY,27.4
2026-09-21,INGA JOKER,30.9
2026-09-21,IRINKA ASHLEY,30.9
2026-09-21,IRON MACK,29.6
2026-09-21,IT AND BIT,32.5
2026-09-21,IT'S SOYSAGES,31.8
2026-09-21,IVORY INZAI,31.2
2026-09-21,IVORY PANKE,25.1
2026-09-21,JACK HOOK,30.3
2026-09-21,JADED SMILE,27.5
2026-09-21,JETSTREAM ICON,32.6
2026-09-21,JOEY,35.0
2026-09-21,JUMBUK BAYEH,33.9
2026-09-21,JUMBUK FUNI,26.1
2026-09-21,JUMBUK SUGAR BUG,23.9
2026-09-21,JUMBUK WANG WANG,28.7
2026-09-21,JUNGLE FIREBALL,35.5
2026-09-21,JUST BREATHE,34.7
2026-09-21,KAIRANGA STORM,32.4
2026-09-21,KALIAHA'S KAOS,32.8
2026-09-21,KALUNA CHAOS,35.1
2026-09-21,KANE IT DIESEL,30.1
2026-09-21,KEEN ON KEV,33.0
2026-09-21,KIWI GEORGE,35.2
2026-09-21,KIWI HENRY,34.6
2026-09-21,KRAKEN RIPPER,31.5
2026-09-21,KUNAMA NAMADGI,26.4
2026-09-21,LADY GUNAI,27.6
2026-09-21,LADY MAPLE,26.6
2026-09-21,LAKEVIEW PEAR,31.3
2026-09-21,LAKEVIEW RUBBLE,31.0
2026-09-21,LAKEVIEW SNEAKY,35.5
2026-09-21,LAMIA NONNA MIM,29.1
2026-09-21,LEKTRA HARMONY,29.1
2026-09-21,LEKTRA HOPPER,32.6
2026-09-21,LILAH RAINBOW,27.9
2026-09-21,LILLY'S WISH,23.4
2026-09-21,LINDENOW BUFFY,27.3
2026-09-21,LITTLE WEASEL,26.7
2026-09-21,LOCO BOOM,31.4
2026-09-21,LOSE MY MIND,26.6
2026-09-21,LOUIE LOUIE,33.6
2026-09-21,LOW BLOCK,39.7
2026-09-21,LUCKY HARPER,31.0
2026-09-21,LUSH HOUR,29.2
2026-09-21,MABEL LEE ROSE,26.5
2026-09-21,MACKENZIE ROSE,27.1
2026-09-21,MAGIC BULLSEYE,30.7
2026-09-21,MAJOR ILLUSION,34.2
2026-09-21,MANA'S WAY,30.9
2026-09-21,MARSHAL LEE ROSE,35.1
2026-09-21,MASTER WOODS,30.9
2026-09-21,MATCHBOX CYCLONE,33.5
2026-09-21,MATILDA ROSE,28.0
2026-09-21,MCCREERY,34.3
2026-09-21,MCKERCHER,30.9
2026-09-21,MEPUNGA SANDY,27.8
2026-09-21,MIA INTENTION,27.8
2026-09-21,MICK SWAGGER,28.5
2026-09-21,MIGHTY EAGLE,31.1
2026-09-21,MIGHTY MIKADO,34.0
2026-09-21,MILLY LILY,27.3
2026-09-21,MISS COCO,28.7
2026-09-21,MISS IRENE,27.7
2026-09-21,MISS JAZZ,25.6
2026-09-21,MISS MAXIMUS,28.4
2026-09-21,MISS RODRIGO,29.4
2026-09-21,MISS SPARKLES,28.2
2026-09-21,MOMENT,28.6
2026-09-21,MOONLIGHT JAZZ,26.6
2026-09-21,MORAINE DAMIAN,33.0
2026-09-21,MORAINE GRACE,27.8
2026-09-21,MORAINE QUINN,27.5
2026-09-21,MORAINE TREVOR,31.3
2026-09-21,MUM'S ENERGY,36.6
2026-09-21,MUMS PEARL,30.5
2026-09-21,MY MARGOT,28.7
2026-09-21,MY NAME'S EVELYN,27.7
2026-09-21,MYSTIC DANCER,28.4
2026-09-21,NALA'S MANTIS,25.7
2026-09-21,NAVY DAVIES,32.8
2026-09-21,NEGATIVE NIBBS,35.1
2026-09-21,NESHIA,26.8
2026-09-21,NIGHTTIME,31.8
2026-09-21,NO EXIT,37.4
2026-09-21,NO STOP SIGNS,34.7
2026-09-21,NOBLE SHADOW,33.4
2026-09-21,NONNA ROSE,28.3
2026-09-21,NORTON BALE,30.1
2026-09-21,NOSEY BLUEY,33.2
2026-09-21,NOT PERFECT,35.3
2026-09-21,NOVA INTENTION,27.6
2026-09-21,NUNNIONG GOLD,25.9
2026-09-21,OHTANI FORCE,33.6
2026-09-21,ONCE MORE,33.7
2026-09-21,ONE KNEE NONI,31.7
2026-09-21,ONE MORE DRAM,32.5
2026-09-21,ONE SUGAR,27.9
2026-09-21,OPALINA,27.4
2026-09-21,OPAWA ELVIS,31.4
2026-09-21,ORANGE CRUSH,37.0
2026-09-21,ORIENTAL ELECTRA,28.2
2026-09-21,OUR BANK,31.4
2026-09-21,OUR MISS MAGGIE,28.6
2026-09-21,PACKHAM UP,33.8
2026-09-21,PARUMBA JAZZMAN,35.8
2026-09-21,PAW ARCHIE,31.4
2026-09-21,PAW GEORGIE,29.7
2026-09-21,PAW IOWA,31.5
2026-09-21,PAW IROHA,29.5
2026-09-21,PAW JAXSON,31.6
2026-09-21,PAW KATTIA,27.4
2026-09-21,PAW LONDON,25.7
2026-09-21,PAW MADDISON,24.5
2026-09-21,PAW MURBELLA,28.1
2026-09-21,PAW NIMBUS,35.3
2026-09-21,PAW NORBERT,36.4
2026-09-21,PAW OLENA,26.7
2026-09-21,PAW PASCAL,36.4
2026-09-21,PAW QUADE,26.7
2026-09-21,PAW QUANDA,27.9
2026-09-21,PAW QUINTESSA,27.1
2026-09-21,PAW QUIVER,34.8
2026-09-21,PAW RAMELLO,27.3
2026-09-21,PAW SAUNDRA,28.6
2026-09-21,PAW UCARTY,30.6
2026-09-21,PAW UNITY,22.7
2026-09-21,PAW VOLTRON,30.1
2026-09-21,PAW WALDORF,32.4
2026-09-21,PAW WANDA,27.0
2026-09-21,PAW WARRINGAH,29.2
2026-09-21,PAW WONDER,30.2
2026-09-21,PAW XANTHIE,26.4
2026-09-21,PAW ZENITH,33.3
2026-09-21,PAY UP SALLY,29.4
2026-09-21,PEAKY AVENGER,27.5
2026-09-21,PENNY PINTO,25.2
2026-09-21,PERFECT TONIGHT,29.5
2026-09-21,PERIODICAL,31.6
2026-09-21,PHOENIX TAN,28.6
2026-09-21,PIECE OF ME,27.1
2026-09-21,PLAIN SAINT,34.2
2026-09-21,PLAYBACK,33.6
2026-09-21,POINT MAN,33.8
2026-09-21,POP IT UP,25.9
2026-09-21,POP'S BOY,36.0
2026-09-21,POTENT CREW,26.5
2026-09-21,POWER PLAY,32.4
2026-09-21,PRAWN AND ORDER,28.0
2026-09-21,PREPARATION,24.9
2026-09-21,PRINCE VALHALLA,32.1
2026-09-21,PRISTINE,25.8
2026-09-21,PROFESSOR MAUI,31.2
2026-09-21,QUICK SHOT,29.8
2026-09-21,RAGING ELSA,27.9
2026-09-21,RAKIN' IT IN,33.4
2026-09-21,RAPIDO NINJA,33.7
2026-09-21,RATTLIN' BONES,32.0
2026-09-21,REAPER,37.5
2026-09-21,REMARKS,30.0
2026-09-21,REV IAN,34.2
2026-09-21,RITA SKEETER,29.0
2026-09-21,RIVERS MEET,31.4
2026-09-21,ROAR OF THUNDER,35.2
2026-09-21,ROCKET SCIENCE,33.3
2026-09-21,ROMANI ROAD,26.8
2026-09-21,RUPEE ACTION,36.0
2026-09-21,SACRUM,26.2
2026-09-21,SAFELY,25.3
2026-09-21,SAFFRON MONSOON,26.6
2026-09-21,SAILAWAY GIN,28.2
2026-09-21,SAILPLANE,31.6
2026-09-21,SAINT JADE,27.2
2026-09-21,SAINT MICK,31.4
2026-09-21,SAINT RAINE,27.4
2026-09-21,SCHEMING MCLEAN,32.9
2026-09-21,SCOTT SIGMA,27.6
2026-09-21,SCOTT VICIOUS,30.5
2026-09-21,SCOUT ACE,28.2
2026-09-21,SHADOW ROAD,27.2
2026-09-21,SHAGGY BILLIE,25.5
2026-09-21,SHOOTERS PROJECT,32.8
2026-09-21,SIMPLY JUAN,22.1
2026-09-21,SIMPLY PETITE,26.6
2026-09-21,SIR STARBUCK,33.5
2026-09-21,SLICK TILLY,25.2
2026-09-21,SMALLER ACTS,40.2
2026-09-21,SMART AS ROSE,28.2
2026-09-21,SMART ROSCOE,32.4
2026-09-21,SMILING LILY,26.3
2026-09-21,SODA BEN,33.0
2026-09-21,SODA TURKEY,26.7
2026-09-21,SOLO MAN,36.2
2026-09-21,STAR FURY,32.2
2026-09-21,STARBRIGHT HUD,28.3
2026-09-21,STARLET BALE,27.5
2026-09-21,STILL A BELIEVER,30.3
2026-09-21,STIPULATED,21.9
2026-09-21,STOMPER ROMPER,30.8
2026-09-21,STORM COMING,32.0
2026-09-21,SUPER SAM,31.6
2026-09-21,SWEET I AM,30.9
2026-09-21,TAT LEAH,31.7
2026-09-21,TEQUILA SPICE,23.8
2026-09-21,THAI TIGER,33.6
2026-09-21,THERMAL IGNITION,28.3
2026-09-21,TILLY GIRL,25.4
2026-09-21,TO PERU,27.5
2026-09-21,TOMMY MARRA,31.3
2026-09-21,TOP KADE,26.8
2026-09-21,TOUCH OF SIN,25.8
2026-09-21,TRENTINO,33.1
2026-09-21,TRIBAL ADVISOR,24.5
2026-09-21,TROPIC MAN,40.7
2026-09-21,TROUBLESOME,35.3
2026-09-21,TURN UP TURBO,33.4
2026-09-21,TWO STAR MIKADO,25.7
2026-09-21,ULTIMO,35.6
2026-09-21,ULTRA PUB RUN,32.2
2026-09-21,UNCLE COLIN,31.5
2026-09-21,UNIVERSE,33.0
2026-09-21,URANA PARALLAX,37.7
2026-09-21,UTAH ICON,30.8
2026-09-21,VAPORIZE,33.6
2026-09-21,VERA JAKIT,29.3
2026-09-21,VICE LIKE GRIP,31.5
2026-09-21,VICKY'S FURY,23.4
2026-09-21,WALTER WALRUS,36.4
2026-09-21,WANT SOME,30.7
2026-09-21,WARRIOR JACK,35.5
2026-09-21,WAX OFF,33.8
2026-09-21,WHAT A WROUGHT,28.0
2026-09-21,WHAT CLASS,26.2
2026-09-21,WHAT ODDS BILLY,32.3
2026-09-21,WHY MUMMY,30.9
2026-09-21,WILD ORANGE,38.1
2026-09-21,WILE COYOTE,27.9
2026-09-21,WINSLOW WISH,25.6
2026-09-21,WINTER GOES,27.7
2026-09-21,WORDS,28.4
2026-09-21,WYONG KNOXVILLE,26.5
2026-09-21,YORKSHIRE GIRL,28.1
2026-09-21,YOUNG RUFUS,30.9
2026-09-21,ZAMBADA ICON,33.5
2026-09-21,ZELDA BRAGA,31.5
2026-09-21,ZENYATTA,28.5
2026-09-21,ZIPPI MUSTANG,26.0
2026-09-21,ZIPPING CHOI,30.6
2026-09-21,ZIPPING NUTTALL,25.6
2026-09-21,ZIPPING POPYRIN,33.2
2026-09-21,ZIPPING UNA,31.1
2026-09-22,ABRACADABRA,27.7
2026-09-22,ADHANA ROY,31.6
2026-09-22,ALFIE TANGO,37.4
2026-09-22,ANNIE'S OKAY,29.0
2026-09-22,ANYONE FOR YOU,33.6
2026-09-22,APACHE GOLD,30.3
2026-09-22,ASCEND IGLOO,34.7
2026-09-22,ASTON ADRIANA,28.5
2026-09-22,ASTON ASTAIRE,33.3
2026-09-22,ASTON COSMIC,35.4
2026-09-22,ASTON CURRENCY,31.1
2026-09-22,ASTON FINNISS,23.7
2026-09-22,ASTON HEDLAND,32.7
2026-09-22,ASTON HOPKINS,36.2
2026-09-22,ASTON KRISTEN,26.0
2026-09-22,ASTON MANDLA,32.0
2026-09-22,ASTON MIRREN,25.8
2026-09-22,ASTON MONSOON,32.2
2026-09-22,ASTON MORIALTA,25.3
2026-09-22,ASTON PASTIZZI,27.5
2026-09-22,ASTON PLUTO,26.0
2026-09-22,ASTON SIDNEY,33.3
2026-09-22,ASTON SUNSHINE,26.4
2026-09-22,ASTON TARZAN,32.1
2026-09-22,ASTON TELMONT,32.7
2026-09-22,ASTON VALHALLA,29.0
2026-09-22,ASTON WINSLET,28.4
2026-09-22,ASTOR ONES,28.6
2026-09-22,ATHENS AURA,24.4
2026-09-22,AUNTIE AMBER,29.1
2026-09-22,AUSSIE FERNANDO,34.1
2026-09-22,AXEL'S RADAR,30.8
2026-09-22,AYESHA BALE,28.2
2026-09-22,BAMBOO RUPEE,28.6
2026-09-22,BEANIE THIEF,32.0
2026-09-22,BELAIR BLUE,31.6
2026-09-22,BELLY RUBS,35.1
2026-09-22,BEN SHIRAZ,33.5
2026-09-22,BENARCA BELL,28.7
2026-09-22,BICEP,31.9
2026-09-22,BIG DUKE,35.6
2026-09-22,BIG WATCH,29.3
2026-09-22,BIG WEEKEND,29.5
2026-09-22,BLACK STATESMAN,33.9
2026-09-22,BLAZING BLUE ICE,28.7
2026-09-22,BLUE BREBLER,25.4
2026-09-22,BLUER THAN BLUE,33.3
2026-09-22,BOMB OVER,31.8
2026-09-22,BORDER BEAST,30.9
2026-09-22,BOYS NIGHT,31.7
2026-09-22,BREAKING CURFEW,24.3
2026-09-22,BROTHER BUB,31.3
2026-09-22,BULL DURHAM,32.7
2026-09-22,BUNNI BALE,30.5
2026-09-22,CACKLING SUZIE,26.9
2026-09-22,CALLISTA,32.5
2026-09-22,CANYA DIG DEEP,25.2
2026-09-22,CARLEY'S IMAGE,28.9
2026-09-22,CHALK AND CHEESE,31.4
2026-09-22,CHAMPLAIN,28.7
2026-09-22,CHEEKY CHOMPERS,33.4
2026-09-22,CHEEKY TEMPER,25.7
2026-09-22,CHEER FOR DITTO,31.6
2026-09-22,CHIEF HAMISH,34.8
2026-09-22,CITY LIMIT,32.3
2026-09-22,CLAVICLE,32.3
2026-09-22,CLOUD CITY,31.0
2026-09-22,COIN COLLECTOR,28.3
2026-09-22,COLLECTIVE KAOS,30.0
2026-09-22,COMEBACK CHARLIE,29.9
2026-09-22,COMPARE JOE,32.3
2026-09-22,CRACKERJACK ADAM,31.4
2026-09-22,CRACKERJACK LES,34.7
2026-09-22,CRIKEY MATE,28.9
2026-09-22,CROYDON,32.5
2026-09-22,CRUISING NAT,27.9
2026-09-22,CRUZADO,37.3
2026-09-22,DARE DEVIL,35.0
2026-09-22,DARK MIRACLE,32.9
2026-09-22,DEEP THINKER,33.6
2026-09-22,DEL AMITRI,31.8
2026-09-22,DEVIL'S SYMPATHY,30.9
2026-09-22,DIESEL DYNASTY,29.6
2026-09-22,DIM SIM OLLIE,38.3
2026-09-22,DIMORA BIG BOY,32.4
2026-09-22,DIMORA PATCH,32.9
2026-09-22,DIMORA STRIPEY,25.2
2026-09-22,DIMPLE BRANDY,25.4
2026-09-22,DISCOURAGED,29.9
2026-09-22,DOONGALLA AL,34.1
2026-09-22,DOONGALLA BOY,32.8
2026-09-22,DOONGALLA EVE,27.6
2026-09-22,DOONGALLA GIGI,25.6
2026-09-22,DOONGALLA ROCKET,31.6
2026-09-22,DOUBLE SHOT RIOT,29.3
2026-09-22,DROP FIFTY,34.6
2026-09-22,EAT YOUR SPINACH,34.4
2026-09-22,EGO BALE,29.0
2026-09-22,EL ROJO ROCK,31.3
2026-09-22,ELEVATE,31.8
2026-09-22,ELSWYK SID,35.3
2026-09-22,ENERGISER DASH,28.4
2026-09-22,ENERGY KISS,30.1
2026-09-22,ESPECIAL HUGO,35.6
2026-09-22,ESPECIAL KAI,32.3
2026-09-22,EVENTFUL DASH,28.1
2026-09-22,EXAGGERATOR,34.4
2026-09-22,EXCITABLE DASH,26.7
2026-09-22,FAST KNOCKDOWN,29.8
2026-09-22,FENDI EXPRESS,32.8
2026-09-22,FERRET'S KNOCK,26.9
2026-09-22,FIESTA BELLE,25.5
2026-09-22,FIREWORKS,28.8
2026-09-22,FLEX FACTOR,31.4
2026-09-22,FLYING BOLD,25.2
2026-09-22,FLYING BOSS,24.8
2026-09-22,FOOD FIGHT,35.7
2026-09-22,FRENCH BLONDE,27.7
2026-09-22,FULL BORE BUSTER,31.6
2026-09-22,FURY'S RAGE,34.1
2026-09-22,GALAXY DANCER,25.7
2026-09-22,GARNET GLOW,28.8
2026-09-22,GEORGIE SUNSHINE,29.4
2026-09-22,GO BARBARA,26.8
2026-09-22,GO PIKACHU,35.2
2026-09-22,GO STEVIE,33.4
2026-09-22,GOLD HARADA,34.9
2026-09-22,GOLD STRIPES,32.0
2026-09-22,GORRINGE,30.5
2026-09-22,GOT A MESSAGE,30.9
2026-09-22,GOT A RUSTLER,36.7
2026-09-22,GRAB A DONUT,32.3
2026-09-22,GRAPEFRUIT TITO,36.0
2026-09-22,GUNAI GAGA,27.0
2026-09-22,GUNAI HURRICANE,32.0
2026-09-22,HADAR JAY,29.4
2026-09-22,HANDSOME RATIO,35.3
2026-09-22,HAPPY AND NUMB,37.1
2026-09-22,HARTLAND WILLOW,27.3
2026-09-22,HE'S MAGIC,29.2
2026-09-22,HELLO SYDNEY,26.4
2026-09-22,HOLDEN BALE,33.7
2026-09-22,HOOKED AND HAPPY,32.4
2026-09-22,HOUSE OF SINS,35.9
2026-09-22,HOW AWESOME,30.5
2026-09-22,I'M TO BLAME,33.1
2026-09-22,INGA AMY,27.4
2026-09-22,INGA JOHNNY,32.6
2026-09-22,INGA JOKER,30.9
2026-09-22,INGA RYDER,29.2
2026-09-22,INITIAL CONSULT,28.4
2026-09-22,IRON MACK,29.6
2026-09-22,IT'S SOYSAGES,31.8
2026-09-22,IVORY PANKE,25.1
2026-09-22,JETSTREAM ICON,32.6
2026-09-22,JOHN BOY,33.3
2026-09-22,JUNGLE FIREBALL,35.5
2026-09-22,KAELIX JEWEL,28.6
2026-09-22,KAIA GOT SQUARE,28.9
2026-09-22,KALUNA CHAOS,35.1
2026-09-22,KATE'S RIFT,26.2
2026-09-22,KEEN ON KEV,33.0
2026-09-22,KENSINGTON FLYER,27.8
2026-09-22,KIANI STAR,30.1
2026-09-22,KRAKEN RIPPER,31.5
2026-09-22,KUNAMA NAMADGI,26.4
2026-09-22,LAKEVIEW ROWDY,37.4
2026-09-22,LAMIA NONNA MIM,29.1
2026-09-22,LARA MOON,29.8
2026-09-22,LASERHAWK,33.2
2026-09-22,LAURISTON GIRL,27.3
2026-09-22,LEKTRA BILLS,32.4
2026-09-22,LEKTRA HARMONY,29.1
2026-09-22,LEKTRA HOPPER,32.6
2026-09-22,LEKTRA ROSA,27.6
2026-09-22,LEKTRA SOLO,32.9
2026-09-22,LEKTRA STING,33.0
2026-09-22,LILAH RAINBOW,27.9
2026-09-22,LILLY'S WISH,23.4
2026-09-22,LINDENOW BUFFY,27.3
2026-09-22,LITTLE MISS MAY,27.2
2026-09-22,LITTLE WEASEL,26.7
2026-09-22,LOCO BOOM,31.4
2026-09-22,LORIMER STREET,30.8
2026-09-22,LUCKY SPIN,33.3
2026-09-22,LUSH HOUR,29.2
2026-09-22,MANA'S WAY,30.9
2026-09-22,MARCO MARCO,30.8
2026-09-22,MASTER WOODS,30.9
2026-09-22,MAXIMUM PENALTY,29.6
2026-09-22,MEPUNGA SANDY,27.8
2026-09-22,MICK SWAGGER,28.5
2026-09-22,MIDWAY CENTRAL,31.0
2026-09-22,MISS COCO,28.7
2026-09-22,MISS IRENE,27.7
2026-09-22,MISS JAZZ,25.6
2026-09-22,MISS MAXIMUS,28.4
2026-09-22,MISS RODRIGO,29.4
2026-09-22,MISS SPARKLES,28.2
2026-09-22,MOMENT,28.6
2026-09-22,MONEY SCIENCE,32.8
2026-09-22,MOONLIGHT JAZZ,26.6
2026-09-22,MORAINE DAMIAN,33.0
2026-09-22,MORAINE GRACE,27.8
2026-09-22,MORAINE KOBY,34.4
2026-09-22,MORAINE QUINN,27.5
2026-09-22,MORAINE TREVOR,31.3
2026-09-22,MOYARRA KONGK,33.7
2026-09-22,MR. BLUEY LEE,32.0
2026-09-22,MR. KIA ORA,34.6
2026-09-22,MRS. TIGGYWINKLE,27.8
2026-09-22,MY MARGOT,28.7
2026-09-22,MY NAME'S EVELYN,27.7
2026-09-22,NALA'S MANTIS,25.7
2026-09-22,NANGAR MACIE,24.8
2026-09-22,NAVY DAVIES,32.8
2026-09-22,NO STOP SIGNS,34.7
2026-09-22,NORTON BALE,30.1
2026-09-22,NOSEY BLUEY,33.2
2026-09-22,NOVA OWEN,30.2
2026-09-22,NUNNIONG GOLD,25.9
2026-09-22,OKLAHOMA BALE,32.2
2026-09-22,ONE MORE DRAM,32.5
2026-09-22,ONE SUGAR,27.9
2026-09-22,OPAWA ELVIS,31.4
2026-09-22,ORANGE CRUSH,37.0
2026-09-22,OUR BANK,31.4
2026-09-22,OUR MISS MAGGIE,28.6
2026-09-22,OZA BUZZ,28.9
2026-09-22,PAW ALLESANDRA,27.1
2026-09-22,PAW ARCHIE,31.4
2026-09-22,PAW CAMPUS,26.6
2026-09-22,PAW CHEYENNE,30.6
2026-09-22,PAW DANGER,31.3
2026-09-22,PAW DROGO,31.8
2026-09-22,PAW FABLE,31.3
2026-09-22,PAW FORRESTER,30.0
2026-09-22,PAW GEORGIE,29.7
2026-09-22,PAW HADES,31.6
2026-09-22,PAW HARRIS,34.2
2026-09-22,PAW IOWA,31.5
2026-09-22,PAW IROHA,29.5
2026-09-22,PAW JANNY,24.6
2026-09-22,PAW JASTA,31.6
2026-09-22,PAW JAXSON,31.6
2026-09-22,PAW JERRY,32.3
2026-09-22,PAW KATTIA,27.4
2026-09-22,PAW LAMPADES,32.7
2026-09-22,PAW LAPRAS,27.6
2026-09-22,PAW LINDEN,32.2
2026-09-22,PAW LONDON,25.7
2026-09-22,PAW MADDISON,24.5
2026-09-22,PAW MURBELLA,28.1
2026-09-22,PAW NATULLO,31.4
2026-09-22,PAW NIALL,33.2
2026-09-22,PAW NIMBUS,35.3
2026-09-22,PAW NORBERT,36.4
2026-09-22,PAW OLENA,26.7
2026-09-22,PAW ORTIZ,30.8
2026-09-22,PAW PASCAL,36.4
2026-09-22,PAW QUADE,26.7
2026-09-22,PAW QUANDA,27.9
2026-09-22,PAW QUINTESSA,27.1
2026-09-22,PAW QUIVER,34.8
2026-09-22,PAW RAMELLO,27.3
2026-09-22,PAW REVY,32.6
2026-09-22,PAW SAUNDRA,28.6
2026-09-22,PAW UCARTY,30.6
2026-09-22,PAW UNITY,22.7
2026-09-22,PAW VADA,24.5
2026-09-22,PAW VOLTRON,30.1
2026-09-22,PAW WALDORF,32.4
2026-09-22,PAW WANDA,27.0
2026-09-22,PAW WARRINGAH,29.2
2026-09-22,PAW WONDER,30.2
2026-09-22,PAW XANDY,23.3
2026-09-22,PAW XANTHIE,26.4
2026-09-22,PAW XELA,25.5
2026-09-22,PAW XYLA,24.6
2026-09-22,PAW ZENITH,33.3
2026-09-22,PAY UP SALLY,29.4
2026-09-22,PEAKY AVENGER,27.5
2026-09-22,PENNY PINTO,25.2
2026-09-22,PERFECT TONIGHT,29.5
2026-09-22,PIECE OF ME,27.1
2026-09-22,PLAIN SAINT,34.2
2026-09-22,POETIC STAR,32.6
2026-09-22,POINT MAN,33.8
2026-09-22,POP IT UP,25.9
2026-09-22,POWER AFFECT,31.0
2026-09-22,PRAWN AND ORDER,28.0
2026-09-22,PRINCE VALHALLA,32.1
2026-09-22,PRISON BREAK,34.5
2026-09-22,PROFESSOR MAUI,31.2
2026-09-22,PYRENEES ACE,27.1
2026-09-22,PYRENEES EXPRESS,32.2
2026-09-22,QUICK SHOT,29.8
2026-09-22,RAKIN' IT IN,33.4
2026-09-22,RAPIDO NINJA,33.7
2026-09-22,RECANTED,32.7
2026-09-22,RED NOSE,31.6
2026-09-22,REIKO BLING,35.3
2026-09-22,REIKO COMET,29.8
2026-09-22,REV IAN,34.2
2026-09-22,RITA SKEETER,29.0
2026-09-22,RIVERS MEET,31.4
2026-09-22,ROAR OF THUNDER,35.2
2026-09-22,ROMANI ROAD,26.8
2026-09-22,ROTHWELL BONNIE,29.3
2026-09-22,RUBY'S SHOW,28.5
2026-09-22,RUPEE ACTION,36.0
2026-09-22,RUTH'S COMMANDER,33.5
2026-09-22,SACRUM,26.2
2026-09-22,SAFFRON MONSOON,26.6
2026-09-22,SAINT JADE,27.2
2026-09-22,SAINT MICK,31.4
2026-09-22,SAINT RAINE,27.4
2026-09-22,SCHEMING MCLEAN,32.9
2026-09-22,SCOTT VICIOUS,30.5
2026-09-22,SEATS TWO,28.4
2026-09-22,SHADOW ROAD,27.2
2026-09-22,SHAGGY BILLIE,25.5
2026-09-22,SHOOTERS PROJECT,32.8
2026-09-22,SHY CABANG,31.4
2026-09-22,SILKEN KENNEDY,29.9
2026-09-22,SIMPLY JUAN,22.1
2026-09-22,SIR STARBUCK,33.5
2026-09-22,SMALLER ACTS,40.2
2026-09-22,SMART AS ROSE,28.2
2026-09-22,SNAPPER HEAD,29.1
2026-09-22,SNITCH ADAMS,32.0
2026-09-22,SNOOPY,29.8
2026-09-22,SPECIAL PLAYERS,27.9
2026-09-22,STAR FURY,32.2
2026-09-22,STARBRIGHT HUD,28.3
2026-09-22,STARLET BALE,27.5
2026-09-22,STARLORD BALE,34.0
2026-09-22,STARSHIP ATLAS,30.7
2026-09-22,STIPULATED,21.9
2026-09-22,SUNTORY EVE,25.7
2026-09-22,SUPER MAX,36.2
2026-09-22,SUPER SAM,31.6
2026-09-22,SWEET I AM,30.9
2026-09-22,TAG ALONG,31.5
2026-09-22,TAKE A JAGUAR,33.4
2026-09-22,TAKE A RHINO,32.2
2026-09-22,TAKE A VIOLET,28.0
2026-09-22,TAT LEAH,31.7
2026-09-22,TEQUILA SPICE,23.8
2026-09-22,TESS CABANG,29.7
2026-09-22,TEXAS TOAST,27.7
2026-09-22,THAI TIGER,33.6
2026-09-22,THOR LEGEND,33.3
2026-09-22,THREE VOTES NICK,31.1
2026-09-22,TO PERU,27.5
2026-09-22,TOMMY MARRA,31.3
2026-09-22,TOUCH OF SIN,25.8
2026-09-22,TRENTINO,33.1
2026-09-22,TRIBAL ADVISOR,24.5
2026-09-22,TRICK,32.3
2026-09-22,TRICKY DISCO,33.2
2026-09-22,TRIMBOLE,32.8
2026-09-22,TROUBLESOME,35.3
2026-09-22,TURN UP TURBO,33.4
2026-09-22,TWICE THE IMPACT,27.3
2026-09-22,ULTIMO,35.6
2026-09-22,ULTRA PUB RUN,32.2
2026-09-22,UNCLE COLIN,31.5
2026-09-22,UNIVERSE,33.0
2026-09-22,URANA PUZZLED,26.2
2026-09-22,UTAH ICON,30.8
2026-09-22,VERA JAKIT,29.3
2026-09-22,WEBLEC VELVET,27.4
2026-09-22,WESTSIDE WIZARD,35.4
2026-09-22,WHAT CLASS,26.2
2026-09-22,WHAT ODDS BILLY,32.3
2026-09-22,WHY MUMMY,30.9
2026-09-22,WILE COYOTE,27.9
2026-09-22,WINSLOW WISH,25.6
2026-09-22,WINTER GOES,27.7
2026-09-22,WYONG KNOXVILLE,26.5
2026-09-22,YOUNG RUFUS,30.9
2026-09-22,ZAMBADA ICON,33.5
2026-09-22,ZELDA BRAGA,31.5
2026-09-22,ZENYATTA,28.5
2026-09-22,ZIPPING BERKELEY,27.3
2026-09-22,ZIPPING LILO,28.2
2026-09-22,ZIPPING UNA,31.1
2026-09-23,ABRACADABRA,27.7
2026-09-23,ACE CHASER,32.1
2026-09-23,ALFIE TANGO,37.4
2026-09-23,ANNIE'S OKAY,29.0
2026-09-23,ANYONE FOR YOU,33.6
2026-09-23,ASTON ADRIANA,28.5
2026-09-23,ASTON BARRISTER,31.0
2026-09-23,ASTON FINNISS,23.7
2026-09-23,ASTON GIOVANNI,29.7
2026-09-23,ASTON HEDLAND,32.7
2026-09-23,ASTON MACHINE,33.5
2026-09-23,ASTON MERRICK,31.6
2026-09-23,ASTON MONSOON,32.2
2026-09-23,ASTON MORIALTA,25.3
2026-09-23,ASTON PASTIZZI,27.5
2026-09-23,ASTON PLUTO,26.0
2026-09-23,ASTON SUMMARY,36.9
2026-09-23,ASTON SUNSHINE,26.4
2026-09-23,AUNTIE AMBER,29.1
2026-09-23,AUNTY FAYE,28.1
2026-09-23,AUSSIE FERNANDO,34.1
2026-09-23,AYESHA BALE,28.2
2026-09-23,BAROOGA JIM,31.9
2026-09-23,BEANIE THIEF,32.0
2026-09-23,BELAIR BETTY,28.0
2026-09-23,BELAIR CROWN,27.7
2026-09-23,BERRINGA BLACK,33.9
2026-09-23,BEYOND EASY,30.7
2026-09-23,BIG DUKE,35.6
2026-09-23,BILLIES RAINBOW,28.6
2026-09-23,BLACK FRIDAY,32.8
2026-09-23,BLACK STATESMAN,33.9
2026-09-23,BLACK VIOLET,28.8
2026-09-23,BLACKBERRY JUICE,30.2
2026-09-23,BLIZZARD BYRNE,29.3
2026-09-23,BLOWING TRUMPETS,35.1
2026-09-23,BLUE BOY SHIRAZ,33.1
2026-09-23,BORACAY BELLA,28.4
2026-09-23,BORDER BEAST,30.9
2026-09-23,BOUNDING CHIEF,36.9
2026-09-23,BRAVE CHARMER,36.5
2026-09-23,BRINDLE MOSAIC,26.8
2026-09-23,BROKEN HALO,35.5
2026-09-23,BUN QUAKE,29.6
2026-09-23,BYE PICKLES,32.5
2026-09-23,CACKLING SUZIE,26.9
2026-09-23,CALM THE STORM,26.6
2026-09-23,CANDY POPS,27.8
2026-09-23,CANDY STRIDE,27.3
2026-09-23,CANYA VIVI,26.1
2026-09-23,CARLEY'S IMAGE,28.9
2026-09-23,CARNIVAL KID,33.6
2026-09-23,CHAIN DRIVE,32.6
2026-09-23,CITY LIMIT,32.3
2026-09-23,CLARETOWN DARCY,36.2
2026-09-23,CLARETOWN HANNA,28.5
2026-09-23,CLARKEY'S MATE,37.7
2026-09-23,CLAUSE EDWARD,33.0
2026-09-23,CLAVICLE,32.3
2026-09-23,CLEAN AIR,28.4
2026-09-23,COLLINDA RAMSAY,32.9
2026-09-23,COMPARE JOE,32.3
2026-09-23,COOL FREDDY,30.2
2026-09-23,CORNHILL BOOMER,27.3
2026-09-23,CORNHILL HUSTLER,27.6
2026-09-23,CORNHILL SCOUT,29.5
2026-09-23,CORNHILL WARRIOR,30.9
2026-09-23,CRACKERJACK ADAM,31.4
2026-09-23,CROYDON,32.5
2026-09-23,CRUISIN' GRAE,29.8
2026-09-23,CRUZADO,37.2
2026-09-23,DEEP THINKER,33.6
2026-09-23,DEMONIC SPIRIT,34.2
2026-09-23,DETECTION,30.7
2026-09-23,DIESEL DYNASTY,29.6
2026-09-23,DIMORA BIG BOY,32.4
2026-09-23,DIMORA PATCH,32.9
2026-09-23,DIMORA STRIPEY,25.2
2026-09-23,DIMPLE BRANDY,25.4
2026-09-23,DOONGALLA AL,34.1
2026-09-23,DOONGALLA EVE,27.6
2026-09-23,DOONGALLA GIGI,25.6
2026-09-23,DOONGALLA ROCKET,31.6
2026-09-23,DOUBLE SHOT RIOT,29.3
2026-09-23,DUNSMORE FLYER,30.0
2026-09-23,EAT YOUR SPINACH,34.4
2026-09-23,EGO BALE,29.0
2026-09-23,ELEVATE,31.8
2026-09-23,ETHANOL VISION,26.4
2026-09-23,EVERGLOW,27.2
2026-09-23,EXCITED TWITCH,26.5
2026-09-23,FAST KNOCKDOWN,29.8
2026-09-23,FAST REPLY,37.8
2026-09-23,FIRE RATED,34.7
2026-09-23,FIREWORKS,28.8
2026-09-23,FLYING ROGUE,27.2
2026-09-23,FOOD FIGHT,35.7
2026-09-23,FUME TRAIN,30.4
2026-09-23,GALAXY DANCER,25.7
2026-09-23,GAMORA BALE,28.0
2026-09-23,GO PIKACHU,35.2
2026-09-23,GO STEVIE,33.4
2026-09-23,GOOSEBUMPS RICO,32.0
2026-09-23,GRASS IS GREENER,32.2
2026-09-23,GRAY GROUPER,34.8
2026-09-23,HALF MAC,29.5
2026-09-23,HAPPY AND NUMB,37.1
2026-09-23,HAPPY DAD,31.5
2026-09-23,HARTLAND ASH,25.3
2026-09-23,HARTLAND BONNIE,25.0
2026-09-23,HARTLAND BUDDY,32.8
2026-09-23,HECTIC HARRY,32.7
2026-09-23,HIGH COTTON,34.0
2026-09-23,HILLBILLY HUNTER,32.2
2026-09-23,HILLBILLY TIGER,28.6
2026-09-23,HOOKED AND HAPPY,32.4
2026-09-23,HOW AWESOME,30.5
2026-09-23,HUSKY SARA LEE,30.5
2026-09-23,I'M TO BLAME,33.1
2026-09-23,IDYLLIC MEYER,24.8
2026-09-23,IN A BIT,29.5
2026-09-23,INGA JOHNNY,32.6
2026-09-23,INGA RYDER,29.2
2026-09-23,INITIAL CONSULT,28.4
2026-09-23,IT'S BUBBLE TIME,30.1
2026-09-23,JOHN BOY,33.3
2026-09-23,JUST QUICKLY,28.3
2026-09-23,KAELIX JEWEL,28.6
2026-09-23,KAIA GOT SQUARE,28.9
2026-09-23,KATE'S RIFT,26.2
2026-09-23,KENSINGTON FLYER,27.8
2026-09-23,KIANI STAR,30.1
2026-09-23,KISS FOR CASH,29.1
2026-09-23,LAKEVIEW ROWDY,37.4
2026-09-23,LARA MOON,29.8
2026-09-23,LASERHAWK,33.2
2026-09-23,LAURA MAY,28.7
2026-09-23,LAURISTON GIRL,27.3
2026-09-23,LEKTRA BILLS,32.4
2026-09-23,LEKTRA ROSA,27.6
2026-09-23,LEKTRA SKIP,26.7
2026-09-23,LEKTRA SOLO,32.9
2026-09-23,LEKTRA STING,33.0
2026-09-23,LET'S CAUSE KAOS,29.7
2026-09-23,LITTLE MISS MAY,27.2
2026-09-23,LITTLE RAT,21.8
2026-09-23,LOCHINVAR GIFT,28.0
2026-09-23,LORIMER STREET,30.8
2026-09-23,LUCKY SPIN,33.3
2026-09-23,LUNA'S GIRL,33.5
2026-09-23,MAJOR SHIRAZ,32.6
2026-09-23,MARBLE SUNSET,28.5
2026-09-23,MARCO MARCO,30.8
2026-09-23,MARKET JET,37.1
2026-09-23,MAXIMUM PENALTY,29.6
2026-09-23,MAXIMUM SILVER,28.0
2026-09-23,MAXIMUM SUNNY,28.9
2026-09-23,MEANINGFUL,26.1
2026-09-23,MIDNIGHT THUNDER,32.1
2026-09-23,MIDWAY CENTRAL,31.0
2026-09-23,MISS BARBIE,25.9
2026-09-23,MISS BEC,30.8
2026-09-23,MISS WONG,29.3
2026-09-23,MISTER MANFREDI,37.0
2026-09-23,MOMBASA'S BEST,31.6
2026-09-23,MONEY SCIENCE,32.8
2026-09-23,MORAINE KOBY,34.4
2026-09-23,MORNING DAWN,28.5
2026-09-23,MOTIVATE,33.2
2026-09-23,MOYARRA KONGK,33.7
2026-09-23,MR. BLUEY LEE,32.0
2026-09-23,MR. KIA ORA,34.6
2026-09-23,MRS. TIGGYWINKLE,27.8
2026-09-23,MYSTIC CONTESSA,24.7
2026-09-23,NANGAR MACIE,24.8
2026-09-23,NICMAC ACE,32.7
2026-09-23,NOVA OWEN,30.2
2026-09-23,OFF THE BEER,33.8
2026-09-23,OKLAHOMA BALE,32.2
2026-09-23,OLLIE REIKO,34.5
2026-09-23,OLYMPIA ONYX,27.6
2026-09-23,ONE VISION,31.3
2026-09-23,OPAWA FANNIN,32.0
2026-09-23,OPAWA POSTMAN,31.7
2026-09-23,OSCAR MIKE,31.8
2026-09-23,OUR RUPEE,31.0
2026-09-23,OUTSIDES,31.8
2026-09-23,OZA BUZZ,28.9
2026-09-23,OZA ONE,29.4
2026-09-23,PANTHER'S WAY,30.4
2026-09-23,PAR EXCELLENCE,33.7
2026-09-23,PARIS MASH,27.3
2026-09-23,PASS THE PEPPA,29.3
2026-09-23,PAW ALLESANDRA,27.1
2026-09-23,PAW AMALFI,28.0
2026-09-23,PAW CAMPUS,26.6
2026-09-23,PAW CHEYENNE,30.6
2026-09-23,PAW DANGER,31.3
2026-09-23,PAW DIPPY,29.0
2026-09-23,PAW DROGO,31.8
2026-09-23,PAW FABLE,31.3
2026-09-23,PAW FORRESTER,30.0
2026-09-23,PAW GREGSON,35.6
2026-09-23,PAW HADES,31.6
2026-09-23,PAW HARRIS,34.2
2026-09-23,PAW HELION,33.8
2026-09-23,PAW JANNY,24.6
2026-09-23,PAW JASTA,31.6
2026-09-23,PAW JERRY,32.3
2026-09-23,PAW LAMPADES,32.7
2026-09-23,PAW LAPRAS,27.6
2026-09-23,PAW LINDEN,32.2
2026-09-23,PAW NATULLO,31.4
2026-09-23,PAW NIALL,33.2
2026-09-23,PAW NITRO,30.2
2026-09-23,PAW ORTIZ,30.8
2026-09-23,PAW REVY,32.6
2026-09-23,PAW VADA,24.5
2026-09-23,PAW VARNA,31.0
2026-09-23,PAW VINE,27.6
2026-09-23,PAW XANDY,23.3
2026-09-23,PAW XELA,25.5
2026-09-23,PAW XEROX,31.1
2026-09-23,PAW XYLA,24.6
2026-09-23,PAW YARIS,26.5
2026-09-23,PERFECT JENNY,27.8
2026-09-23,PINE BLUFF,26.2
2026-09-23,POETIC STAR,32.6
2026-09-23,POP POP BANG,26.5
2026-09-23,POWER AFFECT,31.0
2026-09-23,PRICKLE,28.5
2026-09-23,PRISON BREAK,34.5
2026-09-23,PUMPING MAGIC,35.1
2026-09-23,PYRENEES ACE,27.1
2026-09-23,PYRENEES EXPRESS,32.2
2026-09-23,RAPID BURST,33.1
2026-09-23,RAVEN FORCE,28.6
2026-09-23,RECANTED,32.7
2026-09-23,RECHARGE,27.7
2026-09-23,RED CABANG,36.2
2026-09-23,RED NOSE,31.6
2026-09-23,RED TURTLE,37.9
2026-09-23,REGGAE MISS,27.8
2026-09-23,REIKO BLING,35.3
2026-09-23,REIKO COMET,29.8
2026-09-23,REMEMBER JAY JAY,35.4
2026-09-23,REUBEN HILL,38.0
2026-09-23,REV GORDON,38.9
2026-09-23,RIPPER RUFUS,32.1
2026-09-23,RIPPING IT UP,29.9
2026-09-23,RITA PAIGE,27.0
2026-09-23,ROCK ETERNAL,33.1
2026-09-23,ROCKY SUPERSTAR,32.0
2026-09-23,ROTHWELL BONNIE,29.3
2026-09-23,RUBY'S SHOW,28.5
2026-09-23,RUTH'S COMMANDER,33.5
2026-09-23,SAINT BERNARDO,33.4
2026-09-23,SEATS TWO,28.4
2026-09-23,SERRATED EDGE,32.6
2026-09-23,SHE'S SALTY,29.0
2026-09-23,SHY CABANG,31.4
2026-09-23,SILKEN KENNEDY,29.9
2026-09-23,SMALL PONY,29.9
2026-09-23,SNAPPER HEAD,29.1
2026-09-23,SNITCH ADAMS,32.0
2026-09-23,SNOOPY,29.8
2026-09-23,SO GLAMOROUS,26.2
2026-09-23,SOCIALISM,26.1
2026-09-23,SON OF WITCHY,32.1
2026-09-23,SPACE KING,34.3
2026-09-23,SPECIAL PLAYERS,27.9
2026-09-23,SPICE ROAD,38.2
2026-09-23,STARLORD BALE,34.0
2026-09-23,STARSHIP ATLAS,30.7
2026-09-23,STARTING OUT,33.3
2026-09-23,STEAL THE STAGE,33.5
2026-09-23,SUNNY LYN,29.4
2026-09-23,SUNTORY EVE,25.7
2026-09-23,SUPER MAX,36.2
2026-09-23,SWEET MILLIE,25.3
2026-09-23,TAG ALONG,31.5
2026-09-23,TAKE A JAGUAR,33.4
2026-09-23,TAKE A RHINO,32.2
2026-09-23,TAKE A VIOLET,28.0
2026-09-23,TAW UNBOUND,35.4
2026-09-23,TESS CABANG,29.7
2026-09-23,TEXAS TOAST,27.7
2026-09-23,THOR LEGEND,33.3
2026-09-23,THREE VOTES NICK,31.1
2026-09-23,TIGER ROCKS,33.1
2026-09-23,TIME PERPETUATED,27.6
2026-09-23,TRENTON'S CREED,28.8
2026-09-23,TRENTON'S PRIDE,28.9
2026-09-23,TRICK,32.3
2026-09-23,TRICKY DISCO,33.2
2026-09-23,TRIMBOLE,32.8
2026-09-23,TWICE THE IMPACT,27.3
2026-09-23,TWO TRUTHS,26.2
2026-09-23,UNIVERSE,33.1
2026-09-23,URANA PUZZLED,26.2
2026-09-23,URUGUAYAN GIRL,27.4
2026-09-23,VALLETTA MOON,29.0
2026-09-23,VALLETTA PEARL,26.8
2026-09-23,WAH CEDAR,30.9
2026-09-23,WAH JARRAH,31.9
2026-09-23,WANBI,32.2
2026-09-23,WANGARATTA GIRL,30.4
2026-09-23,WEBLEC VELVET,27.4
2026-09-23,WESTSIDE WIZARD,35.4
2026-09-23,WHERE'S HUNTLY,30.6
2026-09-23,WHIPSTICK JORDAN,33.2
2026-09-23,WHISKY POINT,28.7
2026-09-23,WHITE SHIRAZ,25.9
2026-09-23,WYONG BARNABY,34.4
2026-09-23,ZARI EXACT,32.8
2026-09-23,ZIPPING BERKELEY,27.3
2026-09-23,ZIPPING LILO,28.2
2026-09-24,ACE CHASER,32.1
2026-09-24,AMRON SAMMY,33.7
2026-09-24,ANCHOR CRANKER,28.0
2026-09-24,APTITUDE,32.6
2026-09-24,ASSASSINATOR,32.8
2026-09-24,ASSUMED MISSING,32.0
2026-09-24,ASTON ALARM,31.3
2026-09-24,ASTON BARRISTER,31.0
2026-09-24,ASTON CASTLE,34.6
2026-09-24,ASTON CHANT,24.3
2026-09-24,ASTON CLEESE,32.7
2026-09-24,ASTON EXCLUSIVE,31.2
2026-09-24,ASTON FIXER,33.7
2026-09-24,ASTON FUMIKO,27.0
2026-09-24,ASTON GIOVANNI,29.7
2026-09-24,ASTON GRANDEUR,30.2
2026-09-24,ASTON KATY,26.5
2026-09-24,ASTON MACHINE,33.5
2026-09-24,ASTON MERRICK,31.6
2026-09-24,ASTON NATIONAL,29.7
2026-09-24,ASTON PROTON,26.7
2026-09-24,ASTON SUMMARY,36.9
2026-09-24,ATTICUS,28.4
2026-09-24,AUNTIE AMBER,29.9
2026-09-24,AUNTY FAYE,28.1
2026-09-24,AUSSIE WAGYU,30.6
2026-09-24,AVENGEMENT,33.7
2026-09-24,BANDIT SWAGGER,35.8
2026-09-24,BAROOGA JIM,31.9
2026-09-24,BAROOGA KING,33.7
2026-09-24,BASH BOY GIBLET,37.8
2026-09-24,BEAR IT IS,33.3
2026-09-24,BELAIR BETTY,28.0
2026-09-24,BELAIR CROWN,27.7
2026-09-24,BELAIR LAUREL,27.0
2026-09-24,BERRINGA BLACK,33.9
2026-09-24,BEST FOR LAST,31.6
2026-09-24,BEYOND EASY,30.7
2026-09-24,BIG BOY PANTS,33.5
2026-09-24,BIG COOL,34.0
2026-09-24,BILLIES RAINBOW,28.6
2026-09-24,BINDY BLAZER,27.5
2026-09-24,BIOLLANTE,29.3
2026-09-24,BLACK FRIDAY,32.8
2026-09-24,BLACK VIOLET,28.8
2026-09-24,BLACKBERRY JUICE,30.2
2026-09-24,BLACKPOOL FINN,34.2
2026-09-24,BLACKPOOL WINTER,29.5
2026-09-24,BLIZZARD BYRNE,29.3
2026-09-24,BLOWING TRUMPETS,35.1
2026-09-24,BLUE BOY SHIRAZ,33.1
2026-09-24,BLUE POOLS,36.2
2026-09-24,BOGAN BEND,32.4
2026-09-24,BONE SHAKER,32.1
2026-09-24,BORACAY BELLA,28.4
2026-09-24,BOUNDING CHIEF,36.9
2026-09-24,BRAGGING RIGHTS,32.0
2026-09-24,BRAVE CHARMER,36.5
2026-09-24,BRINDLE MOSAIC,26.8
2026-09-24,BROKEN HALO,35.5
2026-09-24,BROTHER EASY,30.0
2026-09-24,BULL ROSE,32.6
2026-09-24,BUN QUAKE,29.6
2026-09-24,BUSH BIG SHOW,31.8
2026-09-24,BUSH MAYHEM,31.9
2026-09-24,BYE PICKLES,32.5
2026-09-24,CACO MISSILE,32.7
2026-09-24,CALAMITY NINA,26.7
2026-09-24,CALM THE STORM,26.6
2026-09-24,CAN DO GRACE,25.7
2026-09-24,CANDY POPS,27.8
2026-09-24,CANDY STRIDE,27.3
2026-09-24,CANYA TALK NOW,34.0
2026-09-24,CANYA VIVI,26.1
2026-09-24,CARNIVAL KID,33.6
2026-09-24,CHAIN DRIVE,32.6
2026-09-24,CHATTERBUG,27.6
2026-09-24,CHEER CHEER,31.6
2026-09-24,CINNABAR ICON,28.2
2026-09-24,CLARETOWN DARCY,36.2
2026-09-24,CLARETOWN HANNA,28.5
2026-09-24,CLARKEY'S MATE,37.7
2026-09-24,CLASSY DANCER,26.1
2026-09-24,CLAUSE EDWARD,33.0
2026-09-24,CLEAN AIR,28.4
2026-09-24,COLLINDA POPS,27.1
2026-09-24,COLLINDA RAMSAY,32.9
2026-09-24,COME AND SEE,29.3
2026-09-24,CONTACTED,27.2
2026-09-24,COOL DISGUISE,26.8
2026-09-24,COOL FREDDY,30.2
2026-09-24,CORBAN YAXLEY,33.6
2026-09-24,CORNHILL BOOMER,27.3
2026-09-24,CORNHILL HUSTLER,27.6
2026-09-24,CORNHILL SCOUT,29.5
2026-09-24,CORNHILL WARRIOR,30.9
2026-09-24,CRACKERJACK GARY,31.2
2026-09-24,CRASH REBEL,34.1
2026-09-24,CREATIVITY,32.6
2026-09-24,CRIMSON PIRATE,33.2
2026-09-24,CRUISIN' GRAE,29.8
2026-09-24,CRUISING JAMIE,31.9
2026-09-24,CRUSH YOUR RUSH,33.6
2026-09-24,CRUZADO,37.2
2026-09-24,CRY BABY GIBLET,33.5
2026-09-24,DAINTREE GAV,34.7
2026-09-24,DANCING BLUE,27.0
2026-09-24,DARE DEVIL,35.0
2026-09-24,DARK HABITS,28.6
2026-09-24,DASHING DEREK,32.3
2026-09-24,DELATITE BEAST,34.0
2026-09-24,DEMONIC SPIRIT,34.2
2026-09-24,DERRY,33.5
2026-09-24,DETECTION,30.7
2026-09-24,DEVIL'S SYMPATHY,30.6
2026-09-24,DID NOT,27.9
2026-09-24,DID SO,30.0
2026-09-24,DIRTY NALA,26.6
2026-09-24,DIRTY ROXY,27.5
2026-09-24,DOONGALLA DON,32.9
2026-09-24,DOONGALLA MIMIC,33.3
2026-09-24,DREAM ON JUNIOR,30.8
2026-09-24,DRINK WATER,31.3
2026-09-24,DRINKS AFTER,32.3
2026-09-24,DUNSMORE FLYER,30.0
2026-09-24,EL ROJO ROCK,31.4
2026-09-24,ELIJAH ROSE,33.8
2026-09-24,ELITE DARA,34.9
2026-09-24,ELLIS UNIT ONE,33.0
2026-09-24,ESPOIR,25.9
2026-09-24,ETHANOL VISION,26.4
2026-09-24,EVENTUATE,26.0
2026-09-24,EVERGLOW,27.2
2026-09-24,EXCITED TWITCH,26.5
2026-09-24,FAST REPLY,37.8
2026-09-24,FAWN BEAST,27.2
2026-09-24,FEAR THE BEER,32.5
2026-09-24,FIGURE OF SPEECH,29.0
2026-09-24,FIRE RATED,34.7
2026-09-24,FIRE WATER BURN,31.1
2026-09-24,FLAMING SMOOTH,32.7
2026-09-24,FLOURISH,33.0
2026-09-24,FLYER'S GIRL,26.1
2026-09-24,FLYING DUCATI,33.1
2026-09-24,FLYING INTENTION,28.8
2026-09-24,FLYING ROGUE,27.2
2026-09-24,FOXY BARBELLA,30.8
2026-09-24,FREDDY DEEDS,29.8
2026-09-24,FREQUENCY,31.8
2026-09-24,FULL BORE DONNY,34.2
2026-09-24,FULL NOISE,33.5
2026-09-24,FUME TRAIN,30.4
2026-09-24,FURIOUS FALCON,32.8
2026-09-24,GALAXY OF LOVE,25.2
2026-09-24,GAMORA BALE,28.0
2026-09-24,GAPING MARGIN,25.3
2026-09-24,GENERATOR,26.5
2026-09-24,GOLD CODE,29.1
2026-09-24,GOLD TAG,30.8
2026-09-24,GOOSEBUMPS RICO,32.0
2026-09-24,GRAFFITI,35.0
2026-09-24,GRASS IS GREENER,32.2
2026-09-24,GRAVITY RUSH,31.0
2026-09-24,GRAY GROUPER,34.8
2026-09-24,GROOT BALE,35.4
2026-09-24,GUNAI ASH,24.2
2026-09-24,HALF MAC,29.5
2026-09-24,HAPPY DAD,31.5
2026-09-24,HARD LAUNCH,31.6
2026-09-24,HARTLAND ASH,25.3
2026-09-24,HARTLAND BONNIE,25.0
2026-09-24,HARTLAND BUDDY,32.8
2026-09-24,HARTLAND BUSTER,31.2
2026-09-24,HEAVEN ON EARTH,31.6
2026-09-24,HECTIC HARRY,32.7
2026-09-24,HENRIKSEN,32.1
2026-09-24,HERE TO PLAY,25.0
2026-09-24,HIGH COBBER,32.6
2026-09-24,HIGH COTTON,34.0
2026-09-24,HILLBILLY HUNTER,32.2
2026-09-24,HILLBILLY TIGER,28.6
2026-09-24,HIS SPECIAL,33.0
2026-09-24,HOKKAIDO EXPRESS,31.0
2026-09-24,HOLLY ROSE,27.8
2026-09-24,HOLLYWOOD FRANKY,32.7
2026-09-24,HOPE GIBLET,28.4
2026-09-24,HOPE JUAN,32.0
2026-09-24,HOUSE MONEY,33.8
2026-09-24,HOW HIGH,29.9
2026-09-24,HUGO ROSE,33.5
2026-09-24,HUSKY SARA LEE,30.5
2026-09-24,I'M EASY,33.9
2026-09-24,IAN ALBERT,32.9
2026-09-24,IDYLLIC MEYER,24.8
2026-09-24,IMPACTING,32.4
2026-09-24,IN A BIT,29.5
2026-09-24,IN ACTION,30.2
2026-09-24,INDIAN PRINCE,33.6
2026-09-24,INDIAN STAR,33.0
2026-09-24,INDIANA ICON,25.0
2026-09-24,INDY MELMEN,37.9
2026-09-24,INDY'S CHARM,30.5
2026-09-24,IT'S BUBBLE TIME,30.1
2026-09-24,JADED SMILE,27.9
2026-09-24,JUMBUK SACHIN,31.9
2026-09-24,JUNEAU SANGRIA,30.3
2026-09-24,JUST QUICKLY,28.3
2026-09-24,KANSAS RAIDER,33.8
2026-09-24,KAREN'S WITCH,25.6
2026-09-24,KATIE BELL,29.9
2026-09-24,KEN KANEKI,31.8
2026-09-24,KEY PHILOSOPHY,33.9
2026-09-24,KIOWA ICON,28.8
2026-09-24,KISS FOR CASH,29.1
2026-09-24,KIWI EVOCA,39.2
2026-09-24,KOPACKI RIT,31.1
2026-09-24,KRAKEN MILLY,28.0
2026-09-24,KRAKEN SCOOBY,34.2
2026-09-24,KRAKEN ZACK,26.4
2026-09-24,LADY JULIA,28.7
2026-09-24,LADY PERSIMMON,29.0
2026-09-24,LAKEVIEW CHASER,31.1
2026-09-24,LAKEVIEW MITCH,37.3
2026-09-24,LAKEVIEW SNEAKY,35.7
2026-09-24,LAKEVIEW TRACKER,33.5
2026-09-24,LAURA MAY,28.7
2026-09-24,LEKTRA BETA,30.5
2026-09-24,LEKTRA HARMONY,29.2
2026-09-24,LEKTRA ISA,28.3
2026-09-24,LEKTRA JIMMY,33.7
2026-09-24,LEKTRA SKIP,26.7
2026-09-24,LET'S CAUSE KAOS,29.7
2026-09-24,LIKE A BLAZE,30.0
2026-09-24,LINDENOW BUSTER,34.0
2026-09-24,LITTLE AMIGO,33.7
2026-09-24,LITTLE FLOWER,29.2
2026-09-24,LITTLE RAT,21.8
2026-09-24,LITTLE TIC,29.3
2026-09-24,LIVIN' LAVISH,31.7
2026-09-24,LOCHINVAR GIFT,28.0
2026-09-24,LOUIE CABANG,35.4
2026-09-24,LOVE BUG GIBLET,28.0
2026-09-24,LOVE NOTE,27.1
2026-09-24,LUCKY LIMO,26.3
2026-09-24,LUNA'S GIRL,33.5
2026-09-24,MADE EASY,31.9
2026-09-24,MAJOR LOSE,26.6
2026-09-24,MAJOR ORSON,34.6
2026-09-24,MAJOR SHIRAZ,32.6
2026-09-24,MAJOR WAIT,27.4
2026-09-24,MANIFESTO,28.0
2026-09-24,MARBLE SUNSET,28.5
2026-09-24,MARKET JET,37.1
2026-09-24,MASK OF ZORRO,31.5
2026-09-24,MAXI GRIN,32.6
2026-09-24,MAXIMUM SILVER,28.0
2026-09-24,MAXIMUM SUNNY,28.9
2026-09-24,MEANINGFUL,26.1
2026-09-24,MELT MAX,29.6
2026-09-24,MELVIN BALE,31.6
2026-09-24,MEPUNGA BROCKIE,34.3
2026-09-24,MEPUNGA DONNA,29.0
2026-09-24,MEPUNGA GYPSY,25.6
2026-09-24,MEPUNGA SUMMIT,31.5
2026-09-24,MEPUNGA VELVET,27.6
2026-09-24,MIA INTENTION,27.5
2026-09-24,MICK SWAGGER,28.5
2026-09-24,MIDNIGHT PHANTOM,33.7
2026-09-24,MIDNIGHT THUNDER,32.1
2026-09-24,MISCHIEF MATE,35.1
2026-09-24,MISS BARBIE,25.9
2026-09-24,MISS BEC,30.8
2026-09-24,MISS WONG,29.3
2026-09-24,MISTER MANFREDI,37.0
2026-09-24,MISTER RICO,33.5
2026-09-24,MISTRESS GRACE,27.4
2026-09-24,MOE PATTY,24.2
2026-09-24,MOLLY MCKAYLA,27.3
2026-09-24,MOMBASA'S BEST,31.6
2026-09-24,MOONLIGHT MILLER,32.0
2026-09-24,MORAINE BELLA,27.1
2026-09-24,MORAINE LEAH,28.6
2026-09-24,MORNING,33.5
2026-09-24,MORNING DAWN,28.5
2026-09-24,MOTIVATE,33.2
2026-09-24,MY AMBER,25.9
2026-09-24,MY NAME'S EDEN,32.2
2026-09-24,MYOLA THUNDER,32.0
2026-09-24,MYSTERY NELL,27.0
2026-09-24,MYSTIC CONTESSA,24.7
2026-09-24,MYSTIC LULU,24.5
2026-09-24,NANCY DEVERE,28.6
2026-09-24,NARINGAL LAD,33.6
2026-09-24,NAUGHTY NORM,31.8
2026-09-24,NEO DEVERE,32.0
2026-09-24,NESHIA,27.1
2026-09-24,NICMAC ACE,32.7
2026-09-24,NIGHTMARE SWIFTY,30.7
2026-09-24,NIK INTENTION,27.6
2026-09-24,NO CHARGE,26.1
2026-09-24,NOTORIOUS BLAZE,32.8
2026-09-24,OFF THE BEER,33.8
2026-09-24,OLLIE REIKO,34.5
2026-09-24,OLYMPIA ONYX,27.6
2026-09-24,OMEGA JOSIAH,34.8
2026-09-24,ON THE RIVER,34.4
2026-09-24,ONE VISION,31.3
2026-09-24,OPAWA EMILY,27.5
2026-09-24,OPAWA FANNIN,32.0
2026-09-24,OPAWA HASS,32.4
2026-09-24,OPAWA POSTMAN,31.7
2026-09-24,OSCAR MIKE,31.8
2026-09-24,OTTO ROSE,34.0
2026-09-24,OUR BOY BILLY,31.2
2026-09-24,OUR MATE BEAR,26.1
2026-09-24,OUR RUPEE,31.0
2026-09-24,OUTSIDES,31.8
2026-09-24,OVERLAND BOY,34.4
2026-09-24,OZA DOECHII,24.8
2026-09-24,OZA KING,27.7
2026-09-24,OZA ONE,29.4
2026-09-24,PADDY'S CHARIOT,33.0
2026-09-24,PADDY'S WAY,31.3
2026-09-24,PANTHER'S WAY,30.4
2026-09-24,PAR EXCELLENCE,33.7
2026-09-24,PARIS MASH,27.3
2026-09-24,PASS THE PEPPA,29.3
2026-09-24,PAW AMALFI,28.0
2026-09-24,PAW BALLISTA,33.9
2026-09-24,PAW BRUTUS,32.5
2026-09-24,PAW CARVER,34.8
2026-09-24,PAW DIPPY,29.0
2026-09-24,PAW FARINA,37.2
2026-09-24,PAW FORTRESS,40.2
2026-09-24,PAW GORDY,34.8
2026-09-24,PAW GREGSON,35.6
2026-09-24,PAW HARKONNEN,30.9
2026-09-24,PAW HAZELTON,31.6
2026-09-24,PAW HELION,33.8
2026-09-24,PAW IRULAN,26.8
2026-09-24,PAW JAMILA,26.6
2026-09-24,PAW JESSABELLE,26.0
2026-09-24,PAW JUDD,36.9
2026-09-24,PAW KACEY,27.7
2026-09-24,PAW KATTIA,27.7
2026-09-24,PAW KENTA,29.1
2026-09-24,PAW KIPLIN,32.4
2026-09-24,PAW LOVISA,25.8
2026-09-24,PAW MADDISON,24.5
2026-09-24,PAW MANNY,30.3
2026-09-24,PAW MURBELLA,28.1
2026-09-24,PAW NITRO,30.2
2026-09-24,PAW OLIVE,27.6
2026-09-24,PAW ORENTHAL,33.7
2026-09-24,PAW QATAR,31.8
2026-09-24,PAW QWERTY,27.3
2026-09-24,PAW RAELIA,27.2
2026-09-24,PAW TIFFY,27.2
2026-09-24,PAW TREACLE,26.5
2026-09-24,PAW VARNA,31.0
2026-09-24,PAW VINE,27.6
2026-09-24,PAW VITALI,28.5
2026-09-24,PAW VORTEX,31.2
2026-09-24,PAW XEROX,31.1
2026-09-24,PAW XHANI,26.3
2026-09-24,PAW YARIS,26.5
2026-09-24,PAW YAZ,26.8
2026-09-24,PAW ZEVON,32.5
2026-09-24,PAW ZOHAN,30.2
2026-09-24,PAY THE REG,24.2
2026-09-24,PAY UP SALLY,29.4
2026-09-24,PEPPER PIE,30.0
2026-09-24,PERFECT GLOSS,27.0
2026-09-24,PERFECT JENNY,27.8
2026-09-24,PERFECT PICTURE,27.8
2026-09-24,PINE BLUFF,26.2
2026-09-24,PLEASANT DREAMS,33.8
2026-09-24,POINT BREAK,33.7
2026-09-24,POP POP BANG,26.5
2026-09-24,PORTLAND CHICA,30.1
2026-09-24,POWER PLAY,32.5
2026-09-24,PRICKLE,28.5
2026-09-24,PRINCESS LASS,27.9
2026-09-24,PROVISIONAL,33.0
2026-09-24,PUMPING MAGIC,35.1
2026-09-24,QUANTEZ,31.5
2026-09-24,QUICK CUDDLE,31.0
2026-09-24,QUINLEE BALE,28.1
2026-09-24,RAGING FURY,34.6
2026-09-24,RAPID BURST,33.1
2026-09-24,RAPID HEART,34.0
2026-09-24,RAPID SHADOW,26.1
2026-09-24,RATTLE AND HUM,37.1
2026-09-24,RAVEN FORCE,28.6
2026-09-24,READY ONE,32.7
2026-09-24,REALITY EINSTEIN,33.7
2026-09-24,RECHARGE,27.7
2026-09-24,RED,31.9
2026-09-24,RED CABANG,36.2
2026-09-24,RED HOT PRETTY,26.4
2026-09-24,RED TURTLE,37.9
2026-09-24,REG,35.3
2026-09-24,REGGAE MISS,27.8
2026-09-24,RELIABLE MOTOR,30.2
2026-09-24,REMEMBER JAY JAY,35.4
2026-09-24,REUBEN HILL,38.0
2026-09-24,REV GORDON,38.9
2026-09-24,REV KEN,33.7
2026-09-24,RHYTHMIC ENERGY,32.5
2026-09-24,RING A BLUEY,25.9
2026-09-24,RIPPER RUFUS,32.1
2026-09-24,RIPPING IT UP,29.9
2026-09-24,RITA PAIGE,27.0
2026-09-24,ROCK ETERNAL,33.1
2026-09-24,ROCKY CABANG,36.1
2026-09-24,ROCKY SUPERSTAR,32.0
2026-09-24,ROVANIEMI,34.3
2026-09-24,RUNWAY BLUE,28.3
2026-09-24,SAINT BERNARDO,33.4
2026-09-24,SAINT FINNIE,26.6
2026-09-24,SAINT TAY,28.6
2026-09-24,SCOTT ALIFEROUS,26.6
2026-09-24,SERRATED EDGE,32.6
2026-09-24,SEVEN SAMURAI,33.8
2026-09-24,SHAGGY BEAR,36.1
2026-09-24,SHALLOW SALLY,29.5
2026-09-24,SHE'S PRIMED,27.5
2026-09-24,SHE'S SALTY,29.0
2026-09-24,SHY CABANG,32.0
2026-09-24,SILVER SEQUINS,28.2
2026-09-24,SIMPKIN,35.8
2026-09-24,SMALL MERCIES,23.8
2026-09-24,SMALL PONY,29.9
2026-09-24,SMASH 'EM,34.5
2026-09-24,SO GLAMOROUS,26.2
2026-09-24,SOCIALISM,26.1
2026-09-24,SON OF WITCHY,32.1
2026-09-24,SPACE KING,34.3
2026-09-24,SPEEDIE SADIE,27.4
2026-09-24,SPICE ROAD,38.2
2026-09-24,SPICY SEDUCTION,28.6
2026-09-24,SPIDER INTENTION,35.4
2026-09-24,SPIRALLING,34.1
2026-09-24,SPOT THE ANGEL,26.2
2026-09-24,SPRING ESPRESSO,29.3
2026-09-24,SPRING VICTORIA,29.4
2026-09-24,STARBORN,35.8
2026-09-24,STARTING OUT,33.3
2026-09-24,STEAL THE STAGE,33.5
2026-09-24,STILL THE SAME,30.6
2026-09-24,STORM,28.0
2026-09-24,STRASBURG,34.6
2026-09-24,SUNNY LYN,29.4
2026-09-24,SUPER SYMON,32.3
2026-09-24,SUTA'S DELIGHT,32.0
2026-09-24,SWANKY CHIC,26.9
2026-09-24,SWAYING,27.3
2026-09-24,SWEET MILLIE,25.3
2026-09-24,TAW MAJOR,33.6
2026-09-24,TAW UNBOUND,35.4
2026-09-24,TED KLUMP,32.5
2026-09-24,TELL ME LIES,25.2
2026-09-24,THAI TIGER,33.6
2026-09-24,TIGER ROCKS,33.1
2026-09-24,TIME PERPETUATED,27.6
2026-09-24,TO PERU,27.9
2026-09-24,TOMMY CRUISER,30.4
2026-09-24,TOMMY THE HOOD,33.5
2026-09-24,TOSS IT UP,28.7
2026-09-24,TRACK THIRTEEN,36.9
2026-09-24,TRACY GIRL,26.7
2026-09-24,TRANSIT LOUNGE,26.4
2026-09-24,TRAVIS INTENTION,35.3
2026-09-24,TRENTON'S CREED,28.8
2026-09-24,TRENTON'S PRIDE,28.9
2026-09-24,TRIPPED OUT,31.4
2026-09-24,TROPIC SANDS,32.6
2026-09-24,TWILIGHT AXLE,31.1
2026-09-24,TWO TRUTHS,26.2
2026-09-24,UNITED GEORGE,31.0
2026-09-24,UNIVERSE,33.1
2026-09-24,URBAN BITES,29.7
2026-09-24,URUGUAYAN GIRL,27.4
2026-09-24,VACATION CALLING,32.3
2026-09-24,VALLETTA MOON,29.0
2026-09-24,VALLETTA PEARL,26.8
2026-09-24,VESTA BALE,28.0
2026-09-24,VIKING RULER,31.3
2026-09-24,WAH CEDAR,30.9
2026-09-24,WAH JARRAH,31.9
2026-09-24,WANBI,32.2
2026-09-24,WANGARATTA GIRL,30.4
2026-09-24,WAX OFF,33.6
2026-09-24,WEBLEC MEMPHIS,31.5
2026-09-24,WEST TWO AFFAIR,31.3
2026-09-24,WESTERN'S NASIAH,32.6
2026-09-24,WHERE'S HUNTLY,30.6
2026-09-24,WHERE'S MICK,31.2
2026-09-24,WHIPSTICK JORDAN,33.2
2026-09-24,WHISKEY WHISKERS,34.5
2026-09-24,WHISKY POINT,28.7
2026-09-24,WHITE NILE,34.8
2026-09-24,WHITE SHIRAZ,25.9
2026-09-24,WHODAT JEWEL,26.7
2026-09-24,WHODAT WHISKEY,28.1
2026-09-24,WHY NOT IRIS,29.1
2026-09-24,WHY NOT OLIVIA,28.5
2026-09-24,WHY NOT SEB,35.1
2026-09-24,WIZARD WATSON,35.7
2026-09-24,WYONG BARNABY,34.4
2026-09-24,WYONG KNOXVILLE,26.5
2026-09-24,XARA NAVY,33.8
2026-09-24,ZARI EXACT,32.8
2026-09-24,ZIPPING MARIE,27.8
2026-09-24,ZIPPING MEHARY,31.1
2026-09-24,ZIPPING SMEE,32.9
2026-09-25,ALL I SEE,28.3
2026-09-25,ALLIGATOR ROCK,33.2
2026-09-25,ALWAYS SPEEDY,27.7
2026-09-25,AMRON SAMMY,33.7
2026-09-25,ANCHOR CRANKER,28.0
2026-09-25,APRIL FOOL,31.6
2026-09-25,APTITUDE,32.6
2026-09-25,ARCANA,29.5
2026-09-25,ARTEMIS SCIENCE,27.3
2026-09-25,ASCEND GERANIUM,33.1
2026-09-25,ASH INTENTION,28.4
2026-09-25,ASKERN VIOLET,28.0
2026-09-25,ASSASSINATOR,32.8
2026-09-25,ASSUMED MISSING,32.0
2026-09-25,ASTON ADRIANA,28.7
2026-09-25,ASTON ALARM,31.3
2026-09-25,ASTON AQUITAINE,28.4
2026-09-25,ASTON BENTLEY,33.4
2026-09-25,ASTON BUGSY,32.7
2026-09-25,ASTON CASTLE,34.6
2026-09-25,ASTON CHANT,24.3
2026-09-25,ASTON CHATTER,27.7
2026-09-25,ASTON CLEESE,32.7
2026-09-25,ASTON EXCLUSIVE,31.2
2026-09-25,ASTON FIXER,33.7
2026-09-25,ASTON FUMIKO,27.0
2026-09-25,ASTON GRANDEUR,30.2
2026-09-25,ASTON KATY,26.5
2026-09-25,ASTON MANDLA,31.9
2026-09-25,ASTON MORENO,26.7
2026-09-25,ASTON NATIONAL,29.7
2026-09-25,ASTON PROTON,26.7
2026-09-25,ASTON RAYNER,32.7
2026-09-25,ATTICUS,28.4
2026-09-25,AUNTIE AMBER,29.9
2026-09-25,AUSSIE SAVANNAH,27.6
2026-09-25,AUSSIE WAGYU,30.6
2026-09-25,AUTUMN POPPY,27.7
2026-09-25,AVENGEMENT,33.7
2026-09-25,BANDIT ABE,33.0
2026-09-25,BANDIT SWAGGER,35.8
2026-09-25,BAO BUN,25.0
2026-09-25,BAROOGA KING,33.7
2026-09-25,BASH BOY GIBLET,37.8
2026-09-25,BEAR HAND,31.0
2026-09-25,BEAR IT IS,33.3
2026-09-25,BELAIR LAUREL,27.0
2026-09-25,BERRINGA PADDY,27.9
2026-09-25,BEST FOR LAST,31.6
2026-09-25,BESTOWER,28.1
2026-09-25,BETTY'S GARDEN,29.4
2026-09-25,BICEP,32.3
2026-09-25,BIG BOY PANTS,33.5
2026-09-25,BIG COOL,34.0
2026-09-25,BINDY BLAZER,27.5
2026-09-25,BIOLLANTE,29.3
2026-09-25,BLACK MARVEL,35.8
2026-09-25,BLACKPOOL FINN,34.2
2026-09-25,BLACKPOOL WINTER,29.5
2026-09-25,BLAME SPENCER,33.3
2026-09-25,BLAZING BLUE ICE,29.0
2026-09-25,BLAZING TURBO,31.4
2026-09-25,BLUE POOLS,36.2
2026-09-25,BOGAN BEND,32.4
2026-09-25,BOHDAN,30.5
2026-09-25,BOLD THRUSTER,35.5
2026-09-25,BONE SHAKER,32.1
2026-09-25,BONNIE BEAUTIFUL,26.3
2026-09-25,BOYS NIGHT,31.7
2026-09-25,BRAGGING RIGHTS,32.0
2026-09-25,BREAKING CURFEW,24.2
2026-09-25,BROTHER EASY,30.0
2026-09-25,BRUREE LUCK,28.6
2026-09-25,BRUREE PAT,30.3
2026-09-25,BULL ROSE,32.6
2026-09-25,BUNDY PARADISE,32.0
2026-09-25,BUSH BIG SHOW,31.8
2026-09-25,BUSH MAYHEM,31.9
2026-09-25,BUSTER BOURBSKI,35.4
2026-09-25,CACO MISSILE,32.7
2026-09-25,CALAMITY NINA,26.7
2026-09-25,CAN DO GRACE,25.7
2026-09-25,CANYA EXCITE ME,29.2
2026-09-25,CANYA KICK IT,27.8
2026-09-25,CANYA TALK NOW,34.0
2026-09-25,CANYA TORNADO,35.9
2026-09-25,CARRY ON CASEY,27.5
2026-09-25,CARRY ON MACI,27.4
2026-09-25,CASH ME OUT,26.0
2026-09-25,CATHY'S DREAM,30.9
2026-09-25,CHALK AND CHEESE,31.3
2026-09-25,CHAPPY'S BANSHEE,23.7
2026-09-25,CHAPPY'S HIKARI,29.9
2026-09-25,CHAPPY'S TOTEM,29.5
2026-09-25,CHATTERBUG,27.6
2026-09-25,CHEER CHEER,31.6
2026-09-25,CHEETAH MOON,24.6
2026-09-25,CHEVRON STROLL,28.7
2026-09-25,CHILL OUT PLATE,30.3
2026-09-25,CHLOE'S FAULT,26.2
2026-09-25,CHOJI AKIMICHI,39.1
2026-09-25,CINNABAR ICON,28.2
2026-09-25,CLASSY DANCER,26.1
2026-09-25,COLLINDA POPS,27.1
2026-09-25,COME AND SEE,29.3
2026-09-25,COMPARE BUBBLE,32.8
2026-09-25,COMPARE JOE,32.9
2026-09-25,CONTACTED,27.2
2026-09-25,COOL DISGUISE,26.8
2026-09-25,CORBAN YAXLEY,33.6
2026-09-25,CRACKERJACK GARY,31.2
2026-09-25,CRACKERJACK GUS,30.6
2026-09-25,CRACKERJACK KEV,32.8
2026-09-25,CRASH REBEL,34.1
2026-09-25,CREATIVITY,32.6
2026-09-25,CRIMSON PIRATE,33.2
2026-09-25,CROSS LOCKS,31.5
2026-09-25,CROYDON,32.6
2026-09-25,CRUISING JAMIE,31.9
2026-09-25,CRUSH YOUR RUSH,33.6
2026-09-25,CRY BABY GIBLET,33.5
2026-09-25,CUMULATE,33.7
2026-09-25,DADDY COOL,34.9
2026-09-25,DAINTREE DAMAGE,34.8
2026-09-25,DAINTREE GAV,34.7
2026-09-25,DAINTREE RON,29.9
2026-09-25,DANCE HALL DAYS,32.5
2026-09-25,DANCING BLUE,27.0
2026-09-25,DARE DEVIL,35.0
2026-09-25,DARK HABITS,28.6
2026-09-25,DARNUM BEAR,35.1
2026-09-25,DARRA MICK,34.3
2026-09-25,DASH INTENTION,25.3
2026-09-25,DASHING DEREK,32.3
2026-09-25,DELATITE BEAST,34.0
2026-09-25,DERRY,33.5
2026-09-25,DEVIL'S SYMPATHY,30.6
2026-09-25,DIAMANTINA PEAR,25.0
2026-09-25,DID NOT,27.9
2026-09-25,DID SHE,27.1
2026-09-25,DID SO,30.0
2026-09-25,DIRTY FERNANDO,32.1
2026-09-25,DIRTY NALA,26.6
2026-09-25,DIRTY ROXY,27.5
2026-09-25,DIVOT,30.5
2026-09-25,DONKEY FLY,30.0
2026-09-25,DOONGALLA DON,32.9
2026-09-25,DOONGALLA MIMIC,33.3
2026-09-25,DOONGALLA SHANE,31.2
2026-09-25,DR. BENJI,28.8
2026-09-25,DR. BEYOND,32.9
2026-09-25,DR. BILL,34.2
2026-09-25,DR. CALISTA,28.3
2026-09-25,DR. DANIELA,25.6
2026-09-25,DR. FANATICAL,38.3
2026-09-25,DR. HONEY,26.7
2026-09-25,DR. HOPPER,41.0
2026-09-25,DR. LOUIS,32.0
2026-09-25,DR. NAKITA,25.9
2026-09-25,DR. ODIN,32.8
2026-09-25,DR. PHILADELPHIA,31.4
2026-09-25,DR. POSEIDON,31.2
2026-09-25,DR. XANTHIC,33.1
2026-09-25,DR. YORK,32.0
2026-09-25,DR. ZAIDEN,31.3
2026-09-25,DREAM LUCKY,30.5
2026-09-25,DREAM ON JUNIOR,30.8
2026-09-25,DRINK WATER,31.3
2026-09-25,DRINKS AFTER,32.3
2026-09-25,DUNDEE SKYE,28.4
2026-09-25,DURAN OLLY,32.5
2026-09-25,EIGHT MATES,32.3
2026-09-25,EL ROJO ROCK,31.4
2026-09-25,ELECTROJET,32.5
2026-09-25,ELIJAH ROSE,33.8
2026-09-25,ELITE DARA,34.9
2026-09-25,ELITE INTENTION,33.1
2026-09-25,ELLIS UNIT ONE,33.0
2026-09-25,ELMA'S GIRL,26.5
2026-09-25,ENGELKE ROAD,32.7
2026-09-25,ESPECIAL KIANI,26.5
2026-09-25,ESPOIR,25.9
2026-09-25,EVENTUATE,26.0
2026-09-25,EXCELLENT DASH,27.6
2026-09-25,EXCLUSIVELY,36.1
2026-09-25,EXTREME DASH,34.4
2026-09-25,EXTREMITY,33.5
2026-09-25,FAIRWAY FLYER,31.8
2026-09-25,FAST CAR,31.7
2026-09-25,FAST SOUL LEE,29.3
2026-09-25,FAWN BEAST,27.2
2026-09-25,FAYE VALENTINE,26.3
2026-09-25,FEAR THE BEER,32.5
2026-09-25,FEARLESS BEAR,30.9
2026-09-25,FIESTA BELLE,25.5
2026-09-25,FIGURE OF SPEECH,29.0
2026-09-25,FIRE WATER BURN,31.1
2026-09-25,FLAGMAN FRANKY,32.4
2026-09-25,FLAMING SMOOTH,32.7
2026-09-25,FLOURISH,33.0
2026-09-25,FLYER'S GIRL,26.1
2026-09-25,FLYING DUCATI,33.1
2026-09-25,FLYING INTENTION,28.8
2026-09-25,FLYING ROYCE,34.7
2026-09-25,FLYWHEEL JESS,25.9
2026-09-25,FOXY BARBELLA,30.8
2026-09-25,FRED'S FAST,32.8
2026-09-25,FREDDY DEEDS,29.8
2026-09-25,FREQUENCY,31.8
2026-09-25,FULL BORE DONNY,34.2
2026-09-25,FULL NOISE,33.5
2026-09-25,FURIOUS FALCON,32.8
2026-09-25,GALAXY OF LOVE,25.2
2026-09-25,GAME OF PHONES,28.2
2026-09-25,GAPING MARGIN,25.3
2026-09-25,GENERATOR,26.5
2026-09-25,GEORGIE SUNSHINE,29.1
2026-09-25,GERALDTON CREW,29.3
2026-09-25,GETTING NERVOUS,32.6
2026-09-25,GIACOMO,31.4
2026-09-25,GO GO JEFF,36.8
2026-09-25,GO HOME GIRL,27.9
2026-09-25,GOLD CODE,29.1
2026-09-25,GOLD DECK,32.3
2026-09-25,GOLD TAG,30.8
2026-09-25,GOLDEN MONELLI,33.0
2026-09-25,GRAFFITI,35.0
2026-09-25,GRAVITY RUSH,31.0
2026-09-25,GRETA'S GOLD,28.4
2026-09-25,GREYSYND BONNIE,27.4
2026-09-25,GROOT BALE,35.4
2026-09-25,GRUMPY LION,33.4
2026-09-25,GUACAMOLE IRISH,33.4
2026-09-25,GUNAI ASH,24.2
2026-09-25,GUNAI RAMBO,32.5
2026-09-25,HARA HACHI BU,27.5
2026-09-25,HARD COMPASS,33.3
2026-09-25,HARD LAUNCH,31.6
2026-09-25,HARD MAN,32.5
2026-09-25,HARROW TIME,33.8
2026-09-25,HARTLAND BUSTER,31.2
2026-09-25,HARTLAND ROCKET,31.7
2026-09-25,HAVING A LOOK,26.2
2026-09-25,HAWK MAGIC,25.3
2026-09-25,HEAD HUNTER,33.4
2026-09-25,HEAVEN ON EARTH,31.6
2026-09-25,HECTOR DARCY,35.7
2026-09-25,HENRIKSEN,32.1
2026-09-25,HERE COMES BILLY,32.6
2026-09-25,HERE TO PLAY,25.0
2026-09-25,HIGH COBBER,32.6
2026-09-25,HIGHGATE FRANKY,35.3
2026-09-25,HIGHLAND SAL,28.1
2026-09-25,HIS SPECIAL,33.0
2026-09-25,HIT THE BUTTON,31.8
2026-09-25,HOKKAIDO EXPRESS,31.0
2026-09-25,HOLLY ROSE,27.8
2026-09-25,HOLLYWOOD FRANKY,32.7
2026-09-25,HONEY STIRRER,30.3
2026-09-25,HOPE GIBLET,28.4
2026-09-25,HOPE JUAN,32.0
2026-09-25,HOUSE MONEY,33.8
2026-09-25,HOUSE OF SINS,36.1
2026-09-25,HOW HIGH,29.9
2026-09-25,HUGO ROSE,33.5
2026-09-25,I'M EASY,33.9
2026-09-25,I'M FABULOUS,27.0
2026-09-25,IAN ALBERT,32.9
2026-09-25,IDYLLIC JAMES,31.7
2026-09-25,IMITATED,27.3
2026-09-25,IMPACTING,32.4
2026-09-25,IMPETUOUSLY,28.8
2026-09-25,IN ACTION,30.2
2026-09-25,INDIAN PRINCE,33.6
2026-09-25,INDIAN STAR,33.0
2026-09-25,INDIANA ICON,25.0
2026-09-25,INDY MELMEN,37.9
2026-09-25,INDY'S CHARM,30.5
2026-09-25,JADED SMILE,27.9
2026-09-25,JAZZ BAND,26.9
2026-09-25,JOEY THE JET,35.9
2026-09-25,JUMBUK FUNI,26.4
2026-09-25,JUMBUK MABIOR,31.2
2026-09-25,JUMBUK SACHIN,31.9
2026-09-25,JUMBUK SUGAR BUG,24.3
2026-09-25,JUMBUK WANG WANG,29.3
2026-09-25,JUNEAU SANGRIA,30.3
2026-09-25,KALE ROCKS,34.0
2026-09-25,KANSAS RAIDER,33.8
2026-09-25,KAREN'S WITCH,25.6
2026-09-25,KATIE BELL,29.9
2026-09-25,KEEN ON KEV,32.8
2026-09-25,KEN KANEKI,31.8
2026-09-25,KEY PHILOSOPHY,33.9
2026-09-25,KING PLUM,31.2
2026-09-25,KIOWA ICON,28.8
2026-09-25,KIWI EVOCA,39.2
2026-09-25,KIWI FRED,34.4
2026-09-25,KOPACKI RIT,31.1
2026-09-25,KRAKEN MILLY,28.0
2026-09-25,KRAKEN RIPPER,31.3
2026-09-25,KRAKEN SCOOBY,34.2
2026-09-25,KRAKEN ZACK,26.4
2026-09-25,KUNAMA NAMADGI,26.5
2026-09-25,LADY JULIA,28.7
2026-09-25,LADY PERSIMMON,29.0
2026-09-25,LAKEVIEW CHASER,31.1
2026-09-25,LAKEVIEW IAN,35.7
2026-09-25,LAKEVIEW LEIGH,29.4
2026-09-25,LAKEVIEW MITCH,37.3
2026-09-25,LAKEVIEW ROWDY,37.6
2026-09-25,LAKEVIEW SNEAKY,35.7
2026-09-25,LAKEVIEW TRACKER,33.5
2026-09-25,LAVERS GINNY,27.1
2026-09-25,LEKTRA BETA,30.5
2026-09-25,LEKTRA HARMONY,29.2
2026-09-25,LEKTRA ISA,28.3
2026-09-25,LEKTRA JIMMY,33.7
2026-09-25,LET'S GO CHAMP,25.8
2026-09-25,LET'S WIN BINGO,25.7
2026-09-25,LETHAL TRIX,36.2
2026-09-25,LIKE A BLAZE,30.0
2026-09-25,LIL COCKATOO,26.4
2026-09-25,LILY MARLEEN,26.8
2026-09-25,LINDENOW BUSTER,34.0
2026-09-25,LITTLE AMIGO,33.7
2026-09-25,LITTLE FLOWER,29.2
2026-09-25,LITTLE TIC,29.3
2026-09-25,LITTLE WHIP,24.5
2026-09-25,LIVIN' LAVISH,31.7
2026-09-25,LOCHINVAR THOR,34.5
2026-09-25,LONGINIDIS,31.1
2026-09-25,LOUIE CABANG,35.4
2026-09-25,LOVE BUG GIBLET,28.0
2026-09-25,LOVE NOTE,27.1
2026-09-25,LUCA SKYWALKER,30.9
2026-09-25,LUCKY LIMO,26.3
2026-09-25,MAD MAX,26.6
2026-09-25,MADAM SERIOUS,30.0
2026-09-25,MADE EASY,31.9
2026-09-25,MAGGIE STORM,26.5
2026-09-25,MAJOR LOSE,26.6
2026-09-25,MAJOR ORSON,34.6
2026-09-25,MAJOR WAIT,27.4
2026-09-25,MANIFESTO,28.0
2026-09-25,MANTIS BALE,28.7
2026-09-25,MARCO MARCO,30.7
2026-09-25,MASK OF ZORRO,31.5
2026-09-25,MATT LOCH,36.6
2026-09-25,MAXI GRIN,32.6
2026-09-25,MAXIMUM ELLY,28.5
2026-09-25,MAXIMUM JASMINE,29.1
2026-09-25,MCKERCHER,30.8
2026-09-25,MELT MAX,29.6
2026-09-25,MELVIN BALE,31.6
2026-09-25,MEPUNGA BROCKIE,34.3
2026-09-25,MEPUNGA DONNA,29.0
2026-09-25,MEPUNGA EXPRESS,31.5
2026-09-25,MEPUNGA FLYER,33.8
2026-09-25,MEPUNGA GYPSY,25.6
2026-09-25,MEPUNGA LILLY,30.9
2026-09-25,MEPUNGA PHANTOM,32.4
2026-09-25,MEPUNGA SCARLETT,29.8
2026-09-25,MEPUNGA SHADOW,33.0
2026-09-25,MEPUNGA SPIRIT,30.5
2026-09-25,MEPUNGA SUMMIT,31.5
2026-09-25,MEPUNGA VELVET,27.6
2026-09-25,MIA INTENTION,27.5
2026-09-25,MICK SWAGGER,28.5
2026-09-25,MIDNIGHT JED,32.6
2026-09-25,MIDNIGHT PHANTOM,33.7
2026-09-25,MIDWAY MISSION,30.6
2026-09-25,MIGHTY MISS,27.9
2026-09-25,MINER MICK,29.5
2026-09-25,MINNIE ANGEL,27.2
2026-09-25,MINTER RIOT,29.0
2026-09-25,MINTER SYMPHONY,24.5
2026-09-25,MINTER WHIRL,24.0
2026-09-25,MISCHIEF MATE,35.1
2026-09-25,MISS CHARMED,28.6
2026-09-25,MISS GALORE,27.9
2026-09-25,MISS JO,28.3
2026-09-25,MISS MY BROTHER,27.8
2026-09-25,MISSY RUSLIE,26.1
2026-09-25,MISTER RICO,33.5
2026-09-25,MISTRESS GRACE,27.4
2026-09-25,MOE PATTY,24.2
2026-09-25,MOLLY MCKAYLA,27.3
2026-09-25,MONARCH,29.3
2026-09-25,MOONLIGHT MILLER,32.0
2026-09-25,MORAINE BELLA,27.1
2026-09-25,MORAINE LEAH,28.6
2026-09-25,MORNING,33.5
2026-09-25,MOTHER GEORGIA,30.0
2026-09-25,MR. KIA ORA,34.8
2026-09-25,MY AMBER,25.9
2026-09-25,MY BOY SONNY,31.8
2026-09-25,MY NAME'S EDEN,32.2
2026-09-25,MYOLA THUNDER,32.0
2026-09-25,MYRNIONG STORM,33.9
2026-09-25,MYSTERY NELL,27.0
2026-09-25,MYSTIC LULU,24.5
2026-09-25,NANCY DEVERE,28.6
2026-09-25,NANDO BLAST,30.1
2026-09-25,NARINGAL LAD,33.6
2026-09-25,NAUGHTY NORM,31.8
2026-09-25,NAVY DAVIES,32.4
2026-09-25,NEO DEVERE,32.0
2026-09-25,NESHIA,27.1
2026-09-25,NIGHT RALF,32.3
2026-09-25,NIGHTMARE SWIFTY,30.7
2026-09-25,NIGHTTIME,31.6
2026-09-25,NIK INTENTION,27.6
2026-09-25,NO CHARGE,26.1
2026-09-25,NOT SORRY,32.4
2026-09-25,NOTORIOUS BLAZE,32.8
2026-09-25,OH BISCUIT,26.4
2026-09-25,OHTANI FORCE,32.9
2026-09-25,OKLAHOMA BALE,32.0
2026-09-25,OMEGA JOSIAH,34.8
2026-09-25,ON THE RIVER,34.4
2026-09-25,ONE FEATHER,26.7
2026-09-25,OPALINA,27.5
2026-09-25,OPAWA EMILY,27.5
2026-09-25,OPAWA HASS,32.4
2026-09-25,OTTO ROSE,34.0
2026-09-25,OUR BOY BILLY,31.2
2026-09-25,OUR MATE BEAR,26.1
2026-09-25,OVERLAND BOY,34.4
2026-09-25,OZA DOECHII,24.8
2026-09-25,OZA KING,27.7
2026-09-25,OZA STELLAR,22.4
2026-09-25,PACKHAM UP,33.9
2026-09-25,PADDY'S CHARIOT,33.0
2026-09-25,PADDY'S WAY,31.3
2026-09-25,PARIS MODEL,27.1
2026-09-25,PATH TO NIRVANA,33.0
2026-09-25,PAW ALLESANDRA,27.5
2026-09-25,PAW AMARLI,27.5
2026-09-25,PAW BALLISTA,33.9
2026-09-25,PAW BASTOW,29.8
2026-09-25,PAW BRUTUS,32.5
2026-09-25,PAW CARVER,34.8
2026-09-25,PAW CHEYENNE,30.7
2026-09-25,PAW CHRISTIE,30.2
2026-09-25,PAW DANGER,31.5
2026-09-25,PAW ESTRELLA,28.4
2026-09-25,PAW FARINA,37.2
2026-09-25,PAW FORTRESS,40.2
2026-09-25,PAW GERTRUDE,30.1
2026-09-25,PAW GORDY,34.8
2026-09-25,PAW GROWLITHE,32.3
2026-09-25,PAW GUSTO,32.0
2026-09-25,PAW HARKONNEN,30.9
2026-09-25,PAW HAZELTON,31.6
2026-09-25,PAW INGRID,27.4
2026-09-25,PAW IOWA,31.6
2026-09-25,PAW IRULAN,26.8
2026-09-25,PAW JAMILA,26.6
2026-09-25,PAW JANNY,25.0
2026-09-25,PAW JAXSON,31.7
2026-09-25,PAW JESSABELLE,26.0
2026-09-25,PAW JUDD,36.9
2026-09-25,PAW KABUTO,28.0
2026-09-25,PAW KACEY,27.7
2026-09-25,PAW KATTIA,27.7
2026-09-25,PAW KENTA,29.1
2026-09-25,PAW KIPLIN,32.4
2026-09-25,PAW LANDO,31.2
2026-09-25,PAW LAPRAS,27.8
2026-09-25,PAW LOVISA,25.8
2026-09-25,PAW MADDISON,24.5
2026-09-25,PAW MANNY,30.3
2026-09-25,PAW MATIC,26.1
2026-09-25,PAW MURBELLA,28.1
2026-09-25,PAW NATULLO,31.4
2026-09-25,PAW NIMBUS,35.2
2026-09-25,PAW NORBERT,36.4
2026-09-25,PAW OLENA,26.7
2026-09-25,PAW OLIVE,27.6
2026-09-25,PAW OLYMPUS,32.5
2026-09-25,PAW ORENTHAL,33.7
2026-09-25,PAW PALMER,33.7
2026-09-25,PAW PASADENA,33.1
2026-09-25,PAW PASCAL,36.1
2026-09-25,PAW QATAR,31.8
2026-09-25,PAW QUINBY,31.4
2026-09-25,PAW QWERTY,27.3
2026-09-25,PAW RAELIA,27.2
2026-09-25,PAW RAMELLO,27.2
2026-09-25,PAW REVY,32.6
2026-09-25,PAW RIVAL,31.8
2026-09-25,PAW TIFFY,27.2
2026-09-25,PAW TREACLE,26.5
2026-09-25,PAW URLA,29.4
2026-09-25,PAW VADA,24.4
2026-09-25,PAW VECNAR,31.3
2026-09-25,PAW VERITY,32.0
2026-09-25,PAW VITALI,28.5
2026-09-25,PAW VOLTRON,30.0
2026-09-25,PAW VORTEX,31.2
2026-09-25,PAW WALDORF,32.0
2026-09-25,PAW XANDY,23.5
2026-09-25,PAW XANTHIE,26.3
2026-09-25,PAW XHANI,26.3
2026-09-25,PAW YAZ,26.8
2026-09-25,PAW ZEVON,32.5
2026-09-25,PAW ZOHAN,30.2
2026-09-25,PAW ZURI,30.2
2026-09-25,PAY THE REG,24.2
2026-09-25,PAY UP SALLY,29.4
2026-09-25,PEPPER PIE,30.0
2026-09-25,PERFECT GLOSS,27.0
2026-09-25,PERFECT PICTURE,27.8
2026-09-25,PINK MOSCATO,27.5
2026-09-25,PLAYBACK,33.7
2026-09-25,PLEASANT DREAMS,33.8
2026-09-25,POINT BREAK,33.7
2026-09-25,POP IT UP,26.1
2026-09-25,POP'S BOY,35.7
2026-09-25,PORTLAND CHICA,30.1
2026-09-25,POWER AND MONEY,31.0
2026-09-25,POWER PLAY,32.5
2026-09-25,PRESIDENT ROLEX,33.2
2026-09-25,PRINCE OF FIRE,29.7
2026-09-25,PRINCESS LASS,27.9
2026-09-25,PROMOTE TILLY,30.2
2026-09-25,PROVISIONAL,33.0
2026-09-25,PUT IT TOGETHER,36.3
2026-09-25,QUANTEZ,31.5
2026-09-25,QUEST FOR STYLE,27.7
2026-09-25,QUICK CUDDLE,31.0
2026-09-25,QUINLEE BALE,28.1
2026-09-25,RACCOON MAYNE,27.6
2026-09-25,RACEY STACEY,26.3
2026-09-25,RADIATE,31.3
2026-09-25,RAGING FURY,34.6
2026-09-25,RANSOM,30.5
2026-09-25,RAPID HEART,34.0
2026-09-25,RAPID SHADOW,26.1
2026-09-25,RATTLE AND HUM,37.1
2026-09-25,RAW PEARL,25.5
2026-09-25,READY FOR ACTION,30.1
2026-09-25,READY ONE,32.7
2026-09-25,REALITY EINSTEIN,33.7
2026-09-25,REALITY SECRET,27.9
2026-09-25,RED,31.9
2026-09-25,RED HOT PRETTY,26.4
2026-09-25,REG,35.3
2026-09-25,REIKO ZOOM,29.9
2026-09-25,RELAX MATE,34.2
2026-09-25,RELIABLE MOTOR,30.2
2026-09-25,REMARKS,29.5
2026-09-25,REV KEN,33.7
2026-09-25,RHEA RIPTIDE,25.6
2026-09-25,RHYTHMIC ENERGY,32.5
2026-09-25,RING,34.5
2026-09-25,RING A BLUEY,25.9
2026-09-25,ROCKY CABANG,36.1
2026-09-25,ROVANIEMI,34.3
2026-09-25,RUMOUR I'M BROKE,35.6
2026-09-25,RUNWAY BLUE,28.3
2026-09-25,RUNWAY JADE,26.0
2026-09-25,RUPTURED,39.0
2026-09-25,SAINT FINNIE,26.6
2026-09-25,SAINT TAY,28.6
2026-09-25,SARSAPARILLA KID,30.3
2026-09-25,SCOTT ALIFEROUS,26.6
2026-09-25,SCOTT CHARISMA,28.1
2026-09-25,SCOTT GNARLY,28.2
2026-09-25,SCOTT GREYSCALE,30.9
2026-09-25,SEA BREEZY,33.9
2026-09-25,SEVEN SAMURAI,33.8
2026-09-25,SHADE OF PALE,35.9
2026-09-25,SHAGGY BEAR,36.1
2026-09-25,SHALLOW SALLY,29.5
2026-09-25,SHE'S PRIMED,27.5
2026-09-25,SHY CABANG,32.0
2026-09-25,SILENT BANDIT,31.8
2026-09-25,SILVER SEQUINS,28.2
2026-09-25,SIMPKIN,35.8
2026-09-25,SKEETER MIKADO,26.2
2026-09-25,SKY WOLF,32.9
2026-09-25,SLAY QUEEN MOLLY,28.4
2026-09-25,SLICK ABILITY,27.7
2026-09-25,SMALL MERCIES,23.8
2026-09-25,SMART ROSCOE,32.4
2026-09-25,SMASH 'EM,34.5
2026-09-25,SMILING LILY,26.6
2026-09-25,SMOKIN' BILLY,33.6
2026-09-25,SOFT BEAUTY,31.7
2026-09-25,SOLID GROOVE,32.5
2026-09-25,SOMERTON WILLOW,27.4
2026-09-25,SOUTH THAILAND,31.4
2026-09-25,SOUTHERN STYLE,28.5
2026-09-25,SPARRING,34.5
2026-09-25,SPECIAL TEAMS,26.5
2026-09-25,SPEEDIE SADIE,27.4
2026-09-25,SPEEDY JUDE,28.1
2026-09-25,SPICY SEDUCTION,28.6
2026-09-25,SPIDER INTENTION,35.4
2026-09-25,SPIRALLING,34.1
2026-09-25,SPOT THE ANGEL,26.2
2026-09-25,SPRING ESPRESSO,29.3
2026-09-25,SPRING LAVER,34.3
2026-09-25,SPRING QUIZ,33.6
2026-09-25,SPRING VICTORIA,29.4
2026-09-25,STAR TEN,28.9
2026-09-25,STARBORN,35.8
2026-09-25,STIDHAM KANSAS,26.0
2026-09-25,STILL BELIEVE,29.2
2026-09-25,STILL THE SAME,30.6
2026-09-25,STOJANOVIC,30.2
2026-09-25,STORM,28.0
2026-09-25,STRASBURG,34.6
2026-09-25,STRAWBERRY HILLS,28.7
2026-09-25,STREAM IT,31.2
2026-09-25,STREET LEGAL,31.2
2026-09-25,SUMMER HAIL,28.4
2026-09-25,SUNTORY LILAC,26.3
2026-09-25,SUPER SYMON,32.3
2026-09-25,SUPER TONE,36.2
2026-09-25,SUTA'S DELIGHT,32.0
2026-09-25,SWANKY CHIC,26.9
2026-09-25,SWAYING,27.3
2026-09-25,SWEET AS AVA,26.6
2026-09-25,SWEET BEGONIA,27.0
2026-09-25,SWEET LOVE,27.0
2026-09-25,TAILS OF TERROR,26.4
2026-09-25,TALLANGATTA,33.0
2026-09-25,TAW MAJOR,33.6
2026-09-25,TED KLUMP,32.5
2026-09-25,TELL ME LIES,25.2
2026-09-25,TEQUILA BLINDER,29.3
2026-09-25,TEXAS PRESIDENT,34.9
2026-09-25,THAI TIGER,33.6
2026-09-25,THAT'S MY BOY,28.6
2026-09-25,THORKILDSEN,30.3
2026-09-25,TIN LIDS,29.0
2026-09-25,TO PERU,27.9
2026-09-25,TOFFEE RUPEE,33.3
2026-09-25,TOMMY CRUISER,30.4
2026-09-25,TOMMY THE HOOD,33.5
2026-09-25,TOOTSIE,28.0
2026-09-25,TOP KADE,27.5
2026-09-25,TORNADO TONY,28.2
2026-09-25,TOSS IT UP,28.7
2026-09-25,TRACK THIRTEEN,36.9
2026-09-25,TRACY GIRL,26.7
2026-09-25,TRAJECTORY,34.3
2026-09-25,TRANSIT LOUNGE,26.4
2026-09-25,TRAVIS INTENTION,35.3
2026-09-25,TRENDY TOMMY,29.2
2026-09-25,TRICK,32.4
2026-09-25,TRIPPED OUT,31.4
2026-09-25,TRISSA BALE,28.9
2026-09-25,TROPIC SANDS,32.6
2026-09-25,TUCKER'S BOY,37.2
2026-09-25,TWILIGHT AXLE,31.1
2026-09-25,ULENTA BALE,27.0
2026-09-25,UNITED GEORGE,31.0
2026-09-25,URANA MUFFIN,25.8
2026-09-25,URBAN BITES,29.7
2026-09-25,VACATION CALLING,32.3
2026-09-25,VESTA BALE,28.0
2026-09-25,VIKING RULER,31.3
2026-09-25,WANT SOME,30.6
2026-09-25,WARREN'S LEDGER,36.6
2026-09-25,WAX OFF,33.6
2026-09-25,WE CAN,30.5
2026-09-25,WEBLEC MEMPHIS,31.5
2026-09-25,WEBLEC RACHAEL,27.7
2026-09-25,WELLERMAN,38.0
2026-09-25,WEST TWO AFFAIR,31.3
2026-09-25,WESTERN'S NASIAH,32.6
2026-09-25,WHERE'S MICK,31.2
2026-09-25,WHISKEY WHISKERS,34.5
2026-09-25,WHISPERED,27.6
2026-09-25,WHITE NILE,34.8
2026-09-25,WHODAT JEWEL,26.7
2026-09-25,WHODAT WHISKEY,28.1
2026-09-25,WHY NOT IRIS,29.1
2026-09-25,WHY NOT OLIVIA,28.5
2026-09-25,WHY NOT SEB,35.1
2026-09-25,WILD VENUS,32.2
2026-09-25,WIZARD WATSON,35.7
2026-09-25,WONDERFUL WORK,31.2
2026-09-25,WOODSIDE RAVEN,26.5
2026-09-25,WYONG KNOXVILLE,26.5
2026-09-25,XARA NAVY,33.8
2026-09-25,YEAH YOU,34.7
2026-09-25,ZAMBADA ICON,33.2
2026-09-25,ZANE'S TRAIN,32.1
2026-09-25,ZINZAN SAMMY,32.2
2026-09-25,ZIPPI MUSTANG,26.2
2026-09-25,ZIPPING ABLETT,33.8
2026-09-25,ZIPPING GLINDA,27.5
2026-09-25,ZIPPING MARIE,27.8
2026-09-25,ZIPPING MEHARY,31.1
2026-09-25,ZIPPING SMEE,32.9
2026-09-26,AFFORDABILITY,34.0
2026-09-26,ALL I SEE,28.3
2026-09-26,ALLIGATOR ROCK,33.2
2026-09-26,ALWAYS SPEEDY,27.7
2026-09-26,APRIL FOOL,31.6
2026-09-26,ARCANA,29.5
2026-09-26,ARTEMIS SCIENCE,27.3
2026-09-26,ASCEND GERANIUM,33.1
2026-09-26,ASH INTENTION,28.4
2026-09-26,ASKERN VIOLET,28.0
2026-09-26,ASTON ADRIANA,28.7
2026-09-26,ASTON AQUITAINE,28.4
2026-09-26,ASTON BENTLEY,33.4
2026-09-26,ASTON BUGSY,32.7
2026-09-26,ASTON CHATTER,27.7
2026-09-26,ASTON MANDLA,31.9
2026-09-26,ASTON MORENO,26.7
2026-09-26,ASTON RAYNER,32.7
2026-09-26,AUSSIE SAVANNAH,27.6
2026-09-26,AUTUMN POPPY,27.7
2026-09-26,AYDEN'S WARRIOR,33.4
2026-09-26,BANDIT ABE,33.0
2026-09-26,BAO BUN,25.0
2026-09-26,BEAR HAND,31.0
2026-09-26,BERRINGA PADDY,27.9
2026-09-26,BESTOWER,28.1
2026-09-26,BETTY'S GARDEN,29.4
2026-09-26,BICEP,32.3
2026-09-26,BIG BOY COOPER,31.3
2026-09-26,BIG WHITE SKIER,30.6
2026-09-26,BLACK MARVEL,35.8
2026-09-26,BLAME SPENCER,33.3
2026-09-26,BLAZING BLUE ICE,29.0
2026-09-26,BLAZING TURBO,31.4
2026-09-26,BOHDAN,30.5
2026-09-26,BOLD THRUSTER,35.5
2026-09-26,BONNIE BEAUTIFUL,26.3
2026-09-26,BOYS NIGHT,31.7
2026-09-26,BREAKING CURFEW,24.2
2026-09-26,BRINDLE SURPRISE,33.4
2026-09-26,BRUREE LUCK,28.6
2026-09-26,BRUREE PAT,30.3
2026-09-26,BUNDY PARADISE,32.0
2026-09-26,BUSTER BOURBSKI,35.4
2026-09-26,CANYA EXCITE ME,29.2
2026-09-26,CANYA KICK IT,27.8
2026-09-26,CANYA TORNADO,35.9
2026-09-26,CARRY ON CASEY,27.5
2026-09-26,CARRY ON MACI,27.4
2026-09-26,CASH ME OUT,26.0
2026-09-26,CATHY'S DREAM,30.9
2026-09-26,CHALK AND CHEESE,31.3
2026-09-26,CHAPPY'S BANSHEE,23.7
2026-09-26,CHAPPY'S HIKARI,29.9
2026-09-26,CHAPPY'S TOTEM,29.5
2026-09-26,CHEETAH MOON,24.6
2026-09-26,CHEVRON STROLL,28.7
2026-09-26,CHILL OUT PLATE,30.3
2026-09-26,CHLOE'S FAULT,26.2
2026-09-26,CHOJI AKIMICHI,39.1
2026-09-26,COMPARE BUBBLE,32.8
2026-09-26,COMPARE JOE,32.9
2026-09-26,COUNT THE STARS,31.3
2026-09-26,COUSIN SAL,31.3
2026-09-26,CRACKERJACK GUS,30.6
2026-09-26,CRACKERJACK KEV,32.8
2026-09-26,CROSS LOCKS,31.5
2026-09-26,CROYDON,32.6
2026-09-26,CRUISE COMMANDER,34.3
2026-09-26,CUMULATE,33.7
2026-09-26,DADDY COOL,34.9
2026-09-26,DAINTREE DAMAGE,34.8
2026-09-26,DAINTREE RON,29.9
2026-09-26,DANCE HALL DAYS,32.5
2026-09-26,DARNUM BEAR,35.1
2026-09-26,DARRA MICK,34.3
2026-09-26,DASH INTENTION,25.3
2026-09-26,DASH PARR,31.5
2026-09-26,DETECTION,30.6
2026-09-26,DIAMANTINA PEAR,25.0
2026-09-26,DID SHE,27.1
2026-09-26,DIRTY FERNANDO,32.1
2026-09-26,DIVOT,30.5
2026-09-26,DONKEY FLY,30.0
2026-09-26,DOONGALLA PARODY,26.5
2026-09-26,DOONGALLA SHANE,31.2
2026-09-26,DR. BENJI,28.8
2026-09-26,DR. BEYOND,32.9
2026-09-26,DR. BILL,34.2
2026-09-26,DR. CALISTA,28.3
2026-09-26,DR. DANIELA,25.6
2026-09-26,DR. FANATICAL,38.3
2026-09-26,DR. HONEY,26.7
2026-09-26,DR. HOPPER,41.0
2026-09-26,DR. LOUIS,32.0
2026-09-26,DR. NAKITA,25.9
2026-09-26,DR. ODIN,32.8
2026-09-26,DR. PHILADELPHIA,31.4
2026-09-26,DR. POSEIDON,31.2
2026-09-26,DR. XANTHIC,33.1
2026-09-26,DR. YORK,32.0
2026-09-26,DR. ZAIDEN,31.3
2026-09-26,DREAM LUCKY,30.5
2026-09-26,DUNDEE SKYE,28.4
2026-09-26,DURAN OLLY,32.5
2026-09-26,EDIE MONSOON,28.1
2026-09-26,EIGHT MATES,32.3
2026-09-26,ELECTROJET,32.5
2026-09-26,ELITE INTENTION,33.1
2026-09-26,ELITE ONE,33.8
2026-09-26,ELMA'S GIRL,26.5
2026-09-26,ENGELKE ROAD,32.7
2026-09-26,ESPECIAL KIANI,26.5
2026-09-26,EXCELLENT DASH,27.6
2026-09-26,EXCLUSIVELY,36.1
2026-09-26,EXTREME DASH,34.4
2026-09-26,EXTREMITY,33.5
2026-09-26,FAIRWAY FLYER,31.8
2026-09-26,FAST CAR,31.7
2026-09-26,FAST SOUL LEE,29.3
2026-09-26,FAYE VALENTINE,26.3
2026-09-26,FEARLESS BEAR,30.9
2026-09-26,FIESTA BELLE,25.5
2026-09-26,FLAGMAN FRANKY,32.4
2026-09-26,FLYING ROYCE,34.7
2026-09-26,FLYWHEEL JESS,25.9
2026-09-26,FRED'S FAST,32.8
2026-09-26,GALLEYWOOD,39.1
2026-09-26,GAME OF PHONES,28.2
2026-09-26,GAS AND DUST,31.8
2026-09-26,GEORGIE SUNSHINE,29.1
2026-09-26,GERALDTON CREW,29.3
2026-09-26,GETTING NERVOUS,32.6
2026-09-26,GIACOMO,31.4
2026-09-26,GO GO JEFF,36.8
2026-09-26,GO HOME GIRL,27.9
2026-09-26,GO JO JO,30.1
2026-09-26,GOING NUCLEAR,30.5
2026-09-26,GOLD CLASS COOL,30.0
2026-09-26,GOLD DECK,32.3
2026-09-26,GOLDEN MONELLI,33.0
2026-09-26,GRAPEFRUIT TITO,35.7
2026-09-26,GRETA'S GOLD,28.4
2026-09-26,GREYSYND BONNIE,27.4
2026-09-26,GRUMPY LION,33.4
2026-09-26,GUACAMOLE IRISH,33.4
2026-09-26,GUNAI RAMBO,32.5
2026-09-26,HANDSOME RATIO,35.1
2026-09-26,HARA HACHI BU,27.5
2026-09-26,HARD COMPASS,33.3
2026-09-26,HARD MAN,32.5
2026-09-26,HARROW TIME,33.8
2026-09-26,HARTLAND ROCKET,31.7
2026-09-26,HAVING A LOOK,26.2
2026-09-26,HAWK MAGIC,25.3
2026-09-26,HE'S MAGIC,29.1
2026-09-26,HEAD HUNTER,33.4
2026-09-26,HEATHCOTE RUPEE,34.6
2026-09-26,HECTOR DARCY,35.7
2026-09-26,HERE COMES BILLY,32.6
2026-09-26,HIGH FIVE INDI,29.5
2026-09-26,HIGHGATE FRANKY,35.3
2026-09-26,HIGHLAND SAL,28.1
2026-09-26,HIGHLY CONNECTED,30.0
2026-09-26,HIT THE BUTTON,31.8
2026-09-26,HONEST BEERS,25.3
2026-09-26,HONEY STIRRER,30.3
2026-09-26,HOUSE OF SINS,36.1
2026-09-26,I'M FABULOUS,27.0
2026-09-26,IDYLLIC JAMES,31.7
2026-09-26,IMITATED,27.3
2026-09-26,IMPETUOUSLY,28.8
2026-09-26,IVORY INZAI,31.2
2026-09-26,IVORY MIHARA,27.1
2026-09-26,JAZZ BAND,26.9
2026-09-26,JETTY JUMPER,37.7
2026-09-26,JOEY THE JET,35.9
2026-09-26,JUMBUK FUNI,26.4
2026-09-26,JUMBUK MABIOR,31.2
2026-09-26,JUMBUK SUGAR BUG,24.3
2026-09-26,JUMBUK WANG WANG,29.3
2026-09-26,KALE ROCKS,34.0
2026-09-26,KEEN ON KEV,32.8
2026-09-26,KING OF CHAOS,32.5
2026-09-26,KING PLUM,31.2
2026-09-26,KIWI BIRCHIP,37.3
2026-09-26,KIWI FRED,34.4
2026-09-26,KIWI HANK,43.4
2026-09-26,KORDA INTENTION,31.0
2026-09-26,KRAKEN RIPPER,31.3
2026-09-26,KUNAMA NAMADGI,26.5
2026-09-26,LAKEVIEW IAN,35.7
2026-09-26,LAKEVIEW LEIGH,29.4
2026-09-26,LAKEVIEW ROWDY,37.6
2026-09-26,LAVERS GINNY,27.1
2026-09-26,LET'S GO CHAMP,25.8
2026-09-26,LET'S WIN BINGO,25.7
2026-09-26,LETHAL TRIX,36.2
2026-09-26,LIL COCKATOO,26.4
2026-09-26,LIL REX,30.4
2026-09-26,LILY MARLEEN,26.8
2026-09-26,LITTLE WHIP,24.5
2026-09-26,LOCHINVAR THOR,34.5
2026-09-26,LONGINIDIS,31.1
2026-09-26,LUCA SKYWALKER,30.9
2026-09-26,MAD MAX,26.6
2026-09-26,MADAM SERIOUS,30.0
2026-09-26,MAGGIE STORM,26.5
2026-09-26,MAGIC LOKI,33.4
2026-09-26,MANTIS BALE,28.7
2026-09-26,MARCO MARCO,30.7
2026-09-26,MATT LOCH,36.6
2026-09-26,MAXIMUM ELLY,28.5
2026-09-26,MAXIMUM JASMINE,29.1
2026-09-26,MCKERCHER,30.8
2026-09-26,MELLOW STAR,27.3
2026-09-26,MEPUNGA EXPRESS,31.5
2026-09-26,MEPUNGA FLYER,33.8
2026-09-26,MEPUNGA LILLY,30.9
2026-09-26,MEPUNGA PHANTOM,32.4
2026-09-26,MEPUNGA RULE,32.0
2026-09-26,MEPUNGA SANDY,27.8
2026-09-26,MEPUNGA SCARLETT,29.8
2026-09-26,MEPUNGA SHADOW,33.0
2026-09-26,MEPUNGA SPIRIT,30.5
2026-09-26,MIDNIGHT JED,32.6
2026-09-26,MIDWAY MISSION,30.6
2026-09-26,MIGHTY MISS,27.9
2026-09-26,MIKADO MANIA,28.3
2026-09-26,MINER MICK,29.5
2026-09-26,MINNIE ANGEL,27.2
2026-09-26,MINTER RIOT,29.0
2026-09-26,MINTER SYMPHONY,24.5
2026-09-26,MINTER WHIRL,24.0
2026-09-26,MISS CHARMED,28.6
2026-09-26,MISS GALORE,27.9
2026-09-26,MISS JECKELL,29.3
2026-09-26,MISS JO,28.3
2026-09-26,MISS MAXIMUS,28.2
2026-09-26,MISS MY BROTHER,27.8
2026-09-26,MISS SPARKLES,28.2
2026-09-26,MISSY RUSLIE,26.1
2026-09-26,MOMENT,28.1
2026-09-26,MONARCH,29.3
2026-09-26,MONEY PALACE,31.9
2026-09-26,MONUMENT,31.9
2026-09-26,MORAINE BLUEY,34.7
2026-09-26,MORAINE SARA,26.2
2026-09-26,MOTHER GEORGIA,30.0
2026-09-26,MR. KIA ORA,34.8
2026-09-26,MY BOY SONNY,31.8
2026-09-26,MY MATE CHARLIE,30.3
2026-09-26,MYRNIONG STORM,33.9
2026-09-26,NANDO BLAST,30.1
2026-09-26,NAVY DAVIES,32.4
2026-09-26,NEIL THE SEAL,33.5
2026-09-26,NIGHT RALF,32.3
2026-09-26,NIGHTTIME,31.6
2026-09-26,NO STOP SIGNS,34.8
2026-09-26,NOT SORRY,32.4
2026-09-26,OH BISCUIT,26.4
2026-09-26,OHTANI FORCE,32.9
2026-09-26,OKLAHOMA BALE,32.0
2026-09-26,ONE FEATHER,26.7
2026-09-26,ONE MORE DRAM,32.7
2026-09-26,OPALINA,27.5
2026-09-26,OZA STELLAR,22.4
2026-09-26,PACKHAM UP,33.9
2026-09-26,PARIS MODEL,27.1
2026-09-26,PATH TO NIRVANA,33.0
2026-09-26,PAW ALLESANDRA,27.5
2026-09-26,PAW AMARLI,27.5
2026-09-26,PAW BASTOW,29.8
2026-09-26,PAW CAMPUS,26.7
2026-09-26,PAW CHEYENNE,30.7
2026-09-26,PAW CHRISTIE,30.2
2026-09-26,PAW DANGER,31.5
2026-09-26,PAW ESTRELLA,28.4
2026-09-26,PAW GERTRUDE,30.1
2026-09-26,PAW GROWLITHE,32.3
2026-09-26,PAW GUSTO,32.0
2026-09-26,PAW HADES,31.6
2026-09-26,PAW HARRIS,34.1
2026-09-26,PAW INGRID,27.4
2026-09-26,PAW IOWA,31.6
2026-09-26,PAW JANNY,25.0
2026-09-26,PAW JAXSON,31.7
2026-09-26,PAW KABUTO,28.0
2026-09-26,PAW LANDO,31.2
2026-09-26,PAW LAPRAS,27.8
2026-09-26,PAW MATIC,26.1
2026-09-26,PAW MONET,27.4
2026-09-26,PAW NATULLO,31.4
2026-09-26,PAW NILBERT,32.9
2026-09-26,PAW NIMBUS,35.2
2026-09-26,PAW NORBERT,36.4
2026-09-26,PAW OLENA,26.7
2026-09-26,PAW OLYMPUS,32.5
2026-09-26,PAW PALMER,33.7
2026-09-26,PAW PASADENA,33.1
2026-09-26,PAW PASCAL,36.1
2026-09-26,PAW QUINBY,31.4
2026-09-26,PAW RAMELLO,27.2
2026-09-26,PAW REVY,32.6
2026-09-26,PAW RIVAL,31.8
2026-09-26,PAW TORONTO,32.4
2026-09-26,PAW URLA,29.4
2026-09-26,PAW VADA,24.4
2026-09-26,PAW VARNA,31.0
2026-09-26,PAW VECNAR,31.3
2026-09-26,PAW VERITY,32.0
2026-09-26,PAW VOLTRON,30.0
2026-09-26,PAW WALDORF,32.0
2026-09-26,PAW XANDY,23.5
2026-09-26,PAW XANTHIE,26.3
2026-09-26,PAW ZHANA,29.2
2026-09-26,PAW ZURI,30.2
2026-09-26,PETALI,30.0
2026-09-26,PINK MOSCATO,27.5
2026-09-26,PLAYBACK,33.7
2026-09-26,POINT MAN,33.1
2026-09-26,POP IT UP,26.1
2026-09-26,POP'S BOY,35.7
2026-09-26,POWER AND MONEY,31.0
2026-09-26,POWER SQUEEZE,32.9
2026-09-26,PRESIDENT ROLEX,33.2
2026-09-26,PRINCE OF FIRE,29.7
2026-09-26,PROMOTE TILLY,30.2
2026-09-26,PURE SILK,29.1
2026-09-26,PUT IT TOGETHER,36.3
2026-09-26,QUEST FOR STYLE,27.7
2026-09-26,RACCOON MAYNE,27.6
2026-09-26,RACEY STACEY,26.3
2026-09-26,RADIATE,31.3
2026-09-26,RANSOM,30.5
2026-09-26,RAW PEARL,25.5
2026-09-26,READY FOR ACTION,30.1
2026-09-26,REALITY SECRET,27.9
2026-09-26,REGAL SPENCER,33.0
2026-09-26,REIKO ZOOM,29.9
2026-09-26,RELAX MATE,34.2
2026-09-26,REMARKS,29.5
2026-09-26,REV GORDON,39.1
2026-09-26,REV IAN,34.1
2026-09-26,RHEA RIPTIDE,25.6
2026-09-26,RING,34.5
2026-09-26,RIVERS MEET,31.6
2026-09-26,RUMOUR I'M BROKE,35.6
2026-09-26,RUNWAY JADE,26.0
2026-09-26,RUPTURED,39.0
2026-09-26,SAFFRON MONSOON,26.5
2026-09-26,SAINT FISHY,32.8
2026-09-26,SARSAPARILLA KID,30.3
2026-09-26,SCARY STORM,32.4
2026-09-26,SCOTT CHARISMA,28.1
2026-09-26,SCOTT GNARLY,28.2
2026-09-26,SCOTT GREYSCALE,30.9
2026-09-26,SEA BREEZY,33.9
2026-09-26,SHADE OF PALE,35.9
2026-09-26,SHIMA BLUSH,34.5
2026-09-26,SILENT BANDIT,31.8
2026-09-26,SKEETER MIKADO,26.2
2026-09-26,SKY WOLF,32.9
2026-09-26,SLAY QUEEN MOLLY,28.4
2026-09-26,SLICK ABILITY,27.7
2026-09-26,SLICK BADGER,35.2
2026-09-26,SMART ROSCOE,32.4
2026-09-26,SMILING LILY,26.6
2026-09-26,SMOKIN' BILLY,33.6
2026-09-26,SOFT BEAUTY,31.7
2026-09-26,SOLID GROOVE,32.5
2026-09-26,SOMERTON WILLOW,27.4
2026-09-26,SOUTH THAILAND,31.4
2026-09-26,SOUTHERN STYLE,28.5
2026-09-26,SPARRING,34.5
2026-09-26,SPECIAL TEAMS,26.5
2026-09-26,SPEEDY JUDE,28.1
2026-09-26,SPRING LAVER,34.3
2026-09-26,SPRING QUIZ,33.6
2026-09-26,STAR TEN,28.9
2026-09-26,STIDHAM ARIZONA,27.6
2026-09-26,STIDHAM KANSAS,26.0
2026-09-26,STILL BELIEVE,29.2
2026-09-26,STOJANOVIC,30.2
2026-09-26,STRAWBERRY HILLS,28.7
2026-09-26,STREAM IT,31.2
2026-09-26,STREET LEGAL,31.2
2026-09-26,SUMMER HAIL,28.4
2026-09-26,SUNTORY LILAC,26.3
2026-09-26,SUPER TONE,36.2
2026-09-26,SURGE,32.2
2026-09-26,SWEET AS AVA,26.6
2026-09-26,SWEET BEGONIA,27.0
2026-09-26,SWEET LOVE,27.0
2026-09-26,TAILS OF TERROR,26.4
2026-09-26,TALLANGATTA,33.0
2026-09-26,TANDANYA,32.2
2026-09-26,TASTE,27.9
2026-09-26,TEQUILA BLINDER,29.3
2026-09-26,TEXAS PRESIDENT,34.9
2026-09-26,THAT'S MY BOY,28.6
2026-09-26,THORKILDSEN,30.3
2026-09-26,TIME PERPETUATED,27.3
2026-09-26,TIN LIDS,29.0
2026-09-26,TOFFEE RUPEE,33.3
2026-09-26,TOOTSIE,28.0
2026-09-26,TOP KADE,27.5
2026-09-26,TORNADO TONY,28.2
2026-09-26,TRAJECTORY,34.3
2026-09-26,TRENDY TOMMY,29.2
2026-09-26,TRICK,32.4
2026-09-26,TRISSA BALE,28.9
2026-09-26,TUCKER'S BOY,37.2
2026-09-26,ULENTA BALE,27.0
2026-09-26,URANA MUFFIN,25.8
2026-09-26,URANA STORM,26.6
2026-09-26,VICTORY BARRY,36.2
2026-09-26,WAH ELM,29.0
2026-09-26,WAH TEAK,33.6
2026-09-26,WANT SOME,30.6
2026-09-26,WARREN'S LEDGER,36.6
2026-09-26,WATER MAKER,33.6
2026-09-26,WE CAN,30.5
2026-09-26,WEBLEC RACHAEL,27.7
2026-09-26,WELLERMAN,38.0
2026-09-26,WHAT CLASS,26.5
2026-09-26,WHIRLY WIND,25.3
2026-09-26,WHISPERED,27.6
2026-09-26,WILD VENUS,32.2
2026-09-26,WONDERFUL WORK,31.2
2026-09-26,WOODSIDE RAVEN,26.5
2026-09-26,WORD GETS AROUND,35.1
2026-09-26,WYONG HOUSTON,26.2
2026-09-26,XARA'S KEITH,36.3
2026-09-26,YALE DEAN,38.2
2026-09-26,YEAH YOU,34.7
2026-09-26,ZAMBADA ICON,33.2
2026-09-26,ZANE'S TRAIN,32.1
2026-09-26,ZELDA BRAGA,31.3
2026-09-26,ZINZAN SAMMY,32.2
2026-09-26,ZIPPI MUSTANG,26.2
2026-09-26,ZIPPING ABLETT,33.8
2026-09-26,ZIPPING GLINDA,27.5
2026-09-26,ZIPPING SIGRID,27.6
2026-09-26,ZIPPING TESFAY,29.7
2026-09-26,ZIVA DIVA,25.6
2026-09-27,ACCOUNTS MANAGER,35.9
2026-09-27,AFFORDABILITY,34.0
2026-09-27,AGENT TWENTY ONE,31.5
2026-09-27,AKELA YOUNG,31.7
2026-09-27,ANGRY MURRAY COD,33.0
2026-09-27,APRIL'S STAR,27.7
2026-09-27,ASCEND IGLOO,34.6
2026-09-27,ASTON OSTUNI,28.1
2026-09-27,AYDEN'S WARRIOR,33.4
2026-09-27,BERSERKER VIKING,33.1
2026-09-27,BIG BOY COOPER,31.3
2026-09-27,BIG DARRYL,28.4
2026-09-27,BIG WHITE SKIER,30.6
2026-09-27,BILLY RAY MIKADO,33.0
2026-09-27,BRINDLE SURPRISE,33.4
2026-09-27,BROTHER BILO,31.1
2026-09-27,BULA,31.9
2026-09-27,BURN ALONG,35.7
2026-09-27,CHEEKY MEEKI,28.5
2026-09-27,CHEEKY MILA,28.1
2026-09-27,COMMANCHE JACK,31.1
2026-09-27,COUNT THE STARS,31.3
2026-09-27,COUSIN SAL,31.3
2026-09-27,CRACKERJACK KEV,32.6
2026-09-27,CRUISE COMMANDER,34.3
2026-09-27,DAINTREE DAZZLER,37.0
2026-09-27,DASH PARR,31.5
2026-09-27,DESTINI KADALI,26.9
2026-09-27,DETECTION,30.6
2026-09-27,DISCOURAGED,29.8
2026-09-27,DOONGALLA PARODY,26.5
2026-09-27,DRAGON TRAIN,33.1
2026-09-27,DRAX BALE,35.0
2026-09-27,DUNDEE REX,32.2
2026-09-27,EDIE MONSOON,28.1
2026-09-27,ELITE ONE,33.8
2026-09-27,EVIL EYE,35.0
2026-09-27,FIDDLES,29.9
2026-09-27,FLAMING FOX,31.1
2026-09-27,GALLEYWOOD,39.1
2026-09-27,GAS AND DUST,31.8
2026-09-27,GO FISH,33.5
2026-09-27,GO JO JO,30.1
2026-09-27,GOBLIN,26.0
2026-09-27,GOING NUCLEAR,30.5
2026-09-27,GOLD CLASS COOL,30.0
2026-09-27,GRAPEFRUIT TITO,35.7
2026-09-27,GRENADIER,31.6
2026-09-27,GUARDIAN,31.6
2026-09-27,HADAR JAY,29.6
2026-09-27,HANDSOME RATIO,35.1
2026-09-27,HAPPY CHICK,26.0
2026-09-27,HE'S MAGIC,29.1
2026-09-27,HEATHCOTE RUPEE,34.6
2026-09-27,HIGH FIVE INDI,29.5
2026-09-27,HIGHLY CONNECTED,30.0
2026-09-27,HONEST BEERS,25.3
2026-09-27,HOT SUMMER SKY,28.4
2026-09-27,HYPNOTIZING,32.1
2026-09-27,IMAGINATION,38.3
2026-09-27,IT AND BIT,32.5
2026-09-27,IVORY INZAI,31.2
2026-09-27,IVORY MIHARA,27.1
2026-09-27,JADED SMILE,27.7
2026-09-27,JETTY JUMPER,37.7
2026-09-27,JULY SHE LIED,28.8
2026-09-27,KING OF CHAOS,32.5
2026-09-27,KIWI BIRCHIP,37.3
2026-09-27,KIWI GEORGE,35.0
2026-09-27,KIWI HANK,43.4
2026-09-27,KIWI HENRY,35.0
2026-09-27,KORDA INTENTION,31.0
2026-09-27,LIL REX,30.4
2026-09-27,LOW BLOCK,39.3
2026-09-27,LUMBAR,26.4
2026-09-27,MAGIC LOKI,33.4
2026-09-27,MAGIC WESTERN,34.6
2026-09-27,MAJOR ILLUSION,34.4
2026-09-27,MAX EFFORT,33.8
2026-09-27,MAX PEARL,30.5
2026-09-27,MELLOW STAR,27.3
2026-09-27,MEPUNGA RULE,32.0
2026-09-27,MEPUNGA SANDY,27.8
2026-09-27,MEXICAN JACK,32.0
2026-09-27,MIGHTY MIKADO,33.8
2026-09-27,MIKADO MANIA,28.3
2026-09-27,MINTER DELICIOUS,24.6
2026-09-27,MISS JECKELL,29.3
2026-09-27,MISS MAXIMUS,28.2
2026-09-27,MISS SPARKLES,28.2
2026-09-27,MISTER MANFREDI,37.2
2026-09-27,MOMENT,28.1
2026-09-27,MONEY PALACE,31.9
2026-09-27,MONUMENT,31.9
2026-09-27,MORAINE BLUEY,34.7
2026-09-27,MORAINE SARA,26.2
2026-09-27,MORE THAN WORDS,28.0
2026-09-27,MUMS PEARL,30.7
2026-09-27,MY MATE CHARLIE,30.3
2026-09-27,MYSTIC DANCER,28.2
2026-09-27,MYSTIC RUPEE,31.2
2026-09-27,NEBULA BALE,30.1
2026-09-27,NEIL THE SEAL,33.5
2026-09-27,NO STOP SIGNS,34.8
2026-09-27,NOT PERFECT,35.2
2026-09-27,ONE MORE DRAM,32.7
2026-09-27,ORIENTAL ELECTRA,28.1
2026-09-27,PAW CAMPUS,26.7
2026-09-27,PAW HADES,31.6
2026-09-27,PAW HARRIS,34.1
2026-09-27,PAW MONET,27.4
2026-09-27,PAW NASCENT,26.9
2026-09-27,PAW NILBERT,32.9
2026-09-27,PAW TORONTO,32.4
2026-09-27,PAW VARNA,31.0
2026-09-27,PAW ZANY,25.1
2026-09-27,PAW ZHANA,29.2
2026-09-27,PETALI,30.0
2026-09-27,PHOENIX TAN,28.7
2026-09-27,POINT MAN,33.1
2026-09-27,POTENT CREW,26.6
2026-09-27,POWER SQUEEZE,32.9
2026-09-27,PURE SILK,29.1
2026-09-27,RATTLIN' BONES,31.8
2026-09-27,REGAL SPENCER,33.0
2026-09-27,REV GORDON,39.1
2026-09-27,REV IAN,34.1
2026-09-27,RHYTHMIC ENERGY,33.2
2026-09-27,RIVERS MEET,31.6
2026-09-27,ROLLING EXPRESS,31.0
2026-09-27,ROYCE VAN WINKLE,31.8
2026-09-27,SAFFRON MONSOON,26.5
2026-09-27,SAILAWAY GIN,28.2
2026-09-27,SAINT FISHY,32.8
2026-09-27,SANTANA BOY,34.8
2026-09-27,SCARY STORM,32.4
2026-09-27,SCOTT CHARISMA,28.3
2026-09-27,SHIMA BLUSH,34.5
2026-09-27,SHIMA STRIPE,31.2
2026-09-27,SIN CITY NIGHTS,37.4
2026-09-27,SLICK BADGER,35.2
2026-09-27,SLICK TOMMY,34.5
2026-09-27,SOLAR SPECTRUM,33.5
2026-09-27,SONIC DIESEL,32.3
2026-09-27,SPRING MILES,31.3
2026-09-27,SPRINGER'S BOY,33.3
2026-09-27,STIDHAM ARIZONA,27.6
2026-09-27,SUAVE,30.4
2026-09-27,SUMMER KOBIE,33.5
2026-09-27,SURGE,32.2
2026-09-27,SUSTAINABLE,25.9
2026-09-27,TAKE HIS CASH,30.5
2026-09-27,TANDANYA,32.2
2026-09-27,TASTE,27.9
2026-09-27,TIME PERPETUATED,27.3
2026-09-27,URANA STORM,26.6
2026-09-27,VICTORY BARRY,36.2
2026-09-27,WAGTAIL MAYZIE,22.4
2026-09-27,WAH ELM,29.0
2026-09-27,WAH TEAK,33.6
2026-09-27,WATER MAKER,33.6
2026-09-27,WHAT CLASS,26.5
2026-09-27,WHIRLY WIND,25.3
2026-09-27,WILD ORANGE,38.0
2026-09-27,WILLOW STAR,28.0
2026-09-27,WINKING WILLIE,35.1
2026-09-27,WORD GETS AROUND,35.1
2026-09-27,WYONG HOUSTON,26.2
2026-09-27,XARA'S KEITH,36.3
2026-09-27,YALE DEAN,38.2
2026-09-27,ZELDA BRAGA,31.3
2026-09-27,ZINZAN CHARLIE,32.5
2026-09-27,ZIPPING POPYRIN,33.3
2026-09-27,ZIPPING SIGRID,27.6
2026-09-27,ZIPPING TESFAY,29.7
2026-09-27,ZIVA DIVA,25.6
2026-09-28,ABRACADABRA,28.0
2026-09-28,ACCOUNTS MANAGER,35.9
2026-09-28,AGENT TWENTY ONE,31.5
2026-09-28,AKELA YOUNG,31.7
2026-09-28,ALL NET,32.7
2026-09-28,ANGRY MURRAY COD,33.0
2026-09-28,APRIL'S STAR,27.7
2026-09-28,ARCHER SWEET,34.1
2026-09-28,ASCEND IGLOO,34.6
2026-09-28,ASTON ANTIBES,35.0
2026-09-28,ASTON ELLIE,27.2
2026-09-28,ASTON EXCESS,35.3
2026-09-28,ASTON FULHAM,33.2
2026-09-28,ASTON JOPLIN,25.5
2026-09-28,ASTON NEUTRON,34.8
2026-09-28,ASTON OSTUNI,28.1
2026-09-28,ASTON PLATINUM,32.3
2026-09-28,ASTON PRESTON,33.0
2026-09-28,ASTON TAURUS,33.4
2026-09-28,ASTON TELMONT,32.9
2026-09-28,AUNTY CHERYL,28.8
2026-09-28,BAMBI'S PRIDE,28.4
2026-09-28,BEES HIVE,25.0
2026-09-28,BERSERKER VIKING,33.1
2026-09-28,BEYOND EASY,30.9
2026-09-28,BIG DARRYL,28.4
2026-09-28,BILLY RAY MIKADO,33.0
2026-09-28,BLAME KARISSA,27.3
2026-09-28,BROTHER BILO,31.1
2026-09-28,BULA,31.9
2026-09-28,BURN ALONG,35.7
2026-09-28,BUSH CIRCUS,26.1
2026-09-28,BUSH JEWEL,25.8
2026-09-28,BUSH PROFIT,25.7
2026-09-28,CALL IT FATE,26.8
2026-09-28,CANYA WILDFIRE,37.3
2026-09-28,CARNIVAL KID,33.8
2026-09-28,CHEEKY ALESSIA,29.8
2026-09-28,CHEEKY MEEKI,28.5
2026-09-28,CHEEKY MILA,28.1
2026-09-28,CHEEKY STREAK,30.7
2026-09-28,CHEER FOR DITTO,31.8
2026-09-28,CHIEF HAMISH,34.4
2026-09-28,CLAUSE EDWARD,33.3
2026-09-28,CLEAR SLATE,31.6
2026-09-28,COLLECTIVE KAOS,30.2
2026-09-28,COME ON FOX,28.9
2026-09-28,COMMANCHE JACK,31.1
2026-09-28,CONUS,36.3
2026-09-28,CRACKERJACK ADAM,31.4
2026-09-28,CRACKERJACK KEV,32.6
2026-09-28,CRIKEY MATE,28.9
2026-09-28,CRUISING NAT,28.0
2026-09-28,DAINTREE DAZZLER,37.0
2026-09-28,DESTINI KADALI,26.9
2026-09-28,DESTINI LORENZO,33.6
2026-09-28,DIMORA BIG BOY,32.5
2026-09-28,DIMORA PATCH,32.9
2026-09-28,DIMORA STRIPEY,25.4
2026-09-28,DISCOURAGED,29.8
2026-09-28,DOLLAR SCIENCE,30.9
2026-09-28,DOONGALLA BOY,33.2
2026-09-28,DOONGALLA EVE,27.6
2026-09-28,DOONGALLA GIGI,25.8
2026-09-28,DOONGALLA JUSTIN,32.6
2026-09-28,DRAGON TRAIN,33.1
2026-09-28,DRAX BALE,35.0
2026-09-28,DUNDEE REX,32.2
2026-09-28,EAGLE TEGAN,26.5
2026-09-28,EDEN'S DREAM,30.7
2026-09-28,EVIL EYE,35.0
2026-09-28,FIDDLES,29.9
2026-09-28,FLAMING FOX,31.1
2026-09-28,FLYER'S GIRL,26.1
2026-09-28,FRIDA SCIENCE,25.4
2026-09-28,FUME TRAIN,30.6
2026-09-28,GHOST WALKER,33.0
2026-09-28,GLIMMER OF HOPE,29.4
2026-09-28,GO FISH,33.5
2026-09-28,GOBLIN,26.0
2026-09-28,GOLD STRIPES,32.2
2026-09-28,GRENADIER,31.6
2026-09-28,GUARDIAN,31.6
2026-09-28,HADAR JAY,29.6
2026-09-28,HAPPY CHICK,26.0
2026-09-28,HARTLAND ASH,24.9
2026-09-28,HARTLAND BUSTER,31.0
2026-09-28,HEAVENLY STUN ON,29.3
2026-09-28,HELLO SYDNEY,26.2
2026-09-28,HOT SUMMER SKY,28.4
2026-09-28,HYPNOTIZING,32.1
2026-09-28,IMAGINATION,38.3
2026-09-28,INGA AMY,27.6
2026-09-28,INGA JOKER,30.9
2026-09-28,INGA RYDER,29.2
2026-09-28,INTUITIVE,32.1
2026-09-28,IT AND BIT,32.5
2026-09-28,IT'S SOYSAGES,32.0
2026-09-28,IVORY PANKE,25.7
2026-09-28,JADED SMILE,27.7
2026-09-28,JULY SHE LIED,28.8
2026-09-28,JUST QUICKLY,28.3
2026-09-28,KAREN'S WITCH,25.3
2026-09-28,KEIJON BARNY,30.5
2026-09-28,KIWI GEORGE,35.0
2026-09-28,KIWI HENRY,35.0
2026-09-28,KNIFE EDGE,29.7
2026-09-28,LASERHAWK,33.2
2026-09-28,LILLY'S WISH,23.5
2026-09-28,LOCHINVAR GIFT,28.1
2026-09-28,LOW BLOCK,39.3
2026-09-28,LUMBAR,26.4
2026-09-28,LUNAR MISSILE,28.4
2026-09-28,MAC AND CHEESE,32.1
2026-09-28,MAGIC WESTERN,34.6
2026-09-28,MAJOR ILLUSION,34.4
2026-09-28,MAJOR JEALOUS,30.4
2026-09-28,MAJOR WAIT,27.2
2026-09-28,MANA'S WAY,30.7
2026-09-28,MAURITIAN LUCAS,30.9
2026-09-28,MAX EFFORT,33.8
2026-09-28,MAX PEARL,30.5
2026-09-28,MAXIMUM SILVER,28.0
2026-09-28,MAXIMUM SUNNY,29.1
2026-09-28,MEXICAN JACK,32.0
2026-09-28,MIDORI ONYX,24.4
2026-09-28,MIGHTY MIKADO,33.8
2026-09-28,MINTER DELICIOUS,24.6
2026-09-28,MISTER MANFREDI,37.2
2026-09-28,MORAINE CASMA,24.2
2026-09-28,MORAINE QUINN,27.5
2026-09-28,MORAINE TREVOR,31.3
2026-09-28,MORE THAN WORDS,28.0
2026-09-28,MOTIVATE,33.2
2026-09-28,MR. CHIVES,32.1
2026-09-28,MT. VIEW RUPEE,32.1
2026-09-28,MUMS PEARL,30.7
2026-09-28,MUSTANG SABRINA,23.5
2026-09-28,MYOLA THALIA,28.4
2026-09-28,MYSTIC DANCER,28.2
2026-09-28,MYSTIC RUPEE,31.2
2026-09-28,NALA'S MANTIS,25.8
2026-09-28,NEBULA BALE,30.1
2026-09-28,NIKITA BALE,28.6
2026-09-28,NOT PERFECT,35.2
2026-09-28,OKAY ALF,34.7
2026-09-28,ONE VISION,31.4
2026-09-28,ORIENTAL ELECTRA,28.1
2026-09-28,PANAMA JAN,27.6
2026-09-28,PAW IROHA,29.5
2026-09-28,PAW JADORE,28.2
2026-09-28,PAW JAMILA,26.4
2026-09-28,PAW JANELLE,27.9
2026-09-28,PAW JELANI,33.2
2026-09-28,PAW JERRY,32.3
2026-09-28,PAW KENTA,29.0
2026-09-28,PAW LARRY,30.8
2026-09-28,PAW LONDON,25.7
2026-09-28,PAW MINTY,24.0
2026-09-28,PAW NASCENT,26.9
2026-09-28,PAW NORN,29.6
2026-09-28,PAW OPERA,26.7
2026-09-28,PAW QATAR,31.5
2026-09-28,PAW QUANDA,28.3
2026-09-28,PAW SAUNDRA,28.7
2026-09-28,PAW VITALI,28.6
2026-09-28,PAW WANDA,27.0
2026-09-28,PAW WYLDER,32.3
2026-09-28,PAW ZANY,25.1
2026-09-28,PAW ZILLIE,29.0
2026-09-28,PERFECT RATIO,28.7
2026-09-28,PHOENIX TAN,28.7
2026-09-28,PLAIN SAINT,34.2
2026-09-28,POLLY GOLD,25.2
2026-09-28,POTENT CREW,26.6
2026-09-28,PRAWN AND ORDER,28.0
2026-09-28,PRETTY PANAMA,27.6
2026-09-28,QUICK AUSSIE,33.0
2026-09-28,RANGER RIOT,33.5
2026-09-28,RATTLIN' BONES,31.8
2026-09-28,REBEKAH JOY,26.5
2026-09-28,REMI RIOT,24.9
2026-09-28,RHYTHMIC ENERGY,33.2
2026-09-28,RINGER'S GIRL,26.0
2026-09-28,RITA SKEETER,29.0
2026-09-28,ROLLING EXPRESS,31.0
2026-09-28,ROYCE VAN WINKLE,31.8
2026-09-28,RUMBLING ROSE,27.4
2026-09-28,SAILAWAY GIN,28.2
2026-09-28,SAINT JADE,27.1
2026-09-28,SAINT MICK,31.4
2026-09-28,SAINT RAINE,27.3
2026-09-28,SANTANA BOY,34.8
2026-09-28,SCHEMING MCLEAN,32.7
2026-09-28,SCOTT CHARISMA,28.3
2026-09-28,SCOTT LIL DIVA,28.2
2026-09-28,SEATS TWO,28.3
2026-09-28,SHAKER STICKER,31.2
2026-09-28,SHE REACTS,25.6
2026-09-28,SHIMA STRIPE,31.2
2026-09-28,SIMPLY JUAN,22.3
2026-09-28,SIN CITY NIGHTS,37.4
2026-09-28,SIR STARBUCK,33.8
2026-09-28,SLICK TOMMY,34.5
2026-09-28,SMILEY MIA,24.9
2026-09-28,SOLAR SPECTRUM,33.5
2026-09-28,SONIC DIESEL,32.3
2026-09-28,SPICE ROAD,38.0
2026-09-28,SPRING MILES,31.3
2026-09-28,SPRINGER'S BOY,33.3
2026-09-28,SQUEEGEE'S RIDE,32.7
2026-09-28,SUAVE,30.4
2026-09-28,SUMMER KOBIE,33.5
2026-09-28,SUPER CEVICHE,28.4
2026-09-28,SUPER SEALANT,31.6
2026-09-28,SUSTAINABLE,25.9
2026-09-28,SWEET DEBBIE,28.6
2026-09-28,TAKE A SELFIE,30.1
2026-09-28,TAKE HIS CASH,30.5
2026-09-28,TRENTINO,32.8
2026-09-28,TURN UP TURBO,33.4
2026-09-28,ULTIMO,36.5
2026-09-28,UNLEASHING,35.1
2026-09-28,URANA PUZZLED,26.8
2026-09-28,URUGUAYAN GIRL,27.9
2026-09-28,VINNY DEWALT,30.6
2026-09-28,WAGTAIL MAYZIE,22.4
2026-09-28,WILD ORANGE,38.0
2026-09-28,WILD SERENA,31.9
2026-09-28,WILDFIRE ROSE,25.3
2026-09-28,WILLOW STAR,28.0
2026-09-28,WINKING WILLIE,35.1
2026-09-28,WINSLOW WISH,25.3
2026-09-28,ZINZAN CHARLIE,32.5
2026-09-28,ZIPPING POPYRIN,33.3
2026-09-28,ZORBAY,27.4
2026-09-29,ABRACADABRA,28.0
2026-09-29,ACE CHASER,32.0
2026-09-29,ADHANA ROY,31.6
2026-09-29,ALACRITY DAVE,31.6
2026-09-29,ALL NET,32.7
2026-09-29,ALPINE FURY,29.4
2026-09-29,ALWAYS BELIEVE,37.1
2026-09-29,ANNIE'S OKAY,29.2
2026-09-29,ARC FLASH,37.4
2026-09-29,ARCHER SWEET,34.1
2026-09-29,ASTON ANTIBES,35.0
2026-09-29,ASTON BENTLEY,33.2
2026-09-29,ASTON BONDI,26.7
2026-09-29,ASTON ELLIE,27.2
2026-09-29,ASTON EXCESS,35.3
2026-09-29,ASTON EXCLUSIVE,31.0
2026-09-29,ASTON FINNISS,23.5
2026-09-29,ASTON FULHAM,33.2
2026-09-29,ASTON JOPLIN,25.5
2026-09-29,ASTON JOSEPH,34.2
2026-09-29,ASTON KILLARA,25.8
2026-09-29,ASTON LORENZ,33.1
2026-09-29,ASTON MAJOR,32.8
2026-09-29,ASTON MALI,33.7
2026-09-29,ASTON MONSOON,31.8
2026-09-29,ASTON NEUTRON,34.8
2026-09-29,ASTON PASTIZZI,27.3
2026-09-29,ASTON PLATINUM,32.3
2026-09-29,ASTON PLUTO,26.0
2026-09-29,ASTON POLICY,27.7
2026-09-29,ASTON PRESTON,33.0
2026-09-29,ASTON SUNSHINE,26.5
2026-09-29,ASTON TAURUS,33.4
2026-09-29,ASTON TELMONT,32.9
2026-09-29,ASTON TWAIN,34.7
2026-09-29,AUNTY CHERYL,28.8
2026-09-29,AUSTRAL WARRIORS,33.1
2026-09-29,AWE PEANUT,31.8
2026-09-29,AYESHA BALE,27.9
2026-09-29,BAMBI'S PRIDE,28.4
2026-09-29,BEANIE THIEF,32.0
2026-09-29,BEES HIVE,25.0
2026-09-29,BERGHAIN,26.1
2026-09-29,BEYOND EASY,30.9
2026-09-29,BIG MAKO,38.0
2026-09-29,BLAME KARISSA,27.3
2026-09-29,BLAME SPENCER,32.8
2026-09-29,BLUE BREBLER,25.4
2026-09-29,BRAVE CHARMER,36.5
2026-09-29,BRONZE,37.8
2026-09-29,BUFFALO COWBOY,33.0
2026-09-29,BUSH CIRCUS,26.1
2026-09-29,BUSH JEWEL,25.8
2026-09-29,BUSH PROFIT,25.7
2026-09-29,CALL IT FATE,26.8
2026-09-29,CANYA WILDFIRE,37.3
2026-09-29,CARNIVAL KID,33.8
2026-09-29,CENTREFOLD SAL,28.4
2026-09-29,CHEEKY ALESSIA,29.8
2026-09-29,CHEEKY STREAK,30.7
2026-09-29,CHEER FOR DITTO,31.8
2026-09-29,CHIEF HAMISH,34.4
2026-09-29,CITY LIMIT,32.2
2026-09-29,CLARETOWN DARCY,36.0
2026-09-29,CLARETOWN HANNA,28.7
2026-09-29,CLARKEY'S MATE,37.7
2026-09-29,CLAUSE EDWARD,33.3
2026-09-29,CLEAR SLATE,31.6
2026-09-29,CLOUD CITY,30.7
2026-09-29,COLLECTIVE KAOS,30.2
2026-09-29,COME ON FOX,28.9
2026-09-29,COMPARE BUBBLE,32.7
2026-09-29,COMPARE JOE,32.7
2026-09-29,CONUS,36.3
2026-09-29,CRACKERJACK ADAM,31.4
2026-09-29,CRACKERJACK GARY,31.4
2026-09-29,CREAM,26.4
2026-09-29,CRIKEY MATE,28.9
2026-09-29,CRUISIN' POPPY,27.5
2026-09-29,CRUISING NAT,28.0
2026-09-29,DAINTREE SPIRIT,29.3
2026-09-29,DAPPER JACK,33.6
2026-09-29,DASH EXPRESS,32.9
2026-09-29,DASH INTENTION,25.1
2026-09-29,DAVE,30.8
2026-09-29,DESTINI LORENZO,33.6
2026-09-29,DIESEL DYNASTY,29.7
2026-09-29,DIMORA BIG BOY,32.5
2026-09-29,DIMORA PATCH,32.9
2026-09-29,DIMORA STRIPEY,25.4
2026-09-29,DIMPLE BRANDY,25.3
2026-09-29,DINOSAUR,30.5
2026-09-29,DOLLAR SCIENCE,30.9
2026-09-29,DOONGALLA ADAM,31.7
2026-09-29,DOONGALLA BOY,33.2
2026-09-29,DOONGALLA EVE,27.6
2026-09-29,DOONGALLA FLASH,31.5
2026-09-29,DOONGALLA GHOST,30.2
2026-09-29,DOONGALLA GIGI,25.8
2026-09-29,DOONGALLA GLORY,27.0
2026-09-29,DOONGALLA JASON,31.0
2026-09-29,DOONGALLA JUSTIN,32.6
2026-09-29,DOROTHY JEAN,26.4
2026-09-29,DRAGON BLACK,27.0
2026-09-29,DREAM BIG,36.1
2026-09-29,DREAM LUCKY,30.4
2026-09-29,DRINKS AFTER,32.5
2026-09-29,DUNACH THUNDER,28.5
2026-09-29,DYNAMITE ERIC,30.0
2026-09-29,EAGLE TEGAN,26.5
2026-09-29,EAT YOUR SPINACH,34.4
2026-09-29,EDEN'S DREAM,30.7
2026-09-29,ELSWYK SID,35.9
2026-09-29,ESPECIAL KAI,32.3
2026-09-29,ESSENDON FLYER,27.3
2026-09-29,ESSENDON GIRL,27.3
2026-09-29,EXACTLY LIKE DAD,32.1
2026-09-29,EYE OF STORM,34.2
2026-09-29,FLYER'S GIRL,26.1
2026-09-29,FLYING BOO,25.4
2026-09-29,FOOD FIGHT,35.5
2026-09-29,FORBES HOUDINI,27.7
2026-09-29,FOXY ROXY,25.3
2026-09-29,FREE STATE,24.6
2026-09-29,FRIDA SCIENCE,25.4
2026-09-29,FUME TRAIN,30.6
2026-09-29,GALAXY DANCER,26.0
2026-09-29,GALLOPING RED,30.7
2026-09-29,GHOST WALKER,33.0
2026-09-29,GLIMMER OF HOPE,29.4
2026-09-29,GODZILLA,34.9
2026-09-29,GOLD STRIPES,32.2
2026-09-29,HARD SMALL TOWN,37.4
2026-09-29,HARROW TIME,33.1
2026-09-29,HARTLAND ASH,24.9
2026-09-29,HARTLAND BUSTER,31.0
2026-09-29,HEAVENLY STUN ON,29.3
2026-09-29,HELLO SYDNEY,26.2
2026-09-29,HEY BRAD,37.2
2026-09-29,HIGH COBBER,32.6
2026-09-29,HONEY STIRRER,29.8
2026-09-29,HOOKED AND HAPPY,32.4
2026-09-29,HOW AWESOME,30.7
2026-09-29,IMPOSTER,33.6
2026-09-29,INDIAN CHIEF,32.8
2026-09-29,INGA AMY,27.6
2026-09-29,INGA JOKER,30.9
2026-09-29,INGA RYDER,29.2
2026-09-29,INITIAL CONSULT,28.5
2026-09-29,INTUITIVE,32.1
2026-09-29,IRON MACK,29.6
2026-09-29,IS HE LUCKY,33.3
2026-09-29,IT JUST HAPPENS,31.1
2026-09-29,IT'S SOYSAGES,32.0
2026-09-29,IVORY PANKE,25.7
2026-09-29,JACKPOT CASH,28.0
2026-09-29,JAMES'S ENTITY,32.6
2026-09-29,JOHN BOY,34.1
2026-09-29,JUST BELIEVE,31.7
2026-09-29,JUST QUICKLY,28.3
2026-09-29,JUSTIFY THIS,32.4
2026-09-29,KAIA GOT SQUARE,28.9
2026-09-29,KALUNA CHAOS,35.0
2026-09-29,KAREN'S WITCH,25.3
2026-09-29,KEIJON BARNY,30.5
2026-09-29,KENSINGTON FLYER,27.9
2026-09-29,KNIFE EDGE,29.7
2026-09-29,LAKEVIEW LEIGH,29.2
2026-09-29,LANKY LARRY,33.8
2026-09-29,LASERHAWK,33.2
2026-09-29,LEKTRA BILLS,32.4
2026-09-29,LEKTRA JIMMY,33.5
2026-09-29,LEKTRA PRINCESS,26.5
2026-09-29,LEMNOS LASS,28.3
2026-09-29,LIKE DYNAMITE,33.3
2026-09-29,LILLY'S WISH,23.5
2026-09-29,LITTLE MISS MAY,27.3
2026-09-29,LITTLE RAT,21.8
2026-09-29,LIVIN' LAVISH,31.3
2026-09-29,LOCHINVAR GIFT,28.1
2026-09-29,LOSE MY MIND,26.7
2026-09-29,LUCKY SPIN,33.5
2026-09-29,LUNAR MISSILE,28.4
2026-09-29,MAC AND CHEESE,32.1
2026-09-29,MAJOR JEALOUS,30.4
2026-09-29,MAJOR WAIT,27.2
2026-09-29,MAN OF COURAGE,28.3
2026-09-29,MANA'S WAY,30.7
2026-09-29,MANDOLIN STORM,31.1
2026-09-29,MANILA JACK,30.7
2026-09-29,MANILA PLUTO,30.0
2026-09-29,MAURITIAN LUCAS,30.9
2026-09-29,MAXIMUM ELLY,28.2
2026-09-29,MAXIMUM RUBY,26.0
2026-09-29,MAXIMUM SILVER,28.0
2026-09-29,MAXIMUM SUNNY,29.1
2026-09-29,MAXIMUM SUNSET,28.3
2026-09-29,MEMORIES,30.9
2026-09-29,MIDORI ONYX,24.4
2026-09-29,MIDWAY CENTRAL,31.1
2026-09-29,MINH TEDDY,35.3
2026-09-29,MISS COCO,28.4
2026-09-29,MISS DUDDLES,26.3
2026-09-29,MISS INDI BEAR,29.7
2026-09-29,MISS KARIS,30.5
2026-09-29,MISTER RICO,33.9
2026-09-29,MONELLI GIRL,26.1
2026-09-29,MONEY SCIENCE,32.6
2026-09-29,MONIQUE GIBLET,30.3
2026-09-29,MOONLIGHT JAZZ,26.2
2026-09-29,MORAINE CASMA,24.2
2026-09-29,MORAINE QUINN,27.5
2026-09-29,MORAINE TREVOR,31.3
2026-09-29,MOTIVATE,33.2
2026-09-29,MR. BLUEY LEE,31.7
2026-09-29,MR. CHIVES,32.1
2026-09-29,MR. MARSHALL,32.8
2026-09-29,MRS. TIGGYWINKLE,27.4
2026-09-29,MT. VIEW GWEN,30.2
2026-09-29,MT. VIEW RUPEE,32.1
2026-09-29,MUG SCIENCE,32.2
2026-09-29,MUGSHOT,33.6
2026-09-29,MUSTANG ELEANOR,27.6
2026-09-29,MUSTANG SABRINA,23.5
2026-09-29,MY AMBER,26.0
2026-09-29,MY PEPPA,25.9
2026-09-29,MYOLA THALIA,28.4
2026-09-29,NALA'S MANTIS,25.8
2026-09-29,NIKITA BALE,28.6
2026-09-29,NOLAN BALE,29.0
2026-09-29,NOSEY PARKER,35.9
2026-09-29,NOVA INTENTION,27.4
2026-09-29,OKAY ALF,34.7
2026-09-29,ONE VISION,31.4
2026-09-29,OPAWA SCOOTER,31.4
2026-09-29,ORSON FURY,30.6
2026-09-29,OUT OF ELITE,30.7
2026-09-29,OZA AUDACITY,30.8
2026-09-29,OZA BUZZ,29.0
2026-09-29,PANAMA JAN,27.6
2026-09-29,PARTY STARTED,29.8
2026-09-29,PARTY STEPS,37.9
2026-09-29,PATSY STONE,25.8
2026-09-29,PAW ALIA,25.3
2026-09-29,PAW CHEYENNE,30.7
2026-09-29,PAW CORNELIUS,31.7
2026-09-29,PAW DANGER,31.4
2026-09-29,PAW DIPPY,29.1
2026-09-29,PAW DULCE,26.3
2026-09-29,PAW ENNA,29.2
2026-09-29,PAW FORRESTER,30.7
2026-09-29,PAW HADES,31.6
2026-09-29,PAW HARKONNEN,30.8
2026-09-29,PAW IROHA,29.5
2026-09-29,PAW JADORE,28.2
2026-09-29,PAW JAMILA,26.4
2026-09-29,PAW JANELLE,27.9
2026-09-29,PAW JELANI,33.2
2026-09-29,PAW JERRY,32.3
2026-09-29,PAW JUDAS,33.1
2026-09-29,PAW KABUTO,27.8
2026-09-29,PAW KENTA,29.0
2026-09-29,PAW LAMPADES,32.7
2026-09-29,PAW LAPRAS,27.8
2026-09-29,PAW LARRY,30.8
2026-09-29,PAW LONDON,25.7
2026-09-29,PAW MINTY,24.0
2026-09-29,PAW NIALL,32.9
2026-09-29,PAW NITRO,30.0
2026-09-29,PAW NORBERT,36.3
2026-09-29,PAW NORN,29.6
2026-09-29,PAW OPERA,26.7
2026-09-29,PAW PERLTA,27.7
2026-09-29,PAW QATAR,31.5
2026-09-29,PAW QUANDA,28.3
2026-09-29,PAW RAMELLO,27.0
2026-09-29,PAW REX,32.3
2026-09-29,PAW SAUNDRA,28.7
2026-09-29,PAW URLA,29.3
2026-09-29,PAW VANCOUVER,30.6
2026-09-29,PAW VITALI,28.6
2026-09-29,PAW WANDA,27.0
2026-09-29,PAW WONDER,30.4
2026-09-29,PAW WYLDER,32.3
2026-09-29,PAW XELA,25.2
2026-09-29,PAW XYLA,24.5
2026-09-29,PAW ZHANA,29.2
2026-09-29,PAW ZILLIE,29.0
2026-09-29,PAY UP SALLY,28.7
2026-09-29,PERFECT RATIO,28.7
2026-09-29,PERFECT SYMPHONY,29.8
2026-09-29,PHOTOGENIC,32.5
2026-09-29,PLAIN SAINT,34.2
2026-09-29,PLEASANT DREAMS,34.2
2026-09-29,POLLY GOLD,25.2
2026-09-29,POWER EDITION,33.3
2026-09-29,PRAWN AND ORDER,28.0
2026-09-29,PRETTY PANAMA,27.6
2026-09-29,PRINCE VALHALLA,31.2
2026-09-29,PRINCESS DOMI,26.6
2026-09-29,PROCESS DRIVEN,31.0
2026-09-29,PULLING DRAG,29.5
2026-09-29,PUT IT TOGETHER,36.0
2026-09-29,PYRENEES ACE,27.4
2026-09-29,QUICK AUSSIE,33.0
2026-09-29,QUICK CUDDLE,31.3
2026-09-29,RACHEL,24.5
2026-09-29,RAGING FURY,34.5
2026-09-29,RANGER RIOT,33.5
2026-09-29,RAPID BURST,33.1
2026-09-29,RAPID SHADOW,26.1
2026-09-29,RAPID WATERBOY,32.4
2026-09-29,READY FOR ACTION,30.4
2026-09-29,READY TO FLIP,32.9
2026-09-29,REBEKAH JOY,26.5
2026-09-29,RED EYE SAMURAI,33.0
2026-09-29,REMI RIOT,24.9
2026-09-29,RING A BLUEY,26.0
2026-09-29,RINGER'S GIRL,26.0
2026-09-29,RITA SKEETER,29.0
2026-09-29,ROTHWELL BONNIE,29.3
2026-09-29,ROTHWELL JACK,33.5
2026-09-29,RUBY'S SHOW,28.5
2026-09-29,RUMBLING ROSE,27.4
2026-09-29,RUN BARRA RUN,26.5
2026-09-29,RUTH'S COMMANDER,33.8
2026-09-29,RUXTON GIRL,25.9
2026-09-29,SAINT JADE,27.1
2026-09-29,SAINT MICK,31.4
2026-09-29,SAINT RAINE,27.3
2026-09-29,SCHEMING MCLEAN,32.7
2026-09-29,SCOTT LIL DIVA,28.2
2026-09-29,SEATS TWO,28.3
2026-09-29,SECRET BLISS,25.1
2026-09-29,SHAKER STICKER,31.2
2026-09-29,SHE REACTS,25.6
2026-09-29,SICILY,30.7
2026-09-29,SIMPLY JUAN,22.3
2026-09-29,SIR STARBUCK,33.8
2026-09-29,SLAY,26.8
2026-09-29,SMALL PONY,30.1
2026-09-29,SMILEY MIA,24.9
2026-09-29,SNAPPER HEAD,29.7
2026-09-29,SNOOPY,29.8
2026-09-29,SO SAY ME,29.3
2026-09-29,SOLAR ECLIPSE,32.7
2026-09-29,SOUL SECRET,30.3
2026-09-29,SPANISH FAWN,27.1
2026-09-29,SPECIAL PLAYERS,28.0
2026-09-29,SPEEDIE SADIE,26.9
2026-09-29,SPICE ROAD,38.0
2026-09-29,SPRING ESPRESSO,29.1
2026-09-29,SPRING LAVER,34.3
2026-09-29,SPRING QUEUE,31.2
2026-09-29,SPRING QUIZ,33.7
2026-09-29,SQUEEGEE'S RIDE,32.7
2026-09-29,STAR FURY,31.8
2026-09-29,STARLORD BALE,34.6
2026-09-29,STARSHIP ATLAS,30.8
2026-09-29,STERLING INN,35.7
2026-09-29,STORM COMING,31.4
2026-09-29,SUDOKU CARMELLO,30.8
2026-09-29,SUPER BATMAN,33.6
2026-09-29,SUPER CEVICHE,28.4
2026-09-29,SUPER SEALANT,31.6
2026-09-29,SUPER STITCH,29.5
2026-09-29,SUPER SYMON,31.8
2026-09-29,SWEET DEBBIE,28.6
2026-09-29,TAG ALONG,31.3
2026-09-29,TAKE A JAGUAR,33.2
2026-09-29,TAKE A SELFIE,30.1
2026-09-29,TAKE A VIOLET,28.3
2026-09-29,THINK TWICE,33.4
2026-09-29,TICK RETURNS,25.9
2026-09-29,TINKER RAYS,31.4
2026-09-29,TINKER SPOT,28.0
2026-09-29,TOMMY CRUISER,30.9
2026-09-29,TOSS IT UP,28.3
2026-09-29,TOUCH OF SIN,25.3
2026-09-29,TRACK THIRTEEN,36.8
2026-09-29,TRAJECTORY,34.1
2026-09-29,TRAVIS INTENTION,35.1
2026-09-29,TRENTINO,32.8
2026-09-29,TRIBAL ADVISOR,24.8
2026-09-29,TRISSA BALE,28.9
2026-09-29,TROPIC SANDS,32.5
2026-09-29,TROUBLESOME,35.0
2026-09-29,TRUST IN PROCESS,27.2
2026-09-29,TURN UP TURBO,33.4
2026-09-29,TWICE SEEDED,36.6
2026-09-29,ULTIMO,36.5
2026-09-29,ULTRA PUB RUN,31.9
2026-09-29,UNLEASHING,35.1
2026-09-29,URANA PUZZLED,26.8
2026-09-29,URUGUAYAN GIRL,27.9
2026-09-29,VALVE BOUNCE,35.2
2026-09-29,VINNY DEWALT,30.6
2026-09-29,VOLTS,35.1
2026-09-29,WALTZING BLASTER,31.0
2026-09-29,WALTZING DIABLO,33.2
2026-09-29,WEBLEC VELVET,27.4
2026-09-29,WESTAR LEO,34.2
2026-09-29,WESTERN'S NASIAH,32.8
2026-09-29,WHATEVER GEORGE,32.3
2026-09-29,WHERE'S THE GOLD,29.7
2026-09-29,WHIPSTICK SERENA,28.5
2026-09-29,WILD SERENA,31.9
2026-09-29,WILDFIRE ROSE,25.3
2026-09-29,WINSLOW WISH,25.3
2026-09-29,ZIPPING BERKELEY,27.2
2026-09-29,ZIPPING MARIE,27.9
2026-09-29,ZIPPING MAUDIE,28.6
2026-09-29,ZIPPING MEHARY,31.2
2026-09-29,ZIPPING SCOOBY,33.1
2026-09-29,ZORBAY,27.4
2026-09-30,ACE CHASER,32.0
2026-09-30,ADHANA ROY,31.6
2026-09-30,ALACRITY DAVE,31.6
2026-09-30,ALPINE FURY,29.4
2026-09-30,ALWAYS BELIEVE,37.1
2026-09-30,AMARYLLIS,28.4
2026-09-30,ANNIE'S OKAY,29.2
2026-09-30,ARC FLASH,37.4
2026-09-30,ARTEMIS SCIENCE,27.5
2026-09-30,ASTON ABRAFO,33.0
2026-09-30,ASTON BENTLEY,33.2
2026-09-30,ASTON BONDI,26.7
2026-09-30,ASTON COMMANDER,33.2
2026-09-30,ASTON ESPRESSO,27.4
2026-09-30,ASTON EXCLUSIVE,31.0
2026-09-30,ASTON FAME,27.9
2026-09-30,ASTON FINNISS,23.5
2026-09-30,ASTON GRANDEUR,30.1
2026-09-30,ASTON JOSEPH,34.2
2026-09-30,ASTON KILLARA,25.8
2026-09-30,ASTON LORENZ,33.1
2026-09-30,ASTON MAJOR,32.8
2026-09-30,ASTON MALI,33.7
2026-09-30,ASTON MONSOON,31.8
2026-09-30,ASTON MORENO,26.8
2026-09-30,ASTON MOSS,32.3
2026-09-30,ASTON PASTIZZI,27.3
2026-09-30,ASTON PLUTO,26.0
2026-09-30,ASTON POLICY,27.7
2026-09-30,ASTON SUNSHINE,26.5
2026-09-30,ASTON TIMPANA,28.3
2026-09-30,ASTON TWAIN,34.7
2026-09-30,ASTON VALHALLA,28.6
2026-09-30,ATTITUDE AALIYAH,30.0
2026-09-30,AUNTIE AMBER,30.1
2026-09-30,AUSSIE FRED,31.8
2026-09-30,AUSSIE WAGYU,31.0
2026-09-30,AUSTRAL WARRIORS,33.1
2026-09-30,AWE PEANUT,31.8
2026-09-30,AYESHA BALE,27.9
2026-09-30,BALDING SANDY,28.7
2026-09-30,BAMBOO RUPEE,28.6
2026-09-30,BANDIT ABE,33.0
2026-09-30,BEANIE THIEF,32.0
2026-09-30,BEAR HUNT,30.2
2026-09-30,BEAST POWER,38.0
2026-09-30,BED TIME DAISY,27.4
2026-09-30,BEFORE NOON,26.2
2026-09-30,BERGHAIN,26.1
2026-09-30,BERN'S BANJO,27.9
2026-09-30,BERRINGA BLACK,33.9
2026-09-30,BERRY HILLS,26.3
2026-09-30,BEYOND EASY,30.9
2026-09-30,BIG BOY BRUTUS,34.6
2026-09-30,BIG MAKO,38.0
2026-09-30,BLAME SPENCER,32.8
2026-09-30,BLUE BREBLER,25.4
2026-09-30,BOGAN BEND,32.0
2026-09-30,BOLD THRUSTER,35.4
2026-09-30,BOMBERS SURPRISE,30.9
2026-09-30,BOWIE SUNNY,26.5
2026-09-30,BRAVE CHARMER,36.5
2026-09-30,BRINDLE BELLA,30.3
2026-09-30,BRINDLE MOTION,27.3
2026-09-30,BRONZE,37.8
2026-09-30,BUFFALO COWBOY,33.0
2026-09-30,BYE PICKLES,32.4
2026-09-30,CACO MISSILE,33.0
2026-09-30,CALL ME HERO,33.4
2026-09-30,CANYA VIVI,26.6
2026-09-30,CATCH A CUTIE,29.3
2026-09-30,CENTREFOLD SAL,28.4
2026-09-30,CHAIN DRIVE,32.2
2026-09-30,CHALK AND CHEESE,31.0
2026-09-30,CHAPPY'S TOTEM,29.4
2026-09-30,CHEEKY MILA,28.4
2026-09-30,CITY LIMIT,32.2
2026-09-30,CLARETOWN DARCY,36.0
2026-09-30,CLARETOWN HANNA,28.7
2026-09-30,CLARKEY'S MATE,37.7
2026-09-30,CLEAN AIR,28.9
2026-09-30,CLOUD CITY,30.7
2026-09-30,COBBLE HILL,31.6
2026-09-30,COLLINDA RAMSAY,33.2
2026-09-30,COMANCHE CHIEF,33.5
2026-09-30,COMPARE BUBBLE,32.7
2026-09-30,COMPARE JOE,32.7
2026-09-30,COMPLETE,26.2
2026-09-30,CORBAN YAXLEY,34.2
2026-09-30,CORDOVA,29.3
2026-09-30,CORNHILL WARRIOR,31.2
2026-09-30,COSMIC REWARD,30.3
2026-09-30,CRACKERJACK GARY,31.4
2026-09-30,CRACKERJACK GUS,30.4
2026-09-30,CRAVING IT,32.2
2026-09-30,CREAM,26.4
2026-09-30,CREATIVITY,32.6
2026-09-30,CROWD CONTROL,31.0
2026-09-30,CRUISIN' POPPY,27.5
2026-09-30,DAINTREE SPIRIT,29.3
2026-09-30,DANCING BLUE,26.7
2026-09-30,DAPPER JACK,33.6
2026-09-30,DARE DEVIL,35.0
2026-09-30,DARRA SAPPHIRE,29.0
2026-09-30,DASH EXPRESS,32.9
2026-09-30,DASH INTENTION,25.1
2026-09-30,DAVE,30.8
2026-09-30,DEAL 'EM HIGH,27.0
2026-09-30,DEEP THINKER,33.6
2026-09-30,DELIGHTFUL RAIN,29.2
2026-09-30,DETECTION,30.6
2026-09-30,DEVIL'S SYMPATHY,30.2
2026-09-30,DIESEL DYNASTY,29.7
2026-09-30,DIMPLE BRANDY,25.3
2026-09-30,DINOSAUR,30.5
2026-09-30,DON'T CONFESS,33.0
2026-09-30,DON'T TELL DANNI,23.4
2026-09-30,DOONGALLA ADAM,31.7
2026-09-30,DOONGALLA FLASH,31.5
2026-09-30,DOONGALLA GHOST,30.2
2026-09-30,DOONGALLA GLORY,27.0
2026-09-30,DOONGALLA JASON,31.0
2026-09-30,DOROTHY JEAN,26.4
2026-09-30,DOUBLE SHOT RIOT,29.2
2026-09-30,DR. AURORA,28.5
2026-09-30,DR. BURMA,24.8
2026-09-30,DR. GIANNA,25.3
2026-09-30,DR. MONICA,27.2
2026-09-30,DR. NATASHA,26.0
2026-09-30,DR. REIGNITE,23.6
2026-09-30,DR. SMOKEY,33.5
2026-09-30,DR. TANYA,25.3
2026-09-30,DR. VIENNA,25.7
2026-09-30,DR. XANTHIC,32.9
2026-09-30,DR. XENOS,34.3
2026-09-30,DRAGON BLACK,27.0
2026-09-30,DREAM BIG,36.1
2026-09-30,DREAM LUCKY,30.4
2026-09-30,DRINKS AFTER,32.5
2026-09-30,DUNACH THUNDER,28.5
2026-09-30,DYNAMITE ERIC,30.0
2026-09-30,EAT YOUR SPINACH,34.4
2026-09-30,ELAPIDAE CATHY,25.4
2026-09-30,ELSWYK SID,35.9
2026-09-30,ENERGISER DASH,28.3
2026-09-30,ESPECIAL KAI,32.3
2026-09-30,ESSENDON FLYER,27.3
2026-09-30,ESSENDON GIRL,27.3
2026-09-30,ETHANOL VISION,26.7
2026-09-30,EVENTFUL DASH,28.2
2026-09-30,EVERGLOW,27.3
2026-09-30,EXACTLY LIKE DAD,32.1
2026-09-30,EYE OF STORM,34.2
2026-09-30,FAIRWAY FLYER,31.9
2026-09-30,FAYE VALENTINE,26.2
2026-09-30,FIGURE OF SPEECH,28.8
2026-09-30,FLASH OF GENIUS,32.7
2026-09-30,FLUENT ACTION,24.2
2026-09-30,FLYING BOO,25.4
2026-09-30,FOOD FIGHT,35.5
2026-09-30,FORBES HOUDINI,27.7
2026-09-30,FOUND TREASURE,34.2
2026-09-30,FOXY ROXY,25.3
2026-09-30,FRANKIE'S ROCKET,30.5
2026-09-30,FRED'S FURY,30.3
2026-09-30,FREE STATE,24.6
2026-09-30,FROG MARCH,37.0
2026-09-30,GAIA'S GRAN,28.3
2026-09-30,GALAXY DANCER,26.0
2026-09-30,GALLOPING RED,30.7
2026-09-30,GAS LANTERN,28.8
2026-09-30,GERALDTON CREW,29.6
2026-09-30,GERONIMO DASH,30.3
2026-09-30,GO FISH,33.3
2026-09-30,GO HOME GIRL,27.7
2026-09-30,GO MY SWIFTY,32.1
2026-09-30,GOBLIN,26.0
2026-09-30,GODZILLA,34.9
2026-09-30,GOLD CODE,29.3
2026-09-30,GOT IMMUNITY,30.6
2026-09-30,GOTHAM SORCERESS,25.2
2026-09-30,GOTHAM THANOS,28.1
2026-09-30,GRAFFITI,35.3
2026-09-30,GRAPEFRUIT TITO,35.5
2026-09-30,GREEN FROG CAFE,34.6
2026-09-30,HALF MAC,29.1
2026-09-30,HANNA'S AVATAR,28.2
2026-09-30,HARD SMALL TOWN,37.4
2026-09-30,HARROW TIME,33.1
2026-09-30,HE'S NO BRUTE,33.8
2026-09-30,HEAD OF STAFF,30.0
2026-09-30,HEAVEN MADE,25.6
2026-09-30,HEAVEN ON EARTH,31.7
2026-09-30,HEY BRAD,37.2
2026-09-30,HIGH COBBER,32.6
2026-09-30,HIGH COTTON,33.7
2026-09-30,HILLBILLY HUNTER,32.2
2026-09-30,HILLBILLY ROCKY,26.9
2026-09-30,HILLBILLY TIGER,28.8
2026-09-30,HIM TARZAN,34.7
2026-09-30,HOKKAIDO EXPRESS,31.0
2026-09-30,HOLLY HOOK,30.0
2026-09-30,HONEY STIRRER,29.8
2026-09-30,HONOURING TURBO,31.3
2026-09-30,HOOKED AND HAPPY,32.4
2026-09-30,HOPE JUAN,32.2
2026-09-30,HOT ROCKER,27.2
2026-09-30,HOW AWESOME,30.7
2026-09-30,HURRY DUSTY,34.1
2026-09-30,HYPNOTIZING,32.1
2026-09-30,IDYLLIC MEYER,24.9
2026-09-30,IMITATED,27.2
2026-09-30,IMPOSTER,33.6
2026-09-30,INDIAN CHIEF,32.8
2026-09-30,INDY'S CHARM,30.5
2026-09-30,INITIAL CONSULT,28.5
2026-09-30,INTRIGUE,32.5
2026-09-30,IRISH ZOE,30.9
2026-09-30,IRON MACK,29.6
2026-09-30,IS HE LUCKY,33.3
2026-09-30,IT JUST HAPPENS,31.1
2026-09-30,JACKPOT CASH,28.0
2026-09-30,JAMES'S ENTITY,32.6
2026-09-30,JODIE'S ANGEL,30.7
2026-09-30,JOHN BOY,34.1
2026-09-30,JUMBUK MABIOR,31.2
2026-09-30,JUST BELIEVE,31.7
2026-09-30,JUST GOT PAID,34.0
2026-09-30,JUST JEZEBEL,31.2
2026-09-30,JUSTIFY THIS,32.4
2026-09-30,KAIA GOT SQUARE,28.9
2026-09-30,KALIAHA'S KAOS,33.0
2026-09-30,KALUNA CHAOS,35.0
2026-09-30,KENSINGTON FLYER,27.9
2026-09-30,KIPTUM,35.7
2026-09-30,KISS FOR CASH,29.0
2026-09-30,KIWI FRED,34.6
2026-09-30,KIWI HANK,42.8
2026-09-30,KRAKEN MILLY,27.7
2026-09-30,KRAKEN SCOOBY,33.8
2026-09-30,KRAKEN ZACK,26.1
2026-09-30,LAKEVIEW LEIGH,29.2
2026-09-30,LAKEVIEW MITCH,37.1
2026-09-30,LAKEVIEW TURBO,33.9
2026-09-30,LANKY LARRY,33.8
2026-09-30,LEKTRA BILLS,32.4
2026-09-30,LEKTRA JIMMY,33.5
2026-09-30,LEKTRA PRINCESS,26.5
2026-09-30,LEMNOS LASS,28.3
2026-09-30,LIGHTHEARTEDNESS,34.2
2026-09-30,LIKE DYNAMITE,33.3
2026-09-30,LITTLE AMIGO,33.5
2026-09-30,LITTLE MISS MAY,27.3
2026-09-30,LITTLE RAT,21.8
2026-09-30,LITTLE THIEF,27.6
2026-09-30,LIVIN' LAVISH,31.3
2026-09-30,LONGINIDIS,31.4
2026-09-30,LOSE MY MIND,26.7
2026-09-30,LOVE NOTE,26.8
2026-09-30,LUCKY CABANG,33.4
2026-09-30,LUCKY HARPER,31.2
2026-09-30,LUCKY SPIN,33.5
2026-09-30,MACALISTER ABBY,29.4
2026-09-30,MADAM SERIOUS,29.9
2026-09-30,MADE EASY,31.8
2026-09-30,MAGIC BULLSEYE,31.0
2026-09-30,MAHJONG,36.7
2026-09-30,MAJOR SHIRAZ,32.6
2026-09-30,MAN OF COURAGE,28.3
2026-09-30,MANDOLIN STORM,31.1
2026-09-30,MANILA JACK,30.7
2026-09-30,MANILA PLUTO,30.0
2026-09-30,MARBLE SUNSET,28.5
2026-09-30,MARCO MARCO,31.3
2026-09-30,MASK OF ZORRO,31.1
2026-09-30,MAXIMUM ELLY,28.2
2026-09-30,MAXIMUM PENALTY,29.7
2026-09-30,MAXIMUM RUBY,26.0
2026-09-30,MAXIMUM SUNSET,28.3
2026-09-30,MCIVOR JEWELS,27.6
2026-09-30,MCKERCHER,30.8
2026-09-30,MEMORIES,30.9
2026-09-30,MEPUNGA FLYER,34.0
2026-09-30,MEPUNGA PHANTOM,32.4
2026-09-30,MIDNIGHT JED,32.7
2026-09-30,MIDWAY CENTRAL,31.1
2026-09-30,MIDWAY MISSION,30.8
2026-09-30,MILES LEE ROSE,32.8
2026-09-30,MINER MICK,29.9
2026-09-30,MINH TEDDY,35.3
2026-09-30,MINNIE ANGEL,27.1
2026-09-30,MISS BARBIE,26.1
2026-09-30,MISS BELLA BABE,27.9
2026-09-30,MISS BLACK,28.8
2026-09-30,MISS COCO,28.4
2026-09-30,MISS DUDDLES,26.3
2026-09-30,MISS INDI BEAR,29.7
2026-09-30,MISS KARIS,30.5
2026-09-30,MISS WONG,29.6
2026-09-30,MISTER RICO,33.9
2026-09-30,MONELLI GIRL,26.1
2026-09-30,MONEY SCIENCE,32.6
2026-09-30,MONIQUE GIBLET,30.3
2026-09-30,MOONLIGHT JAZZ,26.2
2026-09-30,MORAINE LEAH,28.7
2026-09-30,MORAINE PIPER,29.7
2026-09-30,MORNING DAISY,27.9
2026-09-30,MORNING DAWN,28.5
2026-09-30,MR. BLUEY LEE,31.7
2026-09-30,MR. MARSHALL,32.8
2026-09-30,MRS. TIGGYWINKLE,27.4
2026-09-30,MT. VIEW GWEN,30.2
2026-09-30,MUG SCIENCE,32.2
2026-09-30,MUGSHOT,33.6
2026-09-30,MUSTANG ELEANOR,27.6
2026-09-30,MY AMBER,26.0
2026-09-30,MY NAME'S EVELYN,27.7
2026-09-30,MY PEPPA,25.9
2026-09-30,MYSTIC CONTESSA,24.8
2026-09-30,NARINGAL LAD,33.7
2026-09-30,NOBLE SHADOW,33.2
2026-09-30,NOLAN BALE,29.0
2026-09-30,NOSEY PARKER,35.9
2026-09-30,NOT A FAN,33.8
2026-09-30,NOTORIOUS BLAZE,32.4
2026-09-30,NOVA INTENTION,27.4
2026-09-30,OLD HABITS,33.3
2026-09-30,OLYMPIA ONYX,27.5
2026-09-30,OMEGA KIANNA,24.1
2026-09-30,ON THE RIVER,34.2
2026-09-30,OPAWA SCOOTER,31.4
2026-09-30,ORSON FURY,30.6
2026-09-30,OUR MABEL,26.6
2026-09-30,OUT OF ELITE,30.7
2026-09-30,OZA AUDACITY,30.8
2026-09-30,OZA BUZZ,29.0
2026-09-30,OZA REBEL,21.9
2026-09-30,PARIS MASH,27.2
2026-09-30,PARTY STARTED,29.8
2026-09-30,PARTY STEPS,37.9
2026-09-30,PATSY STONE,25.8
2026-09-30,PAW ALIA,25.3
2026-09-30,PAW CHEYENNE,30.7
2026-09-30,PAW CHRISTIE,30.6
2026-09-30,PAW CORNELIUS,31.7
2026-09-30,PAW DANGER,31.4
2026-09-30,PAW DIPPY,29.1
2026-09-30,PAW DULCE,26.3
2026-09-30,PAW ENNA,29.2
2026-09-30,PAW FABLE,31.3
2026-09-30,PAW FORRESTER,30.7
2026-09-30,PAW GROWLITHE,32.3
2026-09-30,PAW GUSTO,32.4
2026-09-30,PAW HADES,31.6
2026-09-30,PAW HARKONNEN,30.8
2026-09-30,PAW JUDAS,33.1
2026-09-30,PAW KABUTO,27.8
2026-09-30,PAW LAMPADES,32.7
2026-09-30,PAW LAPRAS,27.8
2026-09-30,PAW NIALL,32.9
2026-09-30,PAW NICKARA,28.7
2026-09-30,PAW NITRO,30.0
2026-09-30,PAW NORBERT,36.3
2026-09-30,PAW PERLTA,27.7
2026-09-30,PAW QUINTESSA,26.9
2026-09-30,PAW RAMELLO,27.0
2026-09-30,PAW REX,32.3
2026-09-30,PAW RIVAL,32.0
2026-09-30,PAW URLA,29.3
2026-09-30,PAW VANCOUVER,30.6
2026-09-30,PAW WONDER,30.4
2026-09-30,PAW XELA,25.2
2026-09-30,PAW XYLA,24.5
2026-09-30,PAW ZHANA,29.2
2026-09-30,PAY UP SALLY,28.7
2026-09-30,PERFECT GLOSS,26.3
2026-09-30,PERFECT JENNY,27.5
2026-09-30,PERFECT SYMPHONY,29.8
2026-09-30,PHOTOGENIC,32.5
2026-09-30,PLEASANT DREAMS,34.2
2026-09-30,POPPER,23.9
2026-09-30,POWER EDITION,33.3
2026-09-30,PRETTY TREASURE,29.6
2026-09-30,PRINCE VALHALLA,31.2
2026-09-30,PRINCESS DOMI,26.6
2026-09-30,PROBLEM SOLVER,34.6
2026-09-30,PROCESS DRIVEN,31.0
2026-09-30,PULLING DRAG,29.5
2026-09-30,PUMPING MAGIC,34.4
2026-09-30,PURE SILK,29.1
2026-09-30,PUT IT TOGETHER,36.0
2026-09-30,PYRENEES ACE,27.4
2026-09-30,QUICK CUDDLE,31.3
2026-09-30,QUIET ACHIEVER,28.6
2026-09-30,RACHEL,24.5
2026-09-30,RAGING FURY,34.5
2026-09-30,RAMBLING RAGE,32.3
2026-09-30,RAPID BURST,33.1
2026-09-30,RAPID SHADOW,26.1
2026-09-30,RAPID WATERBOY,32.4
2026-09-30,RAPIDO NINJA,33.9
2026-09-30,READY FOR ACTION,30.4
2026-09-30,READY TO FLIP,32.9
2026-09-30,REALITY SECRET,28.1
2026-09-30,RECANTED,32.7
2026-09-30,RECHARGE,27.6
2026-09-30,RED CABANG,35.9
2026-09-30,RED EYE SAMURAI,33.0
2026-09-30,RED TURTLE,37.4
2026-09-30,REGGAE MISS,27.3
2026-09-30,REIKO BLING,35.7
2026-09-30,RELAX MATE,33.9
2026-09-30,RING A BLUEY,26.0
2026-09-30,RIO BON BON,30.4
2026-09-30,ROCKET SCIENCE,33.4
2026-09-30,ROCKY CABANG,35.7
2026-09-30,ROTHWELL BONNIE,29.3
2026-09-30,ROTHWELL JACK,33.5
2026-09-30,ROWDY BOY,30.4
2026-09-30,RUBY'S SHOW,28.5
2026-09-30,RUN BARRA RUN,26.5
2026-09-30,RUTH'S COMMANDER,33.8
2026-09-30,RUXTON GIRL,25.9
2026-09-30,SCOTT ALIFEROUS,26.4
2026-09-30,SCOTT REDACTED,29.6
2026-09-30,SECRET BLISS,25.1
2026-09-30,SHADOW ROAD,26.8
2026-09-30,SHOCK JOCK,32.8
2026-09-30,SICILY,30.7
2026-09-30,SILVER SEQUINS,28.3
2026-09-30,SLAY,26.8
2026-09-30,SMALL PONY,30.1
2026-09-30,SMOOTH TIGER,28.2
2026-09-30,SNAPPER HEAD,29.7
2026-09-30,SNITCH ADAMS,32.2
2026-09-30,SNOOPY,29.8
2026-09-30,SO GLAMOROUS,26.2
2026-09-30,SO HE THINKS,35.2
2026-09-30,SO SAY ME,29.3
2026-09-30,SODA BEN,33.1
2026-09-30,SOLAR ECLIPSE,32.7
2026-09-30,SOUL SECRET,30.3
2026-09-30,SPANISH FAWN,27.1
2026-09-30,SPECIAL PLAYERS,28.0
2026-09-30,SPEEDIE SADIE,26.9
2026-09-30,SPRING ESPRESSO,29.1
2026-09-30,SPRING LAVER,34.3
2026-09-30,SPRING QUEUE,31.2
2026-09-30,SPRING QUIZ,33.7
2026-09-30,SPRUIKING,30.8
2026-09-30,STAR FURY,31.8
2026-09-30,STARLORD BALE,34.6
2026-09-30,STARSHIP ATLAS,30.8
2026-09-30,STERLING INN,35.7
2026-09-30,STIDHAM NEBRASKA,31.7
2026-09-30,STIPULATED,22.3
2026-09-30,STORM COMING,31.4
2026-09-30,STREET LEGAL,31.0
2026-09-30,SUB STATION,30.0
2026-09-30,SUDOKU CARMELLO,30.8
2026-09-30,SUPER BATMAN,33.6
2026-09-30,SUPER MAX,36.8
2026-09-30,SUPER STITCH,29.5
2026-09-30,SUPER SYMON,31.8
2026-09-30,SURGING,30.4
2026-09-30,TAG ALONG,31.3
2026-09-30,TAILS OF TERROR,26.5
2026-09-30,TAKE A JAGUAR,33.2
2026-09-30,TAKE A VIOLET,28.3
2026-09-30,TEQUILA SPICE,24.4
2026-09-30,THERMAL IGNITION,28.2
2026-09-30,THERMAL KNIGHT,32.3
2026-09-30,THINK TWICE,33.4
2026-09-30,TICK RETURNS,25.9
2026-09-30,TIGER MOTH,31.9
2026-09-30,TIGER ROCKS,33.2
2026-09-30,TILLY GIRL,25.2
2026-09-30,TINKER RAYS,31.4
2026-09-30,TINKER SPOT,28.0
2026-09-30,TOMMY CRUISER,30.9
2026-09-30,TORBEK,33.2
2026-09-30,TORNADO TESSA,27.1
2026-09-30,TOSS IT UP,28.3
2026-09-30,TOUCH OF SIN,25.3
2026-09-30,TRACK THIRTEEN,36.8
2026-09-30,TRAJECTORY,34.1
2026-09-30,TRAVIS INTENTION,35.1
2026-09-30,TREBLE BEERS,32.8
2026-09-30,TRENTON'S PRIDE,28.4
2026-09-30,TRIBAL ADVISOR,24.8
2026-09-30,TRICKY DISCO,32.9
2026-09-30,TRIMBOLE,32.5
2026-09-30,TRISSA BALE,28.9
2026-09-30,TROPIC SANDS,32.5
2026-09-30,TROUBLESOME,35.0
2026-09-30,TRUST IN PROCESS,27.2
2026-09-30,TURBO STRIKE,26.3
2026-09-30,TWICE SEEDED,36.6
2026-09-30,TWILIGHT TORI,26.1
2026-09-30,TWO BAYS,33.1
2026-09-30,ULTRA PUB RUN,31.9
2026-09-30,VALENCIA TILLY,25.1
2026-09-30,VALVE BOUNCE,35.2
2026-09-30,VENETIAN BELLE,26.4
2026-09-30,VOLTS,35.1
2026-09-30,WALTZING BLASTER,31.0
2026-09-30,WALTZING DIABLO,33.2
2026-09-30,WANGARATTA QUEEN,30.5
2026-09-30,WARRIOR TOMMY,33.3
2026-09-30,WEBLEC VELVET,27.4
2026-09-30,WESTAR LEO,34.2
2026-09-30,WESTERN'S NASIAH,32.8
2026-09-30,WHATEVER GEORGE,32.3
2026-09-30,WHATEVER MATE,33.1
2026-09-30,WHERE'S THE GOLD,29.7
2026-09-30,WHIPSTICK SERENA,28.5
2026-09-30,WHITE SHIRAZ,25.9
2026-09-30,WHO SHE RULES,28.9
2026-09-30,WHODAT JEWEL,26.6
2026-09-30,WHODAT WHISKEY,27.9
2026-09-30,WIZARD WATSON,35.7
2026-09-30,WOODSIDE RAVEN,26.1
2026-09-30,YALE TURN,39.1
2026-09-30,ZIPPING BERKELEY,27.2
2026-09-30,ZIPPING LILO,28.5
2026-09-30,ZIPPING MARIE,27.9
2026-09-30,ZIPPING MAUDIE,28.6
2026-09-30,ZIPPING MEHARY,31.2
2026-09-30,ZIPPING POPYRIN,33.2
2026-09-30,ZIPPING SCOOBY,33.1
2026-09-30,ZIPPING SINGH,34.4
2026-10-01,AMARYLLIS,28.4
2026-10-01,APTITUDE,32.9
2026-10-01,ARTEMIS SCIENCE,27.5
2026-10-01,ASTON ABRAFO,33.0
2026-10-01,ASTON ALARM,31.2
2026-10-01,ASTON BERRY,31.3
2026-10-01,ASTON BOGART,32.7
2026-10-01,ASTON CASTLE,34.6
2026-10-01,ASTON COMMANDER,33.2
2026-10-01,ASTON ESPRESSO,27.4
2026-10-01,ASTON FAME,27.9
2026-10-01,ASTON FIXER,33.9
2026-10-01,ASTON GRANDEUR,30.1
2026-10-01,ASTON GUITAR,33.4
2026-10-01,ASTON MORENO,26.8
2026-10-01,ASTON MOSS,32.3
2026-10-01,ASTON TIMPANA,28.3
2026-10-01,ASTON VALHALLA,28.6
2026-10-01,ATTICUS,28.4
2026-10-01,ATTITUDE AALIYAH,30.0
2026-10-01,AUNTIE AMBER,30.1
2026-10-01,AUSSIE FRED,31.8
2026-10-01,AUSSIE WAGYU,31.0
2026-10-01,BABY BEETS,33.0
2026-10-01,BALDING SANDY,28.7
2026-10-01,BAMBOO RUPEE,28.6
2026-10-01,BANDIT ABE,33.0
2026-10-01,BAROOGA KING,34.0
2026-10-01,BEAR HUNT,30.2
2026-10-01,BEAST POWER,38.0
2026-10-01,BED TIME DAISY,27.4
2026-10-01,BEFORE NOON,26.2
2026-10-01,BERN'S BANJO,27.9
2026-10-01,BERRINGA BLACK,33.9
2026-10-01,BERRY HILLS,26.3
2026-10-01,BEYOND EASY,30.9
2026-10-01,BIG BOY BRUTUS,34.6
2026-10-01,BIG PLAYER,38.0
2026-10-01,BIG WATCH,29.4
2026-10-01,BLACK STATESMAN,34.0
2026-10-01,BLACKPOOL WINTER,29.6
2026-10-01,BLIZZARD BYRNE,29.3
2026-10-01,BOGAN BEND,32.0
2026-10-01,BOLD THRUSTER,35.4
2026-10-01,BOMBERS SURPRISE,30.9
2026-10-01,BOWIE SUNNY,26.5
2026-10-01,BRAGGING RIGHTS,31.7
2026-10-01,BRINDLE BELLA,30.3
2026-10-01,BRINDLE MOTION,27.3
2026-10-01,BROKEN HALO,35.7
2026-10-01,BROTHER BUB,31.2
2026-10-01,BUSH BIG SHOW,32.0
2026-10-01,BUSH MAYHEM,31.9
2026-10-01,BYE PICKLES,32.4
2026-10-01,CACO MISSILE,33.0
2026-10-01,CALL ME HERO,33.4
2026-10-01,CANYA TORNADO,35.8
2026-10-01,CANYA VIVI,26.6
2026-10-01,CARLEY'S IMAGE,29.5
2026-10-01,CATCH A CUTIE,29.3
2026-10-01,CHAIN DRIVE,32.2
2026-10-01,CHALK AND CHEESE,31.0
2026-10-01,CHAPPY'S TOTEM,29.4
2026-10-01,CHATTERBUG,27.6
2026-10-01,CHEEKY CHOMPERS,33.3
2026-10-01,CHEEKY MILA,28.4
2026-10-01,CLAVICLE,32.4
2026-10-01,CLEAN AIR,28.9
2026-10-01,COBBLE HILL,31.6
2026-10-01,COLLECTIVE KAOS,30.2
2026-10-01,COLLINDA RAMSAY,33.2
2026-10-01,COMANCHE CHIEF,33.5
2026-10-01,COMPLETE,26.2
2026-10-01,CONTRADICTION,36.0
2026-10-01,CORBAN YAXLEY,34.2
2026-10-01,CORDOVA,29.3
2026-10-01,CORNHILL WARRIOR,31.2
2026-10-01,COSMIC REWARD,30.3
2026-10-01,CRACKERJACK GUS,30.4
2026-10-01,CRAVING IT,32.2
2026-10-01,CREATIVITY,32.6
2026-10-01,CROWD CONTROL,31.0
2026-10-01,CROYDON,32.4
2026-10-01,CRUISE COMMANDER,34.6
2026-10-01,CRY BABY GIBLET,33.7
2026-10-01,DANCING BLUE,26.7
2026-10-01,DARE DEVIL,35.0
2026-10-01,DARRA SAPPHIRE,29.0
2026-10-01,DASHING DEREK,32.3
2026-10-01,DEAL 'EM HIGH,27.0
2026-10-01,DEEP THINKER,33.6
2026-10-01,DELIGHTFUL RAIN,29.2
2026-10-01,DERRY,33.8
2026-10-01,DETECTION,30.6
2026-10-01,DEVIL'S SYMPATHY,30.2
2026-10-01,DID SO,30.1
2026-10-01,DON'T CONFESS,33.0
2026-10-01,DON'T TELL DANNI,23.4
2026-10-01,DOONGALLA MIMIC,33.4
2026-10-01,DOUBLE SHOT RIOT,29.2
2026-10-01,DR. AURORA,28.5
2026-10-01,DR. BURMA,24.8
2026-10-01,DR. GIANNA,25.3
2026-10-01,DR. MONICA,27.2
2026-10-01,DR. NATASHA,26.0
2026-10-01,DR. REIGNITE,23.6
2026-10-01,DR. SMOKEY,33.5
2026-10-01,DR. TANYA,25.3
2026-10-01,DR. VIENNA,25.7
2026-10-01,DR. XANTHIC,32.9
2026-10-01,DR. XENOS,34.3
2026-10-01,DREAM ON JUNIOR,30.7
2026-10-01,DURAN NIRVANA,32.0
2026-10-01,ELAPIDAE CATHY,25.4
2026-10-01,ELECTRIFY,34.2
2026-10-01,ENERGISER DASH,28.3
2026-10-01,ESPECIAL HUGO,35.7
2026-10-01,ESPOIR,26.0
2026-10-01,ETHANOL VISION,26.7
2026-10-01,EVENTFUL DASH,28.2
2026-10-01,EVENTUATE,26.1
2026-10-01,EVERGLOW,27.3
2026-10-01,EXAGGERATOR,34.9
2026-10-01,FAIRWAY FLYER,31.9
2026-10-01,FAYE VALENTINE,26.2
2026-10-01,FERRET'S KNOCK,26.9
2026-10-01,FIGURE OF SPEECH,28.8
2026-10-01,FIRE WATER BURN,31.0
2026-10-01,FLASH OF GENIUS,32.7
2026-10-01,FLUENT ACTION,24.2
2026-10-01,FOUND TREASURE,34.2
2026-10-01,FRANKIE'S ROCKET,30.5
2026-10-01,FRED'S FURY,30.3
2026-10-01,FREDDY DEEDS,29.8
2026-10-01,FROG MARCH,37.0
2026-10-01,FULL BORE BUSTER,31.2
2026-10-01,FULL BORE DONNY,33.6
2026-10-01,FUME TRAIN,30.2
2026-10-01,GAIA'S GRAN,28.3
2026-10-01,GALAXY OF LOVE,25.6
2026-10-01,GAPING MARGIN,25.2
2026-10-01,GARNET GLOW,28.8
2026-10-01,GAS LANTERN,28.8
2026-10-01,GENERATOR,26.6
2026-10-01,GENESIS BALE,33.7
2026-10-01,GERALDTON CREW,29.6
2026-10-01,GERONIMO DASH,30.3
2026-10-01,GIACOMO,31.7
2026-10-01,GO FISH,33.3
2026-10-01,GO HOME GIRL,27.7
2026-10-01,GO MY SWIFTY,32.1
2026-10-01,GOBLIN,26.0
2026-10-01,GOLD CODE,29.3
2026-10-01,GOT IMMUNITY,30.6
2026-10-01,GOTHAM SORCERESS,25.2
2026-10-01,GOTHAM THANOS,28.1
2026-10-01,GRAFFITI,35.3
2026-10-01,GRAPEFRUIT TITO,35.5
2026-10-01,GRASS IS GREENER,32.5
2026-10-01,GREEN FROG CAFE,34.6
2026-10-01,HALF MAC,29.1
2026-10-01,HANNA'S AVATAR,28.2
2026-10-01,HE'S NO BRUTE,33.8
2026-10-01,HEAD OF STAFF,30.0
2026-10-01,HEAVEN MADE,25.6
2026-10-01,HEAVEN ON EARTH,31.7
2026-10-01,HEAVY HAULAGE,33.4
2026-10-01,HIGH COTTON,33.7
2026-10-01,HIGH FIVE INDI,30.0
2026-10-01,HILLBILLY HUNTER,32.2
2026-10-01,HILLBILLY ROCKY,26.9
2026-10-01,HILLBILLY TIGER,28.8
2026-10-01,HIM TARZAN,34.7
2026-10-01,HIS SPECIAL,33.7
2026-10-01,HOKKAIDO EXPRESS,31.0
2026-10-01,HOLLY HOOK,30.0
2026-10-01,HONEST BEERS,25.6
2026-10-01,HONOURING TURBO,31.3
2026-10-01,HOPE JUAN,32.2
2026-10-01,HOT ROCKER,27.2
2026-10-01,HURRY DUSTY,34.1
2026-10-01,HYPNOTIZING,32.1
2026-10-01,IAN ALBERT,32.8
2026-10-01,IDYLLIC MEYER,24.9
2026-10-01,IMITATED,27.2
2026-10-01,INDY'S CHARM,30.5
2026-10-01,INTRIGUE,32.5
2026-10-01,IRISH ZOE,30.9
2026-10-01,IVORY INZAI,31.0
2026-10-01,IVORY MIHARA,27.0
2026-10-01,JILLIBY PIXIE,28.2
2026-10-01,JODIE'S ANGEL,30.7
2026-10-01,JUMBUK MABIOR,31.2
2026-10-01,JUMBUK SACHIN,32.1
2026-10-01,JUNEAU SANGRIA,30.7
2026-10-01,JUST GOT PAID,34.0
2026-10-01,JUST JEZEBEL,31.2
2026-10-01,KALIAHA'S KAOS,33.0
2026-10-01,KEN KANEKI,31.7
2026-10-01,KIPTUM,35.7
2026-10-01,KISS FOR CASH,29.0
2026-10-01,KIWI FRED,34.6
2026-10-01,KIWI HANK,42.8
2026-10-01,KOPACKI RIT,31.5
2026-10-01,KRAKEN MILLY,27.7
2026-10-01,KRAKEN SCOOBY,33.8
2026-10-01,KRAKEN ZACK,26.1
2026-10-01,LACRIMAL,31.2
2026-10-01,LAKEVIEW MITCH,37.1
2026-10-01,LAKEVIEW ROWDY,37.2
2026-10-01,LAKEVIEW TURBO,33.9
2026-10-01,LEKTRA HARMONY,29.3
2026-10-01,LEKTRA STING,33.4
2026-10-01,LIGHTHEARTEDNESS,34.2
2026-10-01,LITTLE AMIGO,33.5
2026-10-01,LITTLE THIEF,27.6
2026-10-01,LITTLE WEASEL,26.4
2026-10-01,LOCO BOOM,31.5
2026-10-01,LONGINIDIS,31.4
2026-10-01,LOVE BUG GIBLET,28.4
2026-10-01,LOVE NOTE,26.8
2026-10-01,LUCKY CABANG,33.4
2026-10-01,LUCKY HARPER,31.2
2026-10-01,MACALISTER ABBY,29.4
2026-10-01,MADAM SERIOUS,29.9
2026-10-01,MADE EASY,31.8
2026-10-01,MAGIC BULLSEYE,31.0
2026-10-01,MAGIC LOKI,33.6
2026-10-01,MAHJONG,36.7
2026-10-01,MAJOR SHIRAZ,32.6
2026-10-01,MARBLE SUNSET,28.5
2026-10-01,MARCO MARCO,31.3
2026-10-01,MASK OF ZORRO,31.1
2026-10-01,MAXI GRIN,32.9
2026-10-01,MAXIMUM PENALTY,29.7
2026-10-01,MCIVOR JEWELS,27.6
2026-10-01,MCKERCHER,30.8
2026-10-01,MELT MAX,29.7
2026-10-01,MELVIN BALE,31.8
2026-10-01,MEPUNGA DONNA,29.0
2026-10-01,MEPUNGA FLYER,34.0
2026-10-01,MEPUNGA PHANTOM,32.4
2026-10-01,MEPUNGA SANDY,27.7
2026-10-01,MEPUNGA SUMMIT,31.6
2026-10-01,MEPUNGA VELVET,27.8
2026-10-01,METEOROLOGY,29.1
2026-10-01,MICK SWAGGER,28.4
2026-10-01,MIDNIGHT JED,32.7
2026-10-01,MIDWAY MISSION,30.8
2026-10-01,MIGHTY MELBOURNE,33.6
2026-10-01,MILES LEE ROSE,32.8
2026-10-01,MINER MICK,29.9
2026-10-01,MINNIE ANGEL,27.1
2026-10-01,MISCHIEF MATE,34.4
2026-10-01,MISS BARBIE,26.1
2026-10-01,MISS BELLA BABE,27.9
2026-10-01,MISS BLACK,28.8
2026-10-01,MISS IRENE,27.7
2026-10-01,MISS UNDENIABLE,29.0
2026-10-01,MISS WONG,29.6
2026-10-01,MOLLY MCKAYLA,27.1
2026-10-01,MOLLY ROCHELLE,28.5
2026-10-01,MOONLIGHT MILLER,31.8
2026-10-01,MORAINE BLUEY,35.1
2026-10-01,MORAINE DAMIAN,33.6
2026-10-01,MORAINE DYLAN,32.0
2026-10-01,MORAINE LEAH,28.7
2026-10-01,MORAINE PIPER,29.7
2026-10-01,MORNING DAISY,27.9
2026-10-01,MORNING DAWN,28.5
2026-10-01,MY NAME'S EDEN,32.6
2026-10-01,MY NAME'S EVELYN,27.7
2026-10-01,MYSTIC CONTESSA,24.8
2026-10-01,NARINGAL LAD,33.7
2026-10-01,NAVY DAVIES,32.4
2026-10-01,NOBLE SHADOW,33.2
2026-10-01,NOSEY BLUEY,33.1
2026-10-01,NOT A FAN,33.8
2026-10-01,NOTORIOUS BLAZE,32.4
2026-10-01,NOVA OWEN,30.8
2026-10-01,OLD HABITS,33.3
2026-10-01,OLLIE DEEDS,29.6
2026-10-01,OLYMPIA ONYX,27.5
2026-10-01,OMEGA KIANNA,24.1
2026-10-01,ON THE RIVER,34.2
2026-10-01,ONE MORE DRAM,32.8
2026-10-01,OPAWA EMILY,27.4
2026-10-01,OPAWA FANNIN,32.1
2026-10-01,OTTO ROSE,34.2
2026-10-01,OUR BANK,31.4
2026-10-01,OUR MABEL,26.6
2026-10-01,OVERLAND BOY,35.0
2026-10-01,OZA REBEL,21.9
2026-10-01,OZA REIGN,24.6
2026-10-01,OZA STELLAR,22.2
2026-10-01,PARIS MASH,27.2
2026-10-01,PAW ALLESANDRA,27.1
2026-10-01,PAW AMARLI,27.6
2026-10-01,PAW BRUTUS,32.5
2026-10-01,PAW CARVER,34.8
2026-10-01,PAW CHRISTIE,30.6
2026-10-01,PAW DROGO,32.5
2026-10-01,PAW FABLE,31.3
2026-10-01,PAW FARINA,37.5
2026-10-01,PAW FORTRESS,40.5
2026-10-01,PAW GERTRUDE,30.1
2026-10-01,PAW GORDY,35.4
2026-10-01,PAW GROWLITHE,32.3
2026-10-01,PAW GUSTO,32.4
2026-10-01,PAW HAZELTON,31.4
2026-10-01,PAW IOWA,31.7
2026-10-01,PAW KACEY,27.5
2026-10-01,PAW KATTIA,27.9
2026-10-01,PAW MADDISON,25.1
2026-10-01,PAW MATIC,26.6
2026-10-01,PAW MONET,27.2
2026-10-01,PAW MURBELLA,27.8
2026-10-01,PAW NATULLO,31.4
2026-10-01,PAW NEVADA,35.7
2026-10-01,PAW NICKARA,28.7
2026-10-01,PAW NILBERT,32.8
2026-10-01,PAW ORENTHAL,33.9
2026-10-01,PAW QUINTESSA,26.9
2026-10-01,PAW QWERTY,28.2
2026-10-01,PAW RAELIA,27.7
2026-10-01,PAW RAYNOR,33.4
2026-10-01,PAW RIVAL,32.0
2026-10-01,PAW VADA,24.5
2026-10-01,PAW VOLTRON,30.5
2026-10-01,PAW VORTEX,32.1
2026-10-01,PAW WALDORF,32.1
2026-10-01,PAW XHANI,26.7
2026-10-01,PAW YAZ,26.5
2026-10-01,PERFECT GLOSS,26.3
2026-10-01,PERFECT JENNY,27.5
2026-10-01,PHOENIX RED,32.2
2026-10-01,POETIC STAR,32.9
2026-10-01,POINT BREAK,33.2
2026-10-01,POPPER,23.9
2026-10-01,POWER SQUEEZE,33.2
2026-10-01,PRETTY TREASURE,29.6
2026-10-01,PROBLEM SOLVER,34.6
2026-10-01,PUBLIC HOUSE,27.5
2026-10-01,PUMPING MAGIC,34.4
2026-10-01,PURE SILK,29.1
2026-10-01,QUIET ACHIEVER,28.6
2026-10-01,RAMBLING RAGE,32.3
2026-10-01,RAPIDO NINJA,33.9
2026-10-01,RAPIDO SPIRIT,27.7
2026-10-01,REALITY SECRET,28.1
2026-10-01,REBEKAH JOY,26.3
2026-10-01,RECANTED,32.7
2026-10-01,RECHARGE,27.6
2026-10-01,RED CABANG,35.9
2026-10-01,RED TURTLE,37.4
2026-10-01,REG,34.9
2026-10-01,REGGAE MISS,27.3
2026-10-01,REIKO BLING,35.7
2026-10-01,RELAX MATE,33.9
2026-10-01,RELIABLE MOTOR,30.5
2026-10-01,REV IAN,34.0
2026-10-01,RIO BON BON,30.4
2026-10-01,ROCKET SCIENCE,33.4
2026-10-01,ROCKY CABANG,35.7
2026-10-01,ROVANIEMI,34.7
2026-10-01,ROWDY BOY,30.4
2026-10-01,SCOTT ALIFEROUS,26.4
2026-10-01,SCOTT GNARLY,28.2
2026-10-01,SCOTT REDACTED,29.6
2026-10-01,SEATS TWO,28.5
2026-10-01,SHADOW ROAD,26.8
2026-10-01,SHE'S PRIMED,27.7
2026-10-01,SHOCK JOCK,32.8
2026-10-01,SILVER SEQUINS,28.3
2026-10-01,SMILEY MIA,24.6
2026-10-01,SMOOTH TIGER,28.2
2026-10-01,SNITCH ADAMS,32.2
2026-10-01,SO GLAMOROUS,26.2
2026-10-01,SO HE THINKS,35.2
2026-10-01,SODA BEN,33.1
2026-10-01,SPIRALLING,34.4
2026-10-01,SPOT THE ANGEL,26.5
2026-10-01,SPRING MILES,31.0
2026-10-01,SPRING VICTORIA,29.7
2026-10-01,SPRUIKING,30.8
2026-10-01,STARBRIGHT HUD,28.6
2026-10-01,STIDHAM NEBRASKA,31.7
2026-10-01,STIPULATED,22.3
2026-10-01,STRASBURG,35.2
2026-10-01,STREAM IT,31.2
2026-10-01,STREET LEGAL,31.0
2026-10-01,SUB STATION,30.0
2026-10-01,SUPER MAX,36.8
2026-10-01,SURGING,30.4
2026-10-01,SWEET DEBBIE,28.4
2026-10-01,TAILS OF TERROR,26.5
2026-10-01,TARBHACH,35.4
2026-10-01,TAW MAJOR,33.7
2026-10-01,TEQUILA SPICE,24.4
2026-10-01,THERMAL IGNITION,28.2
2026-10-01,THERMAL KNIGHT,32.3
2026-10-01,TIGER MOTH,31.9
2026-10-01,TIGER ROCKS,33.2
2026-10-01,TILLY GIRL,25.2
2026-10-01,TORBEK,33.2
2026-10-01,TORNADO TESSA,27.1
2026-10-01,TREBLE BEERS,32.8
2026-10-01,TRENTON'S PRIDE,28.4
2026-10-01,TRICKY DISCO,32.9
2026-10-01,TRIMBOLE,32.5
2026-10-01,TRUST DEED,28.3
2026-10-01,TURBO STRIKE,26.3
2026-10-01,TWILIGHT TORI,26.1
2026-10-01,TWO BAYS,33.1
2026-10-01,URANA PARALLAX,38.1
2026-10-01,VACATION CALLING,32.3
2026-10-01,VALENCIA TILLY,25.1
2026-10-01,VENETIAN BELLE,26.4
2026-10-01,VESTA BALE,27.7
2026-10-01,WANGARATTA GIRL,30.7
2026-10-01,WANGARATTA QUEEN,30.5
2026-10-01,WARRIOR TOMMY,33.3
2026-10-01,WEBLEC MEMPHIS,31.5
2026-10-01,WHAT CLASS,26.6
2026-10-01,WHATEVER MATE,33.1
2026-10-01,WHERE'S MICK,31.0
2026-10-01,WHISKEY WHISKERS,35.0
2026-10-01,WHITE NILE,35.2
2026-10-01,WHITE SHIRAZ,25.9
2026-10-01,WHO SHE RULES,28.9
2026-10-01,WHODAT JEWEL,26.6
2026-10-01,WHODAT WHISKEY,27.9
2026-10-01,WILL JENKINS,31.5
2026-10-01,WIZARD WATSON,35.7
2026-10-01,WOODSIDE RAVEN,26.1
2026-10-01,YALE TURN,39.1
2026-10-01,ZIPPING LILO,28.5
2026-10-01,ZIPPING POPYRIN,33.2
2026-10-01,ZIPPING SINGH,34.4
2026-10-01,ZIPPING SMEE,32.9
2026-10-01,ZIPPING TYRA,27.3
2026-10-02,ABSOLUTE RUPEE,31.1
2026-10-02,ALLIGATOR ROCK,33.3
2026-10-02,ANGRY ELLIE,25.0
2026-10-02,APRIL'S STAR,27.7
2026-10-02,APTITUDE,32.9
2026-10-02,ASCEND GERANIUM,33.2
2026-10-02,ASKERN VIOLET,27.9
2026-10-02,ASTON ADRIANA,28.6
2026-10-02,ASTON ALARM,31.2
2026-10-02,ASTON BARRISTER,31.1
2026-10-02,ASTON BERRY,31.3
2026-10-02,ASTON BOGART,32.7
2026-10-02,ASTON BUGSY,32.8
2026-10-02,ASTON CASTLE,34.6
2026-10-02,ASTON FIXER,33.9
2026-10-02,ASTON GUITAR,33.4
2026-10-02,ASTON JOPLIN,25.8
2026-10-02,ASTON MIKHAIL,34.7
2026-10-02,ASTON NATIONAL,29.6
2026-10-02,ASTON RAYNER,32.5
2026-10-02,ATTICUS,28.4
2026-10-02,AUSSIE MIRAGE,32.1
2026-10-02,AUSSIE SUPREME,33.5
2026-10-02,AUTUMN BLONDE,25.2
2026-10-02,AZZURRO,31.4
2026-10-02,BABY BEETS,33.0
2026-10-02,BARKING BLUE,33.4
2026-10-02,BAROOGA KING,34.0
2026-10-02,BASH BOY GIBLET,37.3
2026-10-02,BE A SECRET,33.7
2026-10-02,BE A SHADOW,26.9
2026-10-02,BE LIVELY,25.0
2026-10-02,BENARCA ROSE,28.5
2026-10-02,BEND YOUR EAR,34.4
2026-10-02,BENGAL BULLET,37.5
2026-10-02,BENITO,34.6
2026-10-02,BERNARDO BLITZ,34.8
2026-10-02,BICEP,32.2
2026-10-02,BIG MAKO,37.7
2026-10-02,BIG PLAYER,38.0
2026-10-02,BIG WATCH,29.4
2026-10-02,BLACK STATESMAN,34.0
2026-10-02,BLACK TYCOON,33.8
2026-10-02,BLACKBERRY JUICE,30.2
2026-10-02,BLACKPOOL WINTER,29.6
2026-10-02,BLAME SPENCER,33.2
2026-10-02,BLIZZARD BYRNE,29.3
2026-10-02,BLOWING TRUMPETS,35.1
2026-10-02,BLUE BOY SHIRAZ,33.3
2026-10-02,BLUE STORM,32.7
2026-10-02,BOHDAN,30.6
2026-10-02,BONNIE BEAUTIFUL,25.7
2026-10-02,BOUNDING CHIEF,36.6
2026-10-02,BRAGGING RIGHTS,31.7
2026-10-02,BREAKING CURFEW,24.1
2026-10-02,BRINDLE MOSAIC,27.0
2026-10-02,BROKEN HALO,35.7
2026-10-02,BROTHER BUB,31.2
2026-10-02,BRUREE LUCK,28.7
2026-10-02,BRUREE PAT,30.5
2026-10-02,BUSH BIG SHOW,32.0
2026-10-02,BUSH MAYHEM,31.9
2026-10-02,BUSTER BOURBSKI,35.6
2026-10-02,CANDY STRIDE,27.3
2026-10-02,CANYA TORNADO,35.8
2026-10-02,CARLEY'S IMAGE,29.5
2026-10-02,CATHY'S DREAM,31.3
2026-10-02,CESSNA TITAN,31.7
2026-10-02,CHATTERBUG,27.6
2026-10-02,CHEEKY CHOMPERS,33.3
2026-10-02,CHEEKY MEEKI,28.5
2026-10-02,CHEVRON STROLL,28.6
2026-10-02,CLAVICLE,32.4
2026-10-02,COIN COLLECTOR,28.4
2026-10-02,COLLECTIVE KAOS,30.2
2026-10-02,COLLINDA POPS,27.6
2026-10-02,CONTRADICTION,36.0
2026-10-02,CORNHILL BOOMER,27.5
2026-10-02,CROYDON,32.4
2026-10-02,CRUISE COMMANDER,34.6
2026-10-02,CRY BABY GIBLET,33.7
2026-10-02,CUMULATE,33.7
2026-10-02,DADDY COOL,35.1
2026-10-02,DARNUM BEAR,35.4
2026-10-02,DARRA MIGHT,34.5
2026-10-02,DASHING DEREK,32.3
2026-10-02,DEADLY FORCE,27.1
2026-10-02,DEFINE SHINE,30.4
2026-10-02,DEMONIC SPIRIT,34.1
2026-10-02,DERRY,33.8
2026-10-02,DESPICABLE ANDY,34.2
2026-10-02,DESTROYER'S BOAT,27.6
2026-10-02,DEVON DAISIES,27.4
2026-10-02,DID SHE,27.1
2026-10-02,DID SO,30.1
2026-10-02,DIM SIM OLLIE,38.1
2026-10-02,DIVOT,30.2
2026-10-02,DOONGALLA AL,34.4
2026-10-02,DOONGALLA GIGI,26.2
2026-10-02,DOONGALLA MIMIC,33.4
2026-10-02,DOONGALLA ROCKET,31.8
2026-10-02,DOONGALLA SHANE,31.0
2026-10-02,DREAM LUCKY,30.4
2026-10-02,DREAM ON JUNIOR,30.7
2026-10-02,DUNDEE REX,32.5
2026-10-02,DUNDEE SKYE,28.4
2026-10-02,DURAN NIRVANA,32.0
2026-10-02,ELECTRIFY,34.2
2026-10-02,ELECTROJET,32.6
2026-10-02,ELMA'S GIRL,26.3
2026-10-02,ENGELKE ROAD,32.7
2026-10-02,ESPECIAL HUGO,35.7
2026-10-02,ESPOIR,26.0
2026-10-02,EVENTUATE,26.1
2026-10-02,EXAGGERATOR,34.9
2026-10-02,EXCITABLE DASH,26.2
2026-10-02,EXCLUSIVELY,36.2
2026-10-02,EXQUISITE LASS,28.6
2026-10-02,EXTREME DASH,33.8
2026-10-02,FEAR THE BEER,32.9
2026-10-02,FENDI EXPRESS,33.4
2026-10-02,FERREL'S LAW,32.9
2026-10-02,FERRET'S KNOCK,26.9
2026-10-02,FIRE UP MARK,35.8
2026-10-02,FIRE WATER BURN,31.0
2026-10-02,FLYING NARDO,28.1
2026-10-02,FRANKY'S LASS,26.3
2026-10-02,FREDDY DEEDS,29.8
2026-10-02,FREE FREDA,25.7
2026-10-02,FULL BORE BUSTER,31.2
2026-10-02,FULL BORE DONNY,33.6
2026-10-02,FUME TRAIN,30.2
2026-10-02,GALAXY OF LOVE,25.6
2026-10-02,GAPING MARGIN,25.2
2026-10-02,GARNET GLOW,28.8
2026-10-02,GENERATOR,26.6
2026-10-02,GENESIS BALE,33.7
2026-10-02,GEORGIE SUNSHINE,29.1
2026-10-02,GETTING NERVOUS,33.1
2026-10-02,GIACOMO,31.7
2026-10-02,GO FLASH GO,37.7
2026-10-02,GO GO JEFF,36.7
2026-10-02,GOING NUCLEAR,30.5
2026-10-02,GOLD DECK,32.2
2026-10-02,GOLD TAG,31.1
2026-10-02,GOLDEN MONELLI,33.1
2026-10-02,GOOD ODDS ROCKY,35.9
2026-10-02,GOOSEBUMPS RICO,32.3
2026-10-02,GOT MY MOJO,27.6
2026-10-02,GRASS IS GREENER,32.5
2026-10-02,GRAY GROUPER,34.8
2026-10-02,GRENADIER,31.5
2026-10-02,GRETA'S GOLD,28.2
2026-10-02,GREYSYND SAMMY,35.1
2026-10-02,GUACAMOLE IRISH,33.2
2026-10-02,HABITAT,26.7
2026-10-02,HADAR JAY,29.8
2026-10-02,HAPPY AND NUMB,37.3
2026-10-02,HARTLAND BONNIE,24.5
2026-10-02,HARTLAND BUDDY,32.4
2026-10-02,HARTLAND ROCKET,31.7
2026-10-02,HAVING A LOOK,26.2
2026-10-02,HAWK MAGIC,25.5
2026-10-02,HEAVY HAULAGE,33.4
2026-10-02,HIGH FIVE INDI,30.0
2026-10-02,HIGHGATE FRANKY,35.1
2026-10-02,HIGHLAND SAL,28.4
2026-10-02,HIS SPECIAL,33.7
2026-10-02,HIT THE BUTTON,31.2
2026-10-02,HONEST BEERS,25.6
2026-10-02,HOUSE OF SINS,35.8
2026-10-02,HURRICANE,33.1
2026-10-02,I'M FABULOUS,26.9
2026-10-02,IAN ALBERT,32.8
2026-10-02,IDYLLIC JAMES,31.9
2026-10-02,IMPETUOUSLY,28.8
2026-10-02,IMPOSTER,33.6
2026-10-02,IMPRINT,35.3
2026-10-02,IN A BIT,29.2
2026-10-02,INDY GRANT,27.6
2026-10-02,IT'S BUBBLE TIME,30.0
2026-10-02,IVORY INZAI,31.0
2026-10-02,IVORY MIHARA,27.0
2026-10-02,JAZZ BAND,26.9
2026-10-02,JET SPRINT,37.6
2026-10-02,JILLIBY PIXIE,28.2
2026-10-02,JUMBUK SACHIN,32.1
2026-10-02,JUNEAU SANGRIA,30.7
2026-10-02,JUST QUICKLY,28.2
2026-10-02,JUSTIFY THIS,32.4
2026-10-02,KADE'S THUNDER,32.2
2026-10-02,KAIA GOT SQUARE,28.7
2026-10-02,KEN KANEKI,31.7
2026-10-02,KID BLUE,28.4
2026-10-02,KING PLUM,31.6
2026-10-02,KIWI EDDIE,39.0
2026-10-02,KOPACKI RIT,31.5
2026-10-02,KRAKEN GINGER,37.5
2026-10-02,KRAKEN RIPPER,31.4
2026-10-02,LACRIMAL,31.2
2026-10-02,LADY GUNAI,27.8
2026-10-02,LAKERS LEGEND,25.4
2026-10-02,LAKEVIEW ROWDY,37.2
2026-10-02,LANKY LARRY,33.6
2026-10-02,LAVERS GINNY,27.1
2026-10-02,LEKTRA HARMONY,29.3
2026-10-02,LEKTRA STING,33.4
2026-10-02,LET'S WIN BINGO,26.0
2026-10-02,LIL COCKATOO,25.9
2026-10-02,LITTLE WEASEL,26.4
2026-10-02,LOCHINVAR THOR,34.6
2026-10-02,LOCO BOOM,31.5
2026-10-02,LOVE BUG GIBLET,28.4
2026-10-02,LUCKY SPIN,32.9
2026-10-02,MAD MAX,27.4
2026-10-02,MAGIC LOKI,33.6
2026-10-02,MARGE RUSLIE,25.3
2026-10-02,MATT LOCH,36.5
2026-10-02,MAXI GRIN,32.9
2026-10-02,MELT MAX,29.7
2026-10-02,MELVIN BALE,31.8
2026-10-02,MEPUNGA DONNA,29.0
2026-10-02,MEPUNGA EXPRESS,31.6
2026-10-02,MEPUNGA LILLY,30.9
2026-10-02,MEPUNGA SANDY,27.7
2026-10-02,MEPUNGA SHADOW,33.0
2026-10-02,MEPUNGA SUMMIT,31.6
2026-10-02,MEPUNGA VELVET,27.8
2026-10-02,METEOROLOGY,29.1
2026-10-02,MICHELIN GIBLET,31.8
2026-10-02,MICK SWAGGER,28.4
2026-10-02,MIDNIGHT THUNDER,31.6
2026-10-02,MIGHTY MELBOURNE,33.6
2026-10-02,MIRROR JAMS,36.7
2026-10-02,MISCHIEF MATE,34.4
2026-10-02,MISS GALORE,27.5
2026-10-02,MISS IRENE,27.7
2026-10-02,MISS MY BROTHER,28.1
2026-10-02,MISS UNDENIABLE,29.0
2026-10-02,MISSY RUSLIE,26.3
2026-10-02,MOLLY MCKAYLA,27.1
2026-10-02,MOLLY ROCHELLE,28.5
2026-10-02,MOOKAITE,32.7
2026-10-02,MOONLIGHT MILLER,31.8
2026-10-02,MORAINE BLUEY,35.1
2026-10-02,MORAINE DAMIAN,33.6
2026-10-02,MORAINE DYLAN,32.0
2026-10-02,MR. CHIVES,32.5
2026-10-02,MR. JONES,32.7
2026-10-02,MRS. TIGGYWINKLE,27.6
2026-10-02,MY LITTLE FLOSS,23.1
2026-10-02,MY NAME'S EDEN,32.6
2026-10-02,NANDO BLAST,30.5
2026-10-02,NAVY DAVIES,32.4
2026-10-02,NEBULA BALE,29.9
2026-10-02,NEO DEVERE,31.9
2026-10-02,NIGHTMARE GAVIN,32.4
2026-10-02,NOSEY BLUEY,33.1
2026-10-02,NOVA OWEN,30.8
2026-10-02,OKLAHOMA BALE,32.6
2026-10-02,OLLIE DEEDS,29.6
2026-10-02,ONCIDIUM,32.1
2026-10-02,ONE FEATHER,26.9
2026-10-02,ONE MORE DRAM,32.8
2026-10-02,OPALINA,27.5
2026-10-02,OPAWA ELVIS,31.1
2026-10-02,OPAWA EMILY,27.4
2026-10-02,OPAWA FANNIN,32.1
2026-10-02,ORIENTAL ELECTRA,28.2
2026-10-02,OTTO ROSE,34.2
2026-10-02,OUR BANK,31.4
2026-10-02,OUR PATCH,31.6
2026-10-02,OUT OF WHISKEY,28.3
2026-10-02,OVERLAND BOY,35.0
2026-10-02,OZA DOECHII,25.3
2026-10-02,OZA ONE,29.8
2026-10-02,OZA REIGN,24.6
2026-10-02,OZA STELLAR,22.2
2026-10-02,PARIS MODEL,27.4
2026-10-02,PASS THE PEPPA,29.1
2026-10-02,PATH TO NIRVANA,33.3
2026-10-02,PAW ALLESANDRA,27.1
2026-10-02,PAW AMARLI,27.6
2026-10-02,PAW BALLISTA,33.9
2026-10-02,PAW BRUTUS,32.5
2026-10-02,PAW CARVER,34.8
2026-10-02,PAW CORNELIUS,31.7
2026-10-02,PAW DROGO,32.5
2026-10-02,PAW EDEN,28.4
2026-10-02,PAW FABIAN,31.7
2026-10-02,PAW FARINA,37.5
2026-10-02,PAW FORTRESS,40.5
2026-10-02,PAW GERTRUDE,30.1
2026-10-02,PAW GORDY,35.4
2026-10-02,PAW HAZELTON,31.4
2026-10-02,PAW IOWA,31.7
2026-10-02,PAW JANNY,25.2
2026-10-02,PAW JASTA,31.5
2026-10-02,PAW JAXSON,31.6
2026-10-02,PAW JESSABELLE,26.3
2026-10-02,PAW KACEY,27.5
2026-10-02,PAW KATTIA,27.9
2026-10-02,PAW KRISTELLE,28.2
2026-10-02,PAW LONNIE,33.9
2026-10-02,PAW MADDISON,25.1
2026-10-02,PAW MATIC,26.6
2026-10-02,PAW MAUD,27.3
2026-10-02,PAW MONET,27.2
2026-10-02,PAW MURBELLA,27.8
2026-10-02,PAW NASCENT,26.7
2026-10-02,PAW NATULLO,31.4
2026-10-02,PAW NEBRASKA,25.1
2026-10-02,PAW NEVADA,35.7
2026-10-02,PAW NILBERT,32.8
2026-10-02,PAW OLENA,27.2
2026-10-02,PAW OLYMPUS,32.7
2026-10-02,PAW ORENTHAL,33.9
2026-10-02,PAW ORTIZ,31.4
2026-10-02,PAW PALMER,33.8
2026-10-02,PAW QATAR,31.5
2026-10-02,PAW QUINBY,31.5
2026-10-02,PAW QUIZ,25.9
2026-10-02,PAW QWERTY,28.2
2026-10-02,PAW RAELIA,27.7
2026-10-02,PAW RAYNOR,33.4
2026-10-02,PAW REX,32.0
2026-10-02,PAW TIFFY,27.2
2026-10-02,PAW UCARTY,30.6
2026-10-02,PAW VADA,24.5
2026-10-02,PAW VOLTRON,30.5
2026-10-02,PAW VORTEX,32.1
2026-10-02,PAW WALDORF,32.1
2026-10-02,PAW XHANI,26.7
2026-10-02,PAW XYLA,24.4
2026-10-02,PAW YAZ,26.5
2026-10-02,PAW ZANY,25.3
2026-10-02,PAW ZEVON,32.7
2026-10-02,PAW ZOHAN,30.1
2026-10-02,PEAKY COLLINDA,32.9
2026-10-02,PERFECT PICTURE,28.2
2026-10-02,PHOENIX RED,32.2
2026-10-02,POETIC STAR,32.9
2026-10-02,POINT BREAK,33.2
2026-10-02,POWER SQUEEZE,33.2
2026-10-02,PREPARATION,25.1
2026-10-02,PUBLIC HOUSE,27.5
2026-10-02,RACEY STACEY,25.8
2026-10-02,RADIATE,31.0
2026-10-02,RAPIDFIRE LAYLA,28.5
2026-10-02,RAPIDO SPIRIT,27.7
2026-10-02,RAVEN FORCE,28.2
2026-10-02,REBEKAH JOY,26.3
2026-10-02,REG,34.9
2026-10-02,RELIABLE MOTOR,30.5
2026-10-02,REMI RIOT,24.6
2026-10-02,REV IAN,34.0
2026-10-02,RINGSTED,34.0
2026-10-02,ROCK ETERNAL,33.0
2026-10-02,ROCKY RAY,31.3
2026-10-02,ROLLING EXPRESS,31.0
2026-10-02,ROVANIEMI,34.7
2026-10-02,RUBY'S SHOW,28.5
2026-10-02,RUN BARRA RUN,26.4
2026-10-02,SACRUM,26.4
2026-10-02,SAFELY,25.6
2026-10-02,SAILAWAY GIN,28.5
2026-10-02,SAINT FISHY,33.1
2026-10-02,SCOTT GNARLY,28.2
2026-10-02,SCROLL UP,32.0
2026-10-02,SEATS TWO,28.5
2026-10-02,SHADE OF PALE,36.3
2026-10-02,SHE'S PRIMED,27.7
2026-10-02,SHE'S SALTY,29.0
2026-10-02,SHREK'S BROTHER,33.4
2026-10-02,SIMPLY FRIENDS,29.4
2026-10-02,SIR SILVERTREE,30.0
2026-10-02,SKY EAGLE,32.0
2026-10-02,SLICK ABILITY,27.7
2026-10-02,SLICK TOMMY,34.1
2026-10-02,SMALLER ACTS,39.4
2026-10-02,SMILEY MIA,24.6
2026-10-02,SNOW ROAD,31.0
2026-10-02,SOCIALISM,25.7
2026-10-02,SODA TURKEY,26.9
2026-10-02,SOLID GROOVE,32.4
2026-10-02,SOMERTON WILLOW,27.6
2026-10-02,SOULS OF HEAVEN,25.0
2026-10-02,SPARRING,34.0
2026-10-02,SPECIAL TEAMS,26.4
2026-10-02,SPEEDY JUDE,28.2
2026-10-02,SPIRALLING,34.4
2026-10-02,SPOT THE ANGEL,26.5
2026-10-02,SPRING MILES,31.0
2026-10-02,SPRING VICTORIA,29.7
2026-10-02,STAR NOTE,31.4
2026-10-02,STARBRIGHT HUD,28.6
2026-10-02,STARTING OUT,33.3
2026-10-02,STILL BELIEVE,29.4
2026-10-02,STOJANOVIC,30.2
2026-10-02,STRASBURG,35.2
2026-10-02,STREAM IT,31.2
2026-10-02,SUAVE,30.4
2026-10-02,SUMMER HAIL,28.5
2026-10-02,SUNTORY LILAC,26.5
2026-10-02,SUPER BATMAN,33.6
2026-10-02,SURE PRIZE,28.5
2026-10-02,SURGE,31.9
2026-10-02,SWEET DEBBIE,28.4
2026-10-02,SWEET MILLIE,25.3
2026-10-02,TARBHACH,35.4
2026-10-02,TAW MAJOR,33.7
2026-10-02,THERMAL FLAME,27.1
2026-10-02,TRENTON'S EMPIRE,30.9
2026-10-02,TRISSA BALE,28.8
2026-10-02,TRUST DEED,28.3
2026-10-02,TURBO JAKE,35.2
2026-10-02,TURBO TILLY,28.3
2026-10-02,ULTIMO,36.7
2026-10-02,UNCERTAIN,25.9
2026-10-02,URANA PARALLAX,38.1
2026-10-02,URANA PUZZLED,26.8
2026-10-02,VACATION CALLING,32.3
2026-10-02,VALLETTA MOON,29.3
2026-10-02,VESTA BALE,27.7
2026-10-02,WANGARATTA GIRL,30.7
2026-10-02,WEAPONRY,27.8
2026-10-02,WEBLEC MEMPHIS,31.5
2026-10-02,WHAT CLASS,26.6
2026-10-02,WHERE'S HUNTLY,30.5
2026-10-02,WHERE'S MICK,31.0
2026-10-02,WHERE'S NASSIF,28.0
2026-10-02,WHISKEY WHISKERS,35.0
2026-10-02,WHISKY POINT,28.6
2026-10-02,WHITE NILE,35.2
2026-10-02,WILBERT,30.2
2026-10-02,WILD VENUS,32.4
2026-10-02,WILL JENKINS,31.5
2026-10-02,WINE LOVER,32.0
2026-10-02,WONDERFUL WORK,31.4
2026-10-02,WORD GETS AROUND,35.2
2026-10-02,YEAH YOU,34.3
2026-10-02,ZAMBADA ICON,33.2
2026-10-02,ZANE'S TRAIN,32.2
2026-10-02,ZAWADI,28.5
2026-10-02,ZIPPING ABLETT,33.6
2026-10-02,ZIPPING GLINDA,27.7
2026-10-02,ZIPPING RAELENE,29.3
2026-10-02,ZIPPING SAUVAGE,28.2
2026-10-02,ZIPPING SMEE,32.9
2026-10-02,ZIPPING SWEENY,35.5
2026-10-02,ZIPPING TYRA,27.3
2026-10-03,ABSOLUTE RUPEE,31.1
2026-10-03,ALLIGATOR ROCK,33.3
2026-10-03,ANGRY ELLIE,25.0
2026-10-03,APRIL'S STAR,27.7
2026-10-03,ASCEND GERANIUM,33.2
2026-10-03,ASKERN VIOLET,27.9
2026-10-03,ASTON ADRIANA,28.6
2026-10-03,ASTON BARRISTER,31.1
2026-10-03,ASTON BUGSY,32.8
2026-10-03,ASTON JOPLIN,25.8
2026-10-03,ASTON MACHINE,33.5
2026-10-03,ASTON MIKHAIL,34.7
2026-10-03,ASTON NATIONAL,29.6
2026-10-03,ASTON RAYNER,32.5
2026-10-03,AUSSIE MIRAGE,32.1
2026-10-03,AUSSIE SUPREME,33.5
2026-10-03,AUTUMN BLONDE,25.2
2026-10-03,AWESOME BANDIT,30.7
2026-10-03,AZZURRO,31.4
2026-10-03,BANDIT SWAGGER,35.8
2026-10-03,BARKING BLUE,33.4
2026-10-03,BASH BOY GIBLET,37.3
2026-10-03,BE A SECRET,33.7
2026-10-03,BE A SHADOW,26.9
2026-10-03,BE LIVELY,25.0
2026-10-03,BENARCA ROSE,28.5
2026-10-03,BEND YOUR EAR,34.4
2026-10-03,BENGAL BULLET,37.5
2026-10-03,BENITO,34.6
2026-10-03,BERNARDO BLITZ,34.8
2026-10-03,BICEP,32.2
2026-10-03,BIG MAKO,37.7
2026-10-03,BLACK TYCOON,33.8
2026-10-03,BLACKBERRY JUICE,30.2
2026-10-03,BLAME SPENCER,33.2
2026-10-03,BLOWING TRUMPETS,35.1
2026-10-03,BLUE BOY SHIRAZ,33.3
2026-10-03,BLUE STORM,32.7
2026-10-03,BOHDAN,30.6
2026-10-03,BONNIE BEAUTIFUL,25.7
2026-10-03,BORACAY BELLA,28.2
2026-10-03,BOUNDING CHIEF,36.6
2026-10-03,BREAKING CURFEW,24.1
2026-10-03,BRINDLE MOSAIC,27.0
2026-10-03,BRUREE LUCK,28.7
2026-10-03,BRUREE PAT,30.5
2026-10-03,BUSTER BOURBSKI,35.6
2026-10-03,CACO MAGIC,34.2
2026-10-03,CANDY STRIDE,27.3
2026-10-03,CATHY'S DREAM,31.3
2026-10-03,CESSNA TITAN,31.7
2026-10-03,CHEEKY MEEKI,28.5
2026-10-03,CHEVRON STROLL,28.6
2026-10-03,COIN COLLECTOR,28.4
2026-10-03,COLLINDA POPS,27.6
2026-10-03,CORNHILL BOOMER,27.5
2026-10-03,COUNT THE STARS,31.5
2026-10-03,COUSIN SAL,31.3
2026-10-03,CRACKERJACK KEV,32.5
2026-10-03,CRUZADO,37.2
2026-10-03,CUMULATE,33.7
2026-10-03,DADDY COOL,35.1
2026-10-03,DARNUM BEAR,35.4
2026-10-03,DARRA MIGHT,34.5
2026-10-03,DASH PARR,31.4
2026-10-03,DEADLY FORCE,27.1
2026-10-03,DEFINE SHINE,30.4
2026-10-03,DEMONIC SPIRIT,34.1
2026-10-03,DESPICABLE ANDY,34.2
2026-10-03,DESTROYER'S BOAT,27.6
2026-10-03,DEVON DAISIES,27.4
2026-10-03,DID SHE,27.1
2026-10-03,DIM SIM OLLIE,38.1
2026-10-03,DIVOT,30.2
2026-10-03,DOONGALLA AL,34.4
2026-10-03,DOONGALLA GIGI,26.2
2026-10-03,DOONGALLA PARODY,26.4
2026-10-03,DOONGALLA ROCKET,31.8
2026-10-03,DOONGALLA SHANE,31.0
2026-10-03,DREAM LUCKY,30.4
2026-10-03,DUNDEE REX,32.5
2026-10-03,DUNDEE SKYE,28.4
2026-10-03,EDINBURGH BALE,30.2
2026-10-03,ELECTROJET,32.6
2026-10-03,ELITE ONE,33.5
2026-10-03,ELMA'S GIRL,26.3
2026-10-03,ELORA DASH,27.7
2026-10-03,ENGELKE ROAD,32.7
2026-10-03,EXCITABLE DASH,26.2
2026-10-03,EXCLUSIVELY,36.2
2026-10-03,EXQUISITE LASS,28.6
2026-10-03,EXTREME DASH,33.8
2026-10-03,FAST REPLY,38.0
2026-10-03,FEAR THE BEER,32.9
2026-10-03,FENDI EXPRESS,33.4
2026-10-03,FERREL'S LAW,32.9
2026-10-03,FIRE UP MARK,35.8
2026-10-03,FLYING NARDO,28.1
2026-10-03,FRANKY'S LASS,26.3
2026-10-03,FREE FREDA,25.7
2026-10-03,GAMORA BALE,28.1
2026-10-03,GAS AND DUST,31.7
2026-10-03,GEORGIE SUNSHINE,29.1
2026-10-03,GETTING NERVOUS,33.1
2026-10-03,GLASSES,25.9
2026-10-03,GO FLASH GO,37.7
2026-10-03,GO GO JEFF,36.7
2026-10-03,GODZILLA,35.0
2026-10-03,GOING NUCLEAR,30.5
2026-10-03,GOLD CLASS COOL,29.4
2026-10-03,GOLD DECK,32.2
2026-10-03,GOLD TAG,31.1
2026-10-03,GOLDEN MONELLI,33.1
2026-10-03,GOOD ODDS ROCKY,35.9
2026-10-03,GOOSEBUMPS RICO,32.3
2026-10-03,GORRINGE,30.5
2026-10-03,GOT MY MOJO,27.6
2026-10-03,GRAY GROUPER,34.8
2026-10-03,GRENADIER,31.5
2026-10-03,GRETA'S GOLD,28.2
2026-10-03,GREYSYND SAMMY,35.1
2026-10-03,GUACAMOLE IRISH,33.2
2026-10-03,HABITAT,26.7
2026-10-03,HADAR JAY,29.8
2026-10-03,HAPPY AND NUMB,37.3
2026-10-03,HAPPY DAD,31.4
2026-10-03,HARTLAND BONNIE,24.5
2026-10-03,HARTLAND BUDDY,32.4
2026-10-03,HARTLAND ROCKET,31.7
2026-10-03,HAVING A LOOK,26.2
2026-10-03,HAWK MAGIC,25.5
2026-10-03,HIGH FIVE INDI,29.8
2026-10-03,HIGHGATE FRANKY,35.1
2026-10-03,HIGHLAND SAL,28.4
2026-10-03,HIGHLY CONNECTED,30.3
2026-10-03,HIT THE BUTTON,31.2
2026-10-03,HOLDEN BALE,34.1
2026-10-03,HONEST BEERS,25.7
2026-10-03,HONEY STIRRER,30.2
2026-10-03,HOUSE OF SINS,35.8
2026-10-03,HURRICANE,33.1
2026-10-03,I'M FABULOUS,26.9
2026-10-03,IDYLLIC JAMES,31.9
2026-10-03,IMPETUOUSLY,28.8
2026-10-03,IMPOSTER,33.6
2026-10-03,IMPRINT,35.3
2026-10-03,IN A BIT,29.2
2026-10-03,IN BLOOM,30.2
2026-10-03,INDY GRANT,27.6
2026-10-03,IT'S BUBBLE TIME,30.0
2026-10-03,IT'S OKAY,30.5
2026-10-03,IVORY INZAI,31.3
2026-10-03,IVORY MIHARA,26.9
2026-10-03,JAZZ BAND,26.9
2026-10-03,JET SPRINT,37.6
2026-10-03,JUST QUICKLY,28.2
2026-10-03,JUSTIFY THIS,32.4
2026-10-03,KADE'S THUNDER,32.2
2026-10-03,KAIA GOT SQUARE,28.7
2026-10-03,KID BLUE,28.4
2026-10-03,KING PLUM,31.6
2026-10-03,KIWI EDDIE,39.0
2026-10-03,KRAKEN GINGER,37.5
2026-10-03,KRAKEN RIPPER,31.4
2026-10-03,LADY GUNAI,27.8
2026-10-03,LAKERS LEGEND,25.4
2026-10-03,LAKEVIEW IAN,35.6
2026-10-03,LAKEVIEW LEIGH,29.3
2026-10-03,LAKEVIEW PEAR,31.2
2026-10-03,LAKEVIEW SKY,28.3
2026-10-03,LANKY LARRY,33.6
2026-10-03,LAVERS GINNY,27.1
2026-10-03,LEKTRA SKIP,26.5
2026-10-03,LET'S WIN BINGO,26.0
2026-10-03,LIL COCKATOO,25.9
2026-10-03,LITTLE BONT,30.3
2026-10-03,LOCHINVAR THOR,34.6
2026-10-03,LUCKY SPIN,32.9
2026-10-03,MAD MAX,27.4
2026-10-03,MADE EASY,31.7
2026-10-03,MAGIC LOKI,34.1
2026-10-03,MARGE RUSLIE,25.3
2026-10-03,MATT LOCH,36.5
2026-10-03,MEANINGFUL,26.3
2026-10-03,MEPUNGA EXPRESS,31.6
2026-10-03,MEPUNGA LILLY,30.9
2026-10-03,MEPUNGA SHADOW,33.0
2026-10-03,MEPUNGA WILLOW,26.1
2026-10-03,MICHELIN GIBLET,31.8
2026-10-03,MIDNIGHT THUNDER,31.6
2026-10-03,MIRROR JAMS,36.7
2026-10-03,MISS GALORE,27.5
2026-10-03,MISS MY BROTHER,28.1
2026-10-03,MISSY RUSLIE,26.3
2026-10-03,MOOKAITE,32.7
2026-10-03,MR. BLUEY LEE,31.8
2026-10-03,MR. CHIVES,32.5
2026-10-03,MR. JONES,32.7
2026-10-03,MRS. TIGGYWINKLE,27.6
2026-10-03,MY LITTLE FLOSS,23.1
2026-10-03,NANDO BLAST,30.5
2026-10-03,NEBULA BALE,29.9
2026-10-03,NEIL THE SEAL,33.5
2026-10-03,NEO DEVERE,31.9
2026-10-03,NIGHTMARE GAVIN,32.4
2026-10-03,NO STOP SIGNS,34.7
2026-10-03,OKLAHOMA BALE,32.6
2026-10-03,ONCIDIUM,32.1
2026-10-03,ONE FEATHER,26.9
2026-10-03,OPALINA,27.5
2026-10-03,OPAWA ELVIS,31.1
2026-10-03,OPAWA POSTMAN,31.3
2026-10-03,ORIENTAL ELECTRA,28.2
2026-10-03,OUR PATCH,31.6
2026-10-03,OUT OF WHISKEY,28.3
2026-10-03,OUTSIDES,31.7
2026-10-03,OZA DOECHII,25.3
2026-10-03,OZA ONE,29.8
2026-10-03,PAR EXCELLENCE,34.1
2026-10-03,PARIS MODEL,27.4
2026-10-03,PASS THE PEPPA,29.1
2026-10-03,PATH TO NIRVANA,33.3
2026-10-03,PAW AMALFI,28.0
2026-10-03,PAW BALLISTA,33.9
2026-10-03,PAW CORNELIUS,31.7
2026-10-03,PAW EDEN,28.4
2026-10-03,PAW FABIAN,31.7
2026-10-03,PAW GREGSON,35.8
2026-10-03,PAW HARRIS,34.1
2026-10-03,PAW JANNY,25.2
2026-10-03,PAW JASTA,31.5
2026-10-03,PAW JAXSON,31.6
2026-10-03,PAW JESSABELLE,26.3
2026-10-03,PAW KRISTELLE,28.2
2026-10-03,PAW LONNIE,33.9
2026-10-03,PAW MAUD,27.3
2026-10-03,PAW NASCENT,26.7
2026-10-03,PAW NEBRASKA,25.1
2026-10-03,PAW NIALL,33.2
2026-10-03,PAW OLENA,27.2
2026-10-03,PAW OLYMPUS,32.7
2026-10-03,PAW ORTIZ,31.4
2026-10-03,PAW PALMER,33.8
2026-10-03,PAW QATAR,31.5
2026-10-03,PAW QUEBEC,35.7
2026-10-03,PAW QUINBY,31.5
2026-10-03,PAW QUIVER,35.4
2026-10-03,PAW QUIZ,25.9
2026-10-03,PAW REX,32.0
2026-10-03,PAW TIFFY,27.2
2026-10-03,PAW UCARTY,30.6
2026-10-03,PAW VARNA,30.9
2026-10-03,PAW XEROX,30.9
2026-10-03,PAW XYLA,24.4
2026-10-03,PAW YARIS,26.8
2026-10-03,PAW ZANY,25.3
2026-10-03,PAW ZEVON,32.7
2026-10-03,PAW ZOHAN,30.1
2026-10-03,PEAKY COLLINDA,32.9
2026-10-03,PERFECT PICTURE,28.2
2026-10-03,PREPARATION,25.1
2026-10-03,PRINCE VALHALLA,31.4
2026-10-03,QUINLEE BALE,28.5
2026-10-03,RACEY STACEY,25.8
2026-10-03,RADIATE,31.0
2026-10-03,RAPIDFIRE LAYLA,28.5
2026-10-03,RAVEN FORCE,28.2
2026-10-03,RAVEN'S CALL,26.4
2026-10-03,REGAL SPENCER,32.8
2026-10-03,REIKO ZOOM,29.7
2026-10-03,REMI RIOT,24.6
2026-10-03,REUBEN HILL,38.1
2026-10-03,REV IAN,34.4
2026-10-03,RINGSTED,34.0
2026-10-03,ROCK ETERNAL,33.0
2026-10-03,ROCKY RAY,31.3
2026-10-03,ROCKY SUPERSTAR,32.2
2026-10-03,ROLLING EXPRESS,31.0
2026-10-03,RUBY'S SHOW,28.5
2026-10-03,RUN BARRA RUN,26.4
2026-10-03,SACRUM,26.4
2026-10-03,SAFELY,25.6
2026-10-03,SAFFRON MONSOON,26.5
2026-10-03,SAILAWAY GIN,28.5
2026-10-03,SAINT BERNARDO,33.8
2026-10-03,SAINT FISHY,33.1
2026-10-03,SCOTT SIGMA,28.2
2026-10-03,SCROLL UP,32.0
2026-10-03,SHADE OF PALE,36.3
2026-10-03,SHE'S SALTY,29.0
2026-10-03,SHREK'S BROTHER,33.4
2026-10-03,SILKEN KENNEDY,29.4
2026-10-03,SIMPLY FRIENDS,29.4
2026-10-03,SIR SILVERTREE,30.0
2026-10-03,SKY EAGLE,32.0
2026-10-03,SLICK ABILITY,27.7
2026-10-03,SLICK TOMMY,34.1
2026-10-03,SMALLER ACTS,39.4
2026-10-03,SNOW ROAD,31.0
2026-10-03,SOCIALISM,25.7
2026-10-03,SODA TURKEY,26.9
2026-10-03,SOLID GROOVE,32.4
2026-10-03,SOMERTON WILLOW,27.6
2026-10-03,SOULS OF HEAVEN,25.0
2026-10-03,SPARRING,34.0
2026-10-03,SPECIAL TEAMS,26.4
2026-10-03,SPEEDY JUDE,28.2
2026-10-03,STAR NOTE,31.4
2026-10-03,STARLET BALE,27.8
2026-10-03,STARTING OUT,33.3
2026-10-03,STEAL THE STAGE,34.1
2026-10-03,STILL BELIEVE,29.4
2026-10-03,STOJANOVIC,30.2
2026-10-03,SUAVE,30.4
2026-10-03,SUMMER HAIL,28.5
2026-10-03,SUNTORY LILAC,26.5
2026-10-03,SUPER BATMAN,33.6
2026-10-03,SURE PRIZE,28.5
2026-10-03,SURGE,31.9
2026-10-03,SWEET MILLIE,25.3
2026-10-03,TALLANGATTA,32.9
2026-10-03,THERMAL FLAME,27.1
2026-10-03,TIME PERPETUATED,27.2
2026-10-03,TRENTON'S EMPIRE,30.9
2026-10-03,TRISSA BALE,28.8
2026-10-03,TURBO JAKE,35.2
2026-10-03,TURBO TILLY,28.3
2026-10-03,ULENTA BALE,27.2
2026-10-03,ULTIMO,36.7
2026-10-03,UNCERTAIN,25.9
2026-10-03,UNIQUE STAR,31.5
2026-10-03,UNIVERSE,33.1
2026-10-03,URANA PARALLAX,38.1
2026-10-03,URANA PUZZLED,26.8
2026-10-03,URANA STORM,26.4
2026-10-03,VALLETTA MOON,29.3
2026-10-03,VICTORY BARRY,36.0
2026-10-03,WAH CEDAR,31.1
2026-10-03,WANBI,32.2
2026-10-03,WEAPONRY,27.8
2026-10-03,WEBLEC RACHAEL,27.7
2026-10-03,WEBLEC REMMY,33.2
2026-10-03,WHERE'S HUNTLY,30.5
2026-10-03,WHERE'S NASSIF,28.0
2026-10-03,WHISKY POINT,28.6
2026-10-03,WILBERT,30.2
2026-10-03,WILD VENUS,32.4
2026-10-03,WINE LOVER,32.0
2026-10-03,WONDERFUL WORK,31.4
2026-10-03,WORD GETS AROUND,35.2
2026-10-03,WYONG HOUSTON,26.6
2026-10-03,YEAH YOU,34.3
2026-10-03,ZAMBADA ICON,33.2
2026-10-03,ZANE'S TRAIN,32.2
2026-10-03,ZAWADI,28.5
2026-10-03,ZIPPING ABLETT,33.6
2026-10-03,ZIPPING GLINDA,27.7
2026-10-03,ZIPPING MEHARY,31.3
2026-10-03,ZIPPING RAELENE,29.3
2026-10-03,ZIPPING SAUVAGE,28.2
2026-10-03,ZIPPING SIGRID,28.0
2026-10-03,ZIPPING SWEENY,35.5
2026-10-03,ZIPPING TESFAY,29.9
2026-10-04,AKELA YOUNG,31.6
2026-10-04,AKINA RUPEE,34.9
2026-10-04,AMRON MICK,32.2
2026-10-04,AMRON SAMMY,33.4
2026-10-04,APRIL FOOL,31.8
2026-10-04,ARCANA,29.6
2026-10-04,ASCEND IGLOO,34.6
2026-10-04,ASTON AQUITAINE,28.4
2026-10-04,ASTON MACHINE,33.5
2026-10-04,ASTON OSTUNI,28.3
2026-10-04,AUSTRAL WARRIORS,33.3
2026-10-04,AWESOME BANDIT,30.7
2026-10-04,BALLISTIC BRAX,32.5
2026-10-04,BANDIT SWAGGER,35.8
2026-10-04,BANJO ONE STRING,33.0
2026-10-04,BIG COOL,34.9
2026-10-04,BILLY BOY REUBEN,34.9
2026-10-04,BILLY RAY MIKADO,33.2
2026-10-04,BISCUIT BOUND,27.8
2026-10-04,BLUE POOLS,36.2
2026-10-04,BORACAY BELLA,28.2
2026-10-04,BORROLOOLA BOY,35.2
2026-10-04,BROTHER BILO,31.6
2026-10-04,BULA,32.1
2026-10-04,CACO MAGIC,34.2
2026-10-04,CANYA IGNITE,36.7
2026-10-04,CHARLIE'S ROSE,28.2
2026-10-04,CHEETAH MOON,24.0
2026-10-04,COMMANCHE JACK,31.3
2026-10-04,COUNT THE STARS,31.5
2026-10-04,COUSIN SAL,31.3
2026-10-04,CRACKERJACK KEV,32.5
2026-10-04,CRUZADO,37.2
2026-10-04,DAINTREE DAMAGE,34.7
2026-10-04,DAINTREE DAZZLER,37.1
2026-10-04,DAINTREE GAV,34.9
2026-10-04,DAINTREE RON,30.1
2026-10-04,DAINTREE SPIRIT,29.4
2026-10-04,DASH INTENTION,25.3
2026-10-04,DASH PARR,31.4
2026-10-04,DEADLY TALENT,27.3
2026-10-04,DEVIL STORM,29.7
2026-10-04,DINOSAUR DEANO,31.4
2026-10-04,DOONGALLA PARODY,26.4
2026-10-04,DR. BEYOND,32.9
2026-10-04,DR. BROCCA,33.4
2026-10-04,DR. CALISTA,28.0
2026-10-04,DR. CLARA,26.2
2026-10-04,DR. DANIELA,25.2
2026-10-04,DR. FREDDY,32.9
2026-10-04,DR. GIANNA,25.4
2026-10-04,DR. GRAPHITE,32.5
2026-10-04,DR. LEVIATE,28.4
2026-10-04,DR. MAUREEN,25.1
2026-10-04,DR. ODIN,32.1
2026-10-04,DR. POSEIDON,30.9
2026-10-04,DR. STEFAN,32.8
2026-10-04,DR. TESSA,25.4
2026-10-04,DR. TRACIE,25.8
2026-10-04,DR. VIENNA,25.6
2026-10-04,DR. WILDMAN,33.6
2026-10-04,DR. YORDAN,34.5
2026-10-04,DR. YORK,31.9
2026-10-04,DRAX BALE,35.2
2026-10-04,DUSTY DANAE,28.3
2026-10-04,EAGLE BREAD,29.1
2026-10-04,EDINBURGH BALE,30.2
2026-10-04,EGO BALE,29.1
2026-10-04,ELIJAH ROSE,33.9
2026-10-04,ELITE ONE,33.5
2026-10-04,ELLIS UNIT ONE,32.9
2026-10-04,ELORA DASH,27.7
2026-10-04,ERASE AND REWIND,30.1
2026-10-04,ESSENDON FLYER,26.9
2026-10-04,EVIL EYE,35.3
2026-10-04,FAST REPLY,38.0
2026-10-04,FLAMING FOX,30.7
2026-10-04,FLASH OF GENIUS,33.0
2026-10-04,GAMORA BALE,28.1
2026-10-04,GAS AND DUST,31.7
2026-10-04,GLASSES,25.9
2026-10-04,GLOBAL IMAGE,28.0
2026-10-04,GLOWING,29.4
2026-10-04,GODZILLA,35.0
2026-10-04,GOLD CLASS COOL,29.4
2026-10-04,GORRINGE,30.5
2026-10-04,GOT A STAGE,33.5
2026-10-04,GRAB A DONUT,32.6
2026-10-04,GROOT BALE,35.0
2026-10-04,GUARDIAN,31.8
2026-10-04,HAMMER ROSE,31.7
2026-10-04,HAPPY DAD,31.4
2026-10-04,HARD COMPASS,33.2
2026-10-04,HE'S TALKING,35.2
2026-10-04,HEAD HUNTER,32.4
2026-10-04,HERE COMES BILLY,32.8
2026-10-04,HI BIG BEN,32.1
2026-10-04,HIGH FIVE INDI,29.8
2026-10-04,HIGHLY CONNECTED,30.3
2026-10-04,HOLDEN BALE,34.1
2026-10-04,HOLLY ROSE,27.8
2026-10-04,HOLLYWOOD FRANKY,32.4
2026-10-04,HOMEBUSH AUTUMN,25.0
2026-10-04,HOMEBUSH FERN,24.7
2026-10-04,HONEST BEERS,25.7
2026-10-04,HONEY STIRRER,30.2
2026-10-04,IMAGINATION,38.2
2026-10-04,IMPACTING,32.5
2026-10-04,IN ACTION,30.6
2026-10-04,IN BLOOM,30.2
2026-10-04,IRINKA ASHLEY,30.8
2026-10-04,IT AND BIT,32.3
2026-10-04,IT'S OKAY,30.5
2026-10-04,IVORY INZAI,31.3
2026-10-04,IVORY MIHARA,26.9
2026-10-04,JADED SMILE,27.7
2026-10-04,JUMBUK SHENZHEN,24.3
2026-10-04,JUMBUK SUGAR BUG,24.9
2026-10-04,JUMBUK WANG WANG,29.6
2026-10-04,KAIRANGA STORM,32.0
2026-10-04,KIWI GEORGE,35.1
2026-10-04,LAKEVIEW CHASER,31.6
2026-10-04,LAKEVIEW CINDY,32.7
2026-10-04,LAKEVIEW IAN,35.6
2026-10-04,LAKEVIEW LEIGH,29.3
2026-10-04,LAKEVIEW LIAM,35.8
2026-10-04,LAKEVIEW PEAR,31.2
2026-10-04,LAKEVIEW SKY,28.3
2026-10-04,LAKEVIEW TRACKER,33.7
2026-10-04,LAKEVIEW TURBO,34.2
2026-10-04,LEKTRA SKIP,26.5
2026-10-04,LISA ROSE,25.8
2026-10-04,LITTLE BONT,30.3
2026-10-04,LOUIE LOUIE,33.4
2026-10-04,LOW BLOCK,39.4
2026-10-04,LUMBAR,26.3
2026-10-04,MADE BLUE,33.6
2026-10-04,MADE EASY,31.7
2026-10-04,MAGIC LOKI,34.1
2026-10-04,MAGIC WESTERN,35.0
2026-10-04,MAJOR ILLUSION,34.6
2026-10-04,MANCHESTER TREV,32.8
2026-10-04,MATILDA ROSE,27.7
2026-10-04,MAX EFFORT,34.0
2026-10-04,MAX PEARL,30.6
2026-10-04,MAXIMUM RUBY,25.8
2026-10-04,MAXIMUM SUNNY,28.8
2026-10-04,MAXIMUM SUNSET,28.4
2026-10-04,MEANINGFUL,26.3
2026-10-04,MEPUNGA WILLOW,26.1
2026-10-04,MEXICAN JACK,31.9
2026-10-04,MI AMIGO DIABLO,33.5
2026-10-04,MIGHTY MIKADO,34.3
2026-10-04,MILLY LILY,27.6
2026-10-04,MINTER BOOST,26.8
2026-10-04,MINTER DELICIOUS,24.7
2026-10-04,MINTER RIOT,28.9
2026-10-04,MISS ROGUE,27.5
2026-10-04,MORAINE PIPER,29.2
2026-10-04,MR. BLUEY LEE,31.8
2026-10-04,MUMMA EASY,24.9
2026-10-04,MY CHARM,28.4
2026-10-04,NEIL THE SEAL,33.5
2026-10-04,NESHIA,27.3
2026-10-04,NIGHT AND DAY,28.0
2026-10-04,NO EXIT,37.3
2026-10-04,NO STOP SIGNS,34.7
2026-10-04,NOT FORGIVEN,28.4
2026-10-04,ONE KNEE NONI,31.5
2026-10-04,OPAWA POSTMAN,31.3
2026-10-04,ORANGE TWIST,31.9
2026-10-04,OUTSIDES,31.7
2026-10-04,PAR EXCELLENCE,34.1
2026-10-04,PARUMBA JAZZMAN,35.6
2026-10-04,PAW AMALFI,28.0
2026-10-04,PAW GREGSON,35.8
2026-10-04,PAW HARRIS,34.1
2026-10-04,PAW NIALL,33.2
2026-10-04,PAW NORBERT,36.2
2026-10-04,PAW QUEBEC,35.7
2026-10-04,PAW QUIVER,35.4
2026-10-04,PAW RIVAL,31.7
2026-10-04,PAW VARNA,30.9
2026-10-04,PAW VINE,27.6
2026-10-04,PAW XEROX,30.9
2026-10-04,PAW YARIS,26.8
2026-10-04,PERFECT SYMPHONY,29.6
2026-10-04,PERIODICAL,32.1
2026-10-04,POTENT CREW,26.5
2026-10-04,PRINCE VALHALLA,31.4
2026-10-04,QUINLEE BALE,28.5
2026-10-04,RAGING FURY,34.2
2026-10-04,RATTLIN' BONES,31.7
2026-10-04,RAVEN'S CALL,26.4
2026-10-04,REGAL SPENCER,32.8
2026-10-04,REIKO ZOOM,29.7
2026-10-04,REUBEN HILL,38.1
2026-10-04,REV IAN,34.4
2026-10-04,RIVER KING,34.4
2026-10-04,ROCKY ROSE,34.3
2026-10-04,ROCKY SUPERSTAR,32.2
2026-10-04,ROWDY BOY,31.1
2026-10-04,RUMOUR I'M BROKE,35.2
2026-10-04,SAFFRON MONSOON,26.5
2026-10-04,SAINT BERNARDO,33.8
2026-10-04,SALT SPECKLE,29.5
2026-10-04,SANTANA BOY,34.7
2026-10-04,SCOTT CHARISMA,28.1
2026-10-04,SCOTT ELYSIAN,28.1
2026-10-04,SCOTT GNARLY,28.3
2026-10-04,SCOTT GREYSCALE,31.2
2026-10-04,SCOTT LYLAH,27.1
2026-10-04,SCOTT SALISH,28.3
2026-10-04,SCOTT SIGMA,28.2
2026-10-04,SHAGGY BILLIE,25.2
2026-10-04,SHAGGY PRINCESS,28.3
2026-10-04,SHIMA LITE,31.1
2026-10-04,SILKEN KENNEDY,29.4
2026-10-04,SIN CITY NIGHTS,37.2
2026-10-04,SOLAR SPECTRUM,33.5
2026-10-04,SPECIAL SIAN,30.8
2026-10-04,SPRING MILES,31.0
2026-10-04,SPRINGER'S BOY,33.0
2026-10-04,STARLET BALE,27.8
2026-10-04,STARTS MONDAY,35.5
2026-10-04,STEAL THE STAGE,34.1
2026-10-04,STORM BREWING,26.2
2026-10-04,SUMMER KOBIE,33.6
2026-10-04,TAKE HIS CASH,30.6
2026-10-04,TALLANGATTA,32.9
2026-10-04,TARGET RANGE,25.1
2026-10-04,THAI BUTTERFLY,30.7
2026-10-04,THORKILDSEN,30.1
2026-10-04,TICKET CONFETTI,34.4
2026-10-04,TIME PERPETUATED,27.2
2026-10-04,TREBLE BEERS,33.1
2026-10-04,TWILIGHT AXLE,31.0
2026-10-04,TWISTED FANTASY,33.1
2026-10-04,ULENTA BALE,27.2
2026-10-04,UNIQUE STAR,31.5
2026-10-04,UNIVERSE,33.1
2026-10-04,URANA PARALLAX,38.1
2026-10-04,URANA STORM,26.4
2026-10-04,VICTORY BARRY,36.0
2026-10-04,WAH CEDAR,31.1
2026-10-04,WALTER WALRUS,37.3
2026-10-04,WANBI,32.2
2026-10-04,WANT SOME,30.6
2026-10-04,WAX OFF,34.1
2026-10-04,WEBLEC RACHAEL,27.7
2026-10-04,WEBLEC REMMY,33.2
2026-10-04,WESTERN'S NASIAH,32.9
2026-10-04,WILLOW STAR,28.2
2026-10-04,WINKING WILLIE,35.2
2026-10-04,WINKLE ROSE,31.7
2026-10-04,WOODSIDE WOMBAT,26.2
2026-10-04,WYONG HOUSTON,26.6
2026-10-04,YORKSHIRE GIRL,28.2
2026-10-04,ZINZAN CHARLIE,32.6
2026-10-04,ZIPPI MUSTANG,25.8
2026-10-04,ZIPPING ANDORA,28.7
2026-10-04,ZIPPING KORDA,26.9
2026-10-04,ZIPPING LILO,28.6
2026-10-04,ZIPPING MEHARY,31.3
2026-10-04,ZIPPING NUTTALL,25.7
2026-10-04,ZIPPING SIGRID,28.0
2026-10-04,ZIPPING SINGH,34.7
2026-10-04,ZIPPING TESFAY,29.9
2026-10-05,AKELA YOUNG,31.6
2026-10-05,AKINA RUPEE,34.9
2026-10-05,ALFIE TANGO,37.4
2026-10-05,ALL STRUTTED UP,31.8
2026-10-05,AMRON MICK,32.2
2026-10-05,AMRON SAMMY,33.4
2026-10-05,ANGRY CHIEF,32.9
2026-10-05,APRIL FOOL,31.8
2026-10-05,ARCANA,29.6
2026-10-05,ARIZONA ICON,30.0
2026-10-05,ASCEND HIBISCUS,33.1
2026-10-05,ASCEND IGLOO,34.6
2026-10-05,ASTON AQUITAINE,28.4
2026-10-05,ASTON CLEESE,32.7
2026-10-05,ASTON EXCESS,35.4
2026-10-05,ASTON FLAMENCO,29.0
2026-10-05,ASTON FONTAINE,34.6
2026-10-05,ASTON FRANCESCA,28.1
2026-10-05,ASTON HAMILTON,29.1
2026-10-05,ASTON OSTUNI,28.3
2026-10-05,ASTON TWAIN,34.4
2026-10-05,ATTICA BLUE,29.6
2026-10-05,ATTICUS,28.2
2026-10-05,AUSSIE FERNANDO,33.6
2026-10-05,AUSSIE SAVANNAH,27.3
2026-10-05,AUSTRAL WARRIORS,33.3
2026-10-05,AUTUMN GOLD,25.5
2026-10-05,AUTUMN ROSE,26.4
2026-10-05,AXEL'S RADAR,31.1
2026-10-05,BALLISTIC BRAX,32.5
2026-10-05,BAMBI'S PRIDE,28.4
2026-10-05,BANDIT ABE,33.8
2026-10-05,BANJO ONE STRING,33.0
2026-10-05,BARKING BLUE,32.9
2026-10-05,BERSERKER VIKING,32.8
2026-10-05,BIG COOL,34.9
2026-10-05,BIG TIME GUNNAR,35.5
2026-10-05,BIG WATCH,29.3
2026-10-05,BILLY BOY REUBEN,34.9
2026-10-05,BILLY RAY MIKADO,33.2
2026-10-05,BISCUIT BOUND,27.8
2026-10-05,BLACK CHAKRA,34.4
2026-10-05,BLACK RAIDER,30.5
2026-10-05,BLAZING BLUE ICE,28.5
2026-10-05,BLUE POOLS,36.2
2026-10-05,BOLD THRUSTER,35.7
2026-10-05,BONE SHAKER,32.0
2026-10-05,BORROLOOLA BOY,35.2
2026-10-05,BREE CABANG,29.5
2026-10-05,BROTHER BILO,31.6
2026-10-05,BULA,32.1
2026-10-05,CALABRESE,31.5
2026-10-05,CALL IT FATE,26.7
2026-10-05,CALLAHAN,35.8
2026-10-05,CANYA IGNITE,36.7
2026-10-05,CARNIVAL KID,33.8
2026-10-05,CASH IN VIEW,34.2
2026-10-05,CASH ME OUT,25.8
2026-10-05,CHALLENGER,34.4
2026-10-05,CHARLIE'S ROSE,28.2
2026-10-05,CHEEKY MILA,28.4
2026-10-05,CHEEKY TEMPER,26.2
2026-10-05,CHEETAH MOON,24.0
2026-10-05,CINNABAR ICON,28.3
2026-10-05,CLARETOWN DARCY,36.7
2026-10-05,CLOUD CITY,31.1
2026-10-05,COLLESSIE,31.3
2026-10-05,COME ON FOX,28.8
2026-10-05,COMMANCHE JACK,31.3
2026-10-05,CONUS,36.3
2026-10-05,CORNHILL WARRIOR,31.1
2026-10-05,COURT APPEAL,33.3
2026-10-05,CRIMINAL MINDS,32.6
2026-10-05,CUCUZZA,31.2
2026-10-05,DA SOUZA,35.0
2026-10-05,DAINTREE DAMAGE,34.7
2026-10-05,DAINTREE DAZZLER,37.1
2026-10-05,DAINTREE GAV,34.9
2026-10-05,DAINTREE RON,30.1
2026-10-05,DAINTREE SPIRIT,29.4
2026-10-05,DARRA TOPAZ,28.9
2026-10-05,DASH INTENTION,25.3
2026-10-05,DEADLY TALENT,27.3
2026-10-05,DEL AMITRI,32.0
2026-10-05,DESTINI KADALI,26.7
2026-10-05,DESTINI LORENZO,33.6
2026-10-05,DEVIL STORM,29.7
2026-10-05,DINOSAUR DEANO,31.4
2026-10-05,DISCOURAGED,29.9
2026-10-05,DOLLAR SCIENCE,31.5
2026-10-05,DOROTHY JEAN,26.4
2026-10-05,DR. BEYOND,32.9
2026-10-05,DR. BROCCA,33.4
2026-10-05,DR. CALISTA,28.0
2026-10-05,DR. CLARA,26.2
2026-10-05,DR. DANIELA,25.2
2026-10-05,DR. FREDDY,32.9
2026-10-05,DR. GIANNA,25.4
2026-10-05,DR. GRAPHITE,32.5
2026-10-05,DR. LEVIATE,28.4
2026-10-05,DR. MAUREEN,25.1
2026-10-05,DR. ODIN,32.1
2026-10-05,DR. POSEIDON,30.9
2026-10-05,DR. STEFAN,32.8
2026-10-05,DR. TESSA,25.4
2026-10-05,DR. TRACIE,25.8
2026-10-05,DR. VIENNA,25.6
2026-10-05,DR. WILDMAN,33.6
2026-10-05,DR. YORDAN,34.5
2026-10-05,DR. YORK,31.9
2026-10-05,DRAX BALE,35.2
2026-10-05,DUNACH FIREBALL,31.5
2026-10-05,DUSTY DANAE,28.3
2026-10-05,EAGLE BREAD,29.1
2026-10-05,EARLY CROW EVANS,31.1
2026-10-05,EAST WEYMSS,28.2
2026-10-05,EGO BALE,29.1
2026-10-05,ELIJAH ROSE,33.9
2026-10-05,ELLIOT NOVA,29.8
2026-10-05,ELLIS UNIT ONE,32.9
2026-10-05,ELSWYK SID,35.6
2026-10-05,ERASE AND REWIND,30.1
2026-10-05,ESSENCE,26.4
2026-10-05,ESSENDON FLYER,26.9
2026-10-05,EVIL EYE,35.3
2026-10-05,FAST KNOCKDOWN,29.7
2026-10-05,FERLIN,33.7
2026-10-05,FINESSE,26.3
2026-10-05,FLAMING FOX,30.7
2026-10-05,FLASH OF GENIUS,33.0
2026-10-05,FLYING BOO,26.1
2026-10-05,FRANKIE'S ROCKET,30.9
2026-10-05,FRED'S FURY,30.5
2026-10-05,FRIDA SCIENCE,26.0
2026-10-05,FROG MARCH,37.2
2026-10-05,FULL NOISE,33.1
2026-10-05,GALLEYWOOD,39.0
2026-10-05,GLIMMER OF HOPE,29.4
2026-10-05,GLOBAL IMAGE,28.0
2026-10-05,GLOWING,29.4
2026-10-05,GO MY SWIFTY,32.1
2026-10-05,GOLD STRIPES,32.3
2026-10-05,GOT A MESSAGE,30.2
2026-10-05,GOT A RUSTLER,35.8
2026-10-05,GOT A SCAN,30.2
2026-10-05,GOT A STAGE,33.5
2026-10-05,GOTHAM THANOS,28.4
2026-10-05,GRAB A DONUT,32.6
2026-10-05,GRAFFITI,35.3
2026-10-05,GRAPEFRUIT TITO,35.2
2026-10-05,GRAPEFRUIT YAEKO,27.3
2026-10-05,GRAPEFRUIT ZIPPY,28.5
2026-10-05,GRAVITY RUSH,31.2
2026-10-05,GROOT BALE,35.0
2026-10-05,GUARDIAN,31.8
2026-10-05,GUNAI ASH,24.1
2026-10-05,HAMMER ROSE,31.7
2026-10-05,HARD COMPASS,33.2
2026-10-05,HARROW TIME,33.6
2026-10-05,HARRY'S AVENGER,37.6
2026-10-05,HARTLAND ASH,25.0
2026-10-05,HARTLAND BONNIE,24.6
2026-10-05,HARTLAND BUDDY,32.7
2026-10-05,HARTLAND BUSTER,31.0
2026-10-05,HARTLAND ROCKET,31.8
2026-10-05,HARTLAND WILLOW,26.8
2026-10-05,HE'S TALKING,35.2
2026-10-05,HEAD HUNTER,32.4
2026-10-05,HEATHCOTE RUPEE,34.8
2026-10-05,HEAVENLY STUN ON,29.3
2026-10-05,HERE COMES BILLY,32.8
2026-10-05,HI BIG BEN,32.1
2026-10-05,HILLBILLY HUNTER,32.4
2026-10-05,HILLBILLY ROCKY,27.0
2026-10-05,HILLBILLY TIGER,28.8
2026-10-05,HOLLY BLUE GIRL,25.2
2026-10-05,HOLLY ROSE,27.8
2026-10-05,HOLLYWOOD FRANKY,32.4
2026-10-05,HOMEBUSH AUTUMN,25.0
2026-10-05,HOMEBUSH FERN,24.7
2026-10-05,HOW AWESOME,31.3
2026-10-05,IMAGINATION,38.2
2026-10-05,IMPACTING,32.5
2026-10-05,IN ACTION,30.6
2026-10-05,IN MODERATION,33.5
2026-10-05,INGA AMY,27.6
2026-10-05,INGA JOKER,30.9
2026-10-05,IRINKA ASHLEY,30.8
2026-10-05,IT AND BIT,32.3
2026-10-05,IT'S SOYSAGES,32.0
2026-10-05,JADED SMILE,27.7
2026-10-05,JUMBUK SHENZHEN,24.3
2026-10-05,JUMBUK SUGAR BUG,24.9
2026-10-05,JUMBUK WANG WANG,29.6
2026-10-05,JUST QUICKLY,28.0
2026-10-05,KAIRANGA STORM,32.0
2026-10-05,KANSAS RAIDER,34.5
2026-10-05,KATE'S RIFT,26.6
2026-10-05,KEEN ON KEV,32.7
2026-10-05,KIWI EDDIE,38.4
2026-10-05,KIWI GEORGE,35.1
2026-10-05,KRAKEN BLUEY,30.9
2026-10-05,KRAKEN RUM,31.3
2026-10-05,KRAKEN SANDY,34.7
2026-10-05,KRAKEN WESTERN,31.8
2026-10-05,LADY HALIME,28.7
2026-10-05,LAKEVIEW CHASER,31.6
2026-10-05,LAKEVIEW CINDY,32.7
2026-10-05,LAKEVIEW LIAM,35.8
2026-10-05,LAKEVIEW MITCH,37.5
2026-10-05,LAKEVIEW TRACKER,33.7
2026-10-05,LAKEVIEW TURBO,34.2
2026-10-05,LEKTRA EDGE,34.9
2026-10-05,LET'S CAUSE KAOS,29.8
2026-10-05,LET'S GO THOMAS,32.0
2026-10-05,LILAH RAINBOW,27.7
2026-10-05,LISA ROSE,25.8
2026-10-05,LITTLE ARUGULA,25.1
2026-10-05,LOCO BOOM,31.4
2026-10-05,LOUD MOUTH LOUIE,33.4
2026-10-05,LOUIE LOUIE,33.4
2026-10-05,LOW BLOCK,39.4
2026-10-05,LUMBAR,26.3
2026-10-05,MADE BLUE,33.6
2026-10-05,MAGIC BULLSEYE,31.3
2026-10-05,MAGIC WESTERN,35.0
2026-10-05,MAJOR ILLUSION,34.6
2026-10-05,MANCHESTER TREV,32.8
2026-10-05,MANDOLIN STORM,30.4
2026-10-05,MARSHAL LEE ROSE,35.2
2026-10-05,MARZELLE MAISIE,26.4
2026-10-05,MASK OF ZORRO,31.6
2026-10-05,MASTER COPY,32.9
2026-10-05,MASTER YOUR MIND,29.4
2026-10-05,MATILDA ROSE,27.7
2026-10-05,MAURITIAN LUCAS,30.8
2026-10-05,MAX EFFORT,34.0
2026-10-05,MAX PEARL,30.6
2026-10-05,MAXIMUM RUBY,25.8
2026-10-05,MAXIMUM SILVER,28.2
2026-10-05,MAXIMUM SUNNY,28.8
2026-10-05,MAXIMUM SUNSET,28.4
2026-10-05,MEXICAN JACK,31.9
2026-10-05,MI AMIGO DIABLO,33.5
2026-10-05,MIDORI ONYX,24.4
2026-10-05,MIGHTY MELBOURNE,33.6
2026-10-05,MIGHTY MIKADO,34.3
2026-10-05,MILLY LILY,27.6
2026-10-05,MINI EASY,22.4
2026-10-05,MINTER BOOST,26.8
2026-10-05,MINTER DELICIOUS,24.7
2026-10-05,MINTER RIOT,28.9
2026-10-05,MISS ROGUE,27.5
2026-10-05,MISS SPARKLES,28.2
2026-10-05,MISTER MANFREDI,37.5
2026-10-05,MOMENT,28.4
2026-10-05,MONARCH,29.6
2026-10-05,MONTANA ICON,30.9
2026-10-05,MORAINE PIPER,29.2
2026-10-05,MOYARRA ELDER,32.4
2026-10-05,MR. BOJANGLES,36.0
2026-10-05,MR. FLOOD,35.9
2026-10-05,MUMMA EASY,24.9
2026-10-05,MY CHARM,28.4
2026-10-05,MYSTIC PHARAOH,30.3
2026-10-05,NANGAR MACIE,25.2
2026-10-05,NAVY DAVIES,32.5
2026-10-05,NELLIE RUNNING,26.6
2026-10-05,NESHIA,27.3
2026-10-05,NIGHT AND DAY,28.0
2026-10-05,NIGHTMARE SWIFTY,30.8
2026-10-05,NO EXIT,37.3
2026-10-05,NOT FORGIVEN,28.4
2026-10-05,NOT SORRY,32.7
2026-10-05,OKAY ALF,35.1
2026-10-05,OKAY BOSS,32.1
2026-10-05,OLLIE REIKO,34.5
2026-10-05,ONE KNEE NONI,31.5
2026-10-05,ONE STRANGE UNIT,26.7
2026-10-05,ORANGE TWIST,31.9
2026-10-05,OTTO ROSE,34.1
2026-10-05,OUT OF ELITE,31.2
2026-10-05,PALE GREEN STAR,27.8
2026-10-05,PARIS MASH,27.2
2026-10-05,PARUMBA JAZZMAN,35.6
2026-10-05,PAW ARCHIE,31.9
2026-10-05,PAW BRODY,34.4
2026-10-05,PAW CHRISTIE,31.0
2026-10-05,PAW EDEN,28.5
2026-10-05,PAW EZRA,26.1
2026-10-05,PAW GEORGIE,30.5
2026-10-05,PAW IROHA,29.6
2026-10-05,PAW KATTIA,28.2
2026-10-05,PAW KIPLIN,32.8
2026-10-05,PAW LANDO,31.5
2026-10-05,PAW LARRY,30.7
2026-10-05,PAW LONDON,25.6
2026-10-05,PAW NEVADA,35.8
2026-10-05,PAW NORBERT,36.2
2026-10-05,PAW NORN,29.6
2026-10-05,PAW OLSON,34.6
2026-10-05,PAW OPPA,30.4
2026-10-05,PAW QUINTESSA,27.1
2026-10-05,PAW REYA,32.7
2026-10-05,PAW RIVAL,31.7
2026-10-05,PAW TIFFY,27.3
2026-10-05,PAW UNITY,23.1
2026-10-05,PAW VECNAR,31.3
2026-10-05,PAW VINE,27.6
2026-10-05,PAW WARRINGAH,30.0
2026-10-05,PAW WYLDER,32.2
2026-10-05,PENNY'S LEGACY,24.5
2026-10-05,PERFECT SYMPHONY,29.6
2026-10-05,PERFECT TONIGHT,29.3
2026-10-05,PERIODICAL,32.1
2026-10-05,PHOENIX TAN,28.9
2026-10-05,PICCOLINO,24.7
2026-10-05,POINT MAN,33.3
2026-10-05,POLLY GOLD,25.0
2026-10-05,POP'S BOY,36.0
2026-10-05,POTENT CREW,26.5
2026-10-05,POWER AFFECT,31.4
2026-10-05,PRIORITY REPORT,32.4
2026-10-05,PUMPING MAGIC,34.2
2026-10-05,QUAYNOR,32.4
2026-10-05,QUICK AUSSIE,33.0
2026-10-05,RAGING ELSA,28.3
2026-10-05,RAGING FURY,34.2
2026-10-05,RANGER RIOT,33.5
2026-10-05,RATTLER,40.0
2026-10-05,RATTLIN' BONES,31.7
2026-10-05,REBEL THINKER,29.4
2026-10-05,RED NOSE,32.1
2026-10-05,REGAL GIRL,26.0
2026-10-05,RIPPING IT UP,29.5
2026-10-05,RIVER KING,34.4
2026-10-05,ROCKY ROSE,34.3
2026-10-05,ROLLING EXPRESS,31.3
2026-10-05,ROWDY BOY,31.1
2026-10-05,RUMOUR I'M BROKE,35.2
2026-10-05,SALT SPECKLE,29.5
2026-10-05,SAND DUNES,31.5
2026-10-05,SANTANA BOY,34.7
2026-10-05,SASSY BELLE,27.8
2026-10-05,SCOTT CHARISMA,28.1
2026-10-05,SCOTT ELYSIAN,28.1
2026-10-05,SCOTT GNARLY,28.3
2026-10-05,SCOTT GREYSCALE,31.2
2026-10-05,SCOTT LYLAH,27.1
2026-10-05,SCOTT SALISH,28.3
2026-10-05,SEA BREEZY,33.3
2026-10-05,SEKIRO,32.7
2026-10-05,SHAGGY BILLIE,25.2
2026-10-05,SHAGGY PRINCESS,28.3
2026-10-05,SHIMA LITE,31.1
2026-10-05,SHIMA STRIPE,31.0
2026-10-05,SHOOTERS PROJECT,32.5
2026-10-05,SHOULD BE QUEEN,25.7
2026-10-05,SIN CITY NIGHTS,37.2
2026-10-05,SIR STARBUCK,34.0
2026-10-05,SO SAY ME,29.4
2026-10-05,SOFT BEAUTY,31.3
2026-10-05,SOLAR SPECTRUM,33.5
2026-10-05,SOLO MAN,36.9
2026-10-05,SON OF WITCHY,32.5
2026-10-05,SONIC AVENGER,34.6
2026-10-05,SPANISH STAR,32.3
2026-10-05,SPARK LIGHTNING,30.7
2026-10-05,SPECIAL PLAYERS,28.2
2026-10-05,SPECIAL SIAN,30.8
2026-10-05,SPICY SEDUCTION,28.0
2026-10-05,SPIRALLING,34.4
2026-10-05,SPRING MILES,31.0
2026-10-05,SPRINGER'S BOY,33.0
2026-10-05,SQUEEGEE'S RIDE,32.9
2026-10-05,STAR BLUEY,32.0
2026-10-05,STAR MELI,27.3
2026-10-05,STARTS MONDAY,35.5
2026-10-05,STILL TALKIN',27.1
2026-10-05,STORM,28.4
2026-10-05,STORM BREWING,26.2
2026-10-05,STREET SIXTY SIX,33.6
2026-10-05,SUMMER KOBIE,33.6
2026-10-05,SUNNY LYN,30.1
2026-10-05,SUPER SEAFARER,36.1
2026-10-05,SUPER STITCH,29.7
2026-10-05,SURF'S UP,32.3
2026-10-05,SUSTAINABLE,25.9
2026-10-05,SUTA'S DELIGHT,32.6
2026-10-05,SWEET LOVE,26.8
2026-10-05,TAKE HIS CASH,30.6
2026-10-05,TARGET RANGE,25.1
2026-10-05,TAT LEAH,31.7
2026-10-05,TEQUILA SPICE,24.2
2026-10-05,THAI BUTTERFLY,30.7
2026-10-05,THAI TIGER,33.5
2026-10-05,THORKILDSEN,30.1
2026-10-05,THREE VOTES NICK,31.3
2026-10-05,THUNDERING THEO,33.0
2026-10-05,TICKET CONFETTI,34.4
2026-10-05,TINKER RAYS,31.8
2026-10-05,TORNADO TESSA,27.5
2026-10-05,TRACKING ME,30.8
2026-10-05,TRACKING YOU,32.7
2026-10-05,TREBLE BEERS,33.1
2026-10-05,TRIBECA,37.1
2026-10-05,TRICK,32.4
2026-10-05,TRUE RAGE,30.7
2026-10-05,TRUTH IN FOCUS,33.2
2026-10-05,TURBO STRIKE,26.6
2026-10-05,TWILIGHT AXLE,31.0
2026-10-05,TWISTED FANTASY,33.1
2026-10-05,UNLEASHING,34.8
2026-10-05,VERA JAKIT,29.2
2026-10-05,VESTA BALE,27.6
2026-10-05,VINNY DEWALT,30.4
2026-10-05,WALTER WALRUS,37.3
2026-10-05,WANT SOME,30.6
2026-10-05,WARREN'S LEDGER,37.3
2026-10-05,WAX OFF,34.1
2026-10-05,WEST END BOY,34.3
2026-10-05,WESTERN'S NASIAH,32.9
2026-10-05,WHIRLWIND NISEKO,32.5
2026-10-05,WHITE SHIRAZ,25.8
2026-10-05,WHY MUMMY,30.7
2026-10-05,WILE COYOTE,27.8
2026-10-05,WILLOW STAR,28.2
2026-10-05,WINKING WILLIE,35.2
2026-10-05,WINKLE ROSE,31.7
2026-10-05,WINNING RATIO,36.5
2026-10-05,WOODSIDE WOMBAT,26.2
2026-10-05,WYONG JAMESON,27.3
2026-10-05,XARA NAVY,33.8
2026-10-05,XARA OCTAVE,30.9
2026-10-05,XARA'S JAI,38.9
2026-10-05,YELLOW OCHRE,25.4
2026-10-05,YORKSHIRE GIRL,28.2
2026-10-05,YUKON,34.0
2026-10-05,ZELDA BRAGA,31.2
2026-10-05,ZENYATTA,28.3
2026-10-05,ZINZAN CHARLIE,32.6
2026-10-05,ZIPPI MUSTANG,25.8
2026-10-05,ZIPPING ANDORA,28.7
2026-10-05,ZIPPING KORDA,26.9
2026-10-05,ZIPPING LILO,28.6
2026-10-05,ZIPPING MAUDIE,28.4
2026-10-05,ZIPPING NUTTALL,25.7
2026-10-05,ZIPPING POPYRIN,33.7
2026-10-05,ZIPPING SINGH,34.7
2026-10-06,ABDULLA ZULU,38.8
2026-10-06,ADA'S HAND,25.5
2026-10-06,AIR SPEED,34.1
2026-10-06,ALFIE TANGO,37.4
2026-10-06,ALL STRUTTED UP,31.8
2026-10-06,ANGRY CHIEF,32.9
2026-10-06,ANNIE'S OKAY,28.9
2026-10-06,ANNIE'S REGRET,26.5
2026-10-06,ARIZONA ICON,30.0
2026-10-06,ASCEND HIBISCUS,33.1
2026-10-06,ASTON CHANT,24.5
2026-10-06,ASTON CLEESE,32.7
2026-10-06,ASTON EXCESS,35.4
2026-10-06,ASTON EXCLUSIVE,31.8
2026-10-06,ASTON FLAMENCO,29.0
2026-10-06,ASTON FONTAINE,34.6
2026-10-06,ASTON FRANCESCA,28.1
2026-10-06,ASTON GIOVANNI,30.0
2026-10-06,ASTON GRANDEUR,30.1
2026-10-06,ASTON HAMILTON,29.1
2026-10-06,ASTON PASTIZZI,27.5
2026-10-06,ASTON PATTEN,35.1
2026-10-06,ASTON PLUTO,26.6
2026-10-06,ASTON SUNSHINE,27.0
2026-10-06,ASTON TWAIN,34.4
2026-10-06,ATTICA BLUE,29.6
2026-10-06,ATTICUS,28.2
2026-10-06,AUSSIE FERNANDO,33.6
2026-10-06,AUSSIE SAVANNAH,27.3
2026-10-06,AUTUMN GOLD,25.5
2026-10-06,AUTUMN ROSE,26.4
2026-10-06,AXEL'S RADAR,31.1
2026-10-06,BAMBI'S PRIDE,28.4
2026-10-06,BANDIT ABE,33.8
2026-10-06,BARKING BLUE,32.9
2026-10-06,BAROOGA KING,33.8
2026-10-06,BE MY TIGER,26.5
2026-10-06,BEANIE THIEF,32.4
2026-10-06,BEAR HAND,31.1
2026-10-06,BENGAL BEAST,36.2
2026-10-06,BERSERKER VIKING,32.8
2026-10-06,BIG BARREL,34.1
2026-10-06,BIG TIME GUNNAR,35.5
2026-10-06,BIG WATCH,29.3
2026-10-06,BIG WHITE SKIER,30.8
2026-10-06,BLACK CHAKRA,34.4
2026-10-06,BLACK RAIDER,30.5
2026-10-06,BLAZING BLUE ICE,28.5
2026-10-06,BLUE BREBLER,25.4
2026-10-06,BOLD THRUSTER,35.7
2026-10-06,BONE SHAKER,32.0
2026-10-06,BREAKN' A SWEAT,34.6
2026-10-06,BREE CABANG,29.5
2026-10-06,BRINDLE ROAD,25.0
2026-10-06,CALABRESE,31.5
2026-10-06,CALL IT FATE,26.7
2026-10-06,CALLAHAN,35.8
2026-10-06,CARNIVAL KID,33.8
2026-10-06,CASH IN VIEW,34.2
2026-10-06,CASH ME OUT,25.8
2026-10-06,CHALLENGER,34.4
2026-10-06,CHEEKY MILA,28.4
2026-10-06,CHEEKY TEMPER,26.2
2026-10-06,CHEER CHEER,31.1
2026-10-06,CHILL OUT PLATE,30.3
2026-10-06,CINNABAR ICON,28.3
2026-10-06,CLARETOWN DARCY,36.7
2026-10-06,CLOUD CITY,31.1
2026-10-06,COLLESSIE,31.3
2026-10-06,COME ON FOX,28.8
2026-10-06,COMPARE BUBBLE,33.0
2026-10-06,COMPARE JOE,32.8
2026-10-06,CONUS,36.3
2026-10-06,CORNHILL WARRIOR,31.1
2026-10-06,COURT APPEAL,33.3
2026-10-06,CRACKED ICE,34.1
2026-10-06,CRIMINAL MINDS,32.6
2026-10-06,CROSS LOCKS,31.6
2026-10-06,CUCUZZA,31.2
2026-10-06,DA SOUZA,35.0
2026-10-06,DANCE HALL DAYS,32.3
2026-10-06,DARRA TOPAZ,28.9
2026-10-06,DAVE,30.8
2026-10-06,DEL AMITRI,32.0
2026-10-06,DESPICABLE ANDY,33.8
2026-10-06,DESTINI KADALI,26.7
2026-10-06,DESTINI LORENZO,33.6
2026-10-06,DIRTY NALA,27.1
2026-10-06,DISCOURAGED,29.9
2026-10-06,DIVOT,30.2
2026-10-06,DOLLAR SCIENCE,31.5
2026-10-06,DOONGALLA DON,33.8
2026-10-06,DOROTHY JEAN,26.4
2026-10-06,DREAM LUCKY,30.7
2026-10-06,DRINK WATER,31.9
2026-10-06,DRINKS AFTER,32.8
2026-10-06,DUNACH FIREBALL,31.5
2026-10-06,DUNACH THUNDER,28.7
2026-10-06,EARLY CROW EVANS,31.1
2026-10-06,EAST WEYMSS,28.2
2026-10-06,EAT YOUR SPINACH,34.7
2026-10-06,EDIE MONSOON,28.2
2026-10-06,ELLA INTENTION,31.5
2026-10-06,ELLIOT NOVA,29.8
2026-10-06,ELSWYK SID,35.6
2026-10-06,ESCAPING BINDI,28.0
2026-10-06,ESSENCE,26.4
2026-10-06,ETHANOL VISION,26.8
2026-10-06,EXAGGERATOR,34.8
2026-10-06,EXTREMITY,33.5
2026-10-06,EYE OF STORM,34.4
2026-10-06,FALL AND GLIMMER,35.1
2026-10-06,FAST KNOCKDOWN,29.7
2026-10-06,FAYE VALENTINE,26.2
2026-10-06,FERLIN,33.7
2026-10-06,FIELD OF ANGELS,25.6
2026-10-06,FINESSE,26.3
2026-10-06,FIRE WATER BURN,31.3
2026-10-06,FLYING BOO,26.1
2026-10-06,FRANKIE'S ROCKET,30.9
2026-10-06,FRED'S FURY,30.5
2026-10-06,FRIDA SCIENCE,26.0
2026-10-06,FROG MARCH,37.2
2026-10-06,FULL NOISE,33.1
2026-10-06,GALLEYWOOD,39.0
2026-10-06,GALLOPING RED,30.7
2026-10-06,GLIMMER OF HOPE,29.4
2026-10-06,GO HOME GIRL,27.9
2026-10-06,GO MY SWIFTY,32.1
2026-10-06,GOLD STRIPES,32.3
2026-10-06,GOT A MESSAGE,30.2
2026-10-06,GOT A RUSTLER,35.8
2026-10-06,GOT A SCAN,30.2
2026-10-06,GOTHAM THANOS,28.4
2026-10-06,GRAFFITI,35.3
2026-10-06,GRAPEFRUIT TITO,35.2
2026-10-06,GRAPEFRUIT YAEKO,27.3
2026-10-06,GRAPEFRUIT ZIPPY,28.5
2026-10-06,GRAVITY RUSH,31.2
2026-10-06,GREYSYND BONNIE,27.5
2026-10-06,GUNAI ASH,24.1
2026-10-06,HANDSOME ASPIRE,32.1
2026-10-06,HANDSOME RATIO,35.4
2026-10-06,HARROW TIME,33.6
2026-10-06,HARRY'S AVENGER,37.6
2026-10-06,HARTLAND ASH,25.0
2026-10-06,HARTLAND BONNIE,24.6
2026-10-06,HARTLAND BUDDY,32.7
2026-10-06,HARTLAND BUSTER,31.0
2026-10-06,HARTLAND ROCKET,31.8
2026-10-06,HARTLAND WILLOW,26.8
2026-10-06,HEATHCOTE RUPEE,34.8
2026-10-06,HEAVEN MADE,25.8
2026-10-06,HEAVENLY STUN ON,29.3
2026-10-06,HER TWELVE STEP,29.0
2026-10-06,HILLBILLY HUNTER,32.4
2026-10-06,HILLBILLY ROCKY,27.0
2026-10-06,HILLBILLY TIGER,28.8
2026-10-06,HOLLY BLUE GIRL,25.2
2026-10-06,HOMEBUSH MARGO,28.1
2026-10-06,HOMEBUSH TWENTY,30.7
2026-10-06,HOW AWESOME,31.3
2026-10-06,IN COMMAND,31.6
2026-10-06,IN MODERATION,33.5
2026-10-06,INGA AMY,27.6
2026-10-06,INGA JOKER,30.9
2026-10-06,INITIAL CONSULT,28.5
2026-10-06,IT JUST HAPPENS,31.1
2026-10-06,IT'S SOYSAGES,32.0
2026-10-06,JACKALOPE,32.0
2026-10-06,JUST QUICKLY,28.0
2026-10-06,JUSTIFY THIS,32.5
2026-10-06,KANSAS RAIDER,34.5
2026-10-06,KATE'S RIFT,26.6
2026-10-06,KEEN ON KEV,32.7
2026-10-06,KIWI EDDIE,38.4
2026-10-06,KRAKEN BLUEY,30.9
2026-10-06,KRAKEN RUM,31.3
2026-10-06,KRAKEN SANDY,34.7
2026-10-06,KRAKEN WESTERN,31.8
2026-10-06,LADY HALIME,28.7
2026-10-06,LADY JULIA,29.1
2026-10-06,LAKEVIEW MITCH,37.5
2026-10-06,LEKTRA AELA,24.3
2026-10-06,LEKTRA BILLS,32.5
2026-10-06,LEKTRA EDGE,34.9
2026-10-06,LEKTRA JIMMY,33.5
2026-10-06,LET'S CAUSE KAOS,29.8
2026-10-06,LET'S GO THOMAS,32.0
2026-10-06,LIAISON,27.0
2026-10-06,LILAH RAINBOW,27.7
2026-10-06,LITTLE ARUGULA,25.1
2026-10-06,LIVIN' LAVISH,31.6
2026-10-06,LOCO BOOM,31.4
2026-10-06,LOUD MOUTH LOUIE,33.4
2026-10-06,LOVE ME LUNA,29.2
2026-10-06,LOVELY LAINEY,26.8
2026-10-06,MADAM SERIOUS,30.0
2026-10-06,MAGIC BULLSEYE,31.3
2026-10-06,MANDOLIN STORM,30.4
2026-10-06,MARSHAL LEE ROSE,35.2
2026-10-06,MARZELLE MAISIE,26.4
2026-10-06,MASK OF ZORRO,31.6
2026-10-06,MASTER COPY,32.9
2026-10-06,MASTER YOUR MIND,29.4
2026-10-06,MATCHBOX CYCLONE,34.4
2026-10-06,MAURITIAN LUCAS,30.8
2026-10-06,MAXIMUM SILVER,28.2
2026-10-06,MELVIN BALE,31.9
2026-10-06,MIDORI ONYX,24.4
2026-10-06,MIGHTY MELBOURNE,33.6
2026-10-06,MIKADO MANIA,28.3
2026-10-06,MILA'S HAND,24.6
2026-10-06,MINH TEDDY,35.7
2026-10-06,MINI EASY,22.4
2026-10-06,MISS COCO,28.9
2026-10-06,MISS INDI BEAR,29.4
2026-10-06,MISS IRENE,27.5
2026-10-06,MISS SPARKLES,28.2
2026-10-06,MISTER MANFREDI,37.5
2026-10-06,MOMENT,28.4
2026-10-06,MONARCH,29.6
2026-10-06,MONEY SCIENCE,33.2
2026-10-06,MONIQUE GIBLET,31.1
2026-10-06,MONTANA ICON,30.9
2026-10-06,MORE BEER PLEASE,31.7
2026-10-06,MOYARRA ELDER,32.4
2026-10-06,MR. BOJANGLES,36.0
2026-10-06,MR. FLOOD,35.9
2026-10-06,MR. PRESIDENT,35.6
2026-10-06,MR. TEDDY BEAR,35.1
2026-10-06,MRS. TIGGYWINKLE,27.3
2026-10-06,MY AMBER,25.8
2026-10-06,MY NAME'S EDEN,32.8
2026-10-06,MY PEPPA,26.3
2026-10-06,MYSTIC PHARAOH,30.3
2026-10-06,NANGAR MACIE,25.2
2026-10-06,NAVY DAVIES,32.5
2026-10-06,NELLIE RUNNING,26.6
2026-10-06,NIGHTMARE SWIFTY,30.8
2026-10-06,NO CHARGE,26.3
2026-10-06,NOT A FAN,33.8
2026-10-06,NOT SORRY,32.7
2026-10-06,NOVA OWEN,30.6
2026-10-06,OKAY ALF,35.1
2026-10-06,OKAY BOSS,32.1
2026-10-06,OLD HABITS,33.2
2026-10-06,OLIVER KELTON,35.2
2026-10-06,OLLIE REIKO,34.5
2026-10-06,OMEGA JOSIAH,34.5
2026-10-06,ONE STRANGE UNIT,26.7
2026-10-06,ORSON FURY,30.4
2026-10-06,OTTO ROSE,34.1
2026-10-06,OUT OF ELITE,31.2
2026-10-06,OZA AUDACITY,31.6
2026-10-06,OZA BUZZ,29.4
2026-10-06,OZA REBEL,22.6
2026-10-06,PALE GREEN STAR,27.8
2026-10-06,PANTHER'S WAY,30.4
2026-10-06,PARIS MASH,27.2
2026-10-06,PARTY STARTED,29.6
2026-10-06,PAW ALLESANDRA,27.2
2026-10-06,PAW ARCHIE,31.9
2026-10-06,PAW BRODY,34.4
2026-10-06,PAW BRUTUS,32.5
2026-10-06,PAW CHEYENNE,31.2
2026-10-06,PAW CHRISTIE,31.0
2026-10-06,PAW DANGER,31.3
2026-10-06,PAW EDEN,28.5
2026-10-06,PAW ESTRELLA,28.6
2026-10-06,PAW EZRA,26.1
2026-10-06,PAW GEORGIE,30.5
2026-10-06,PAW GUSTO,32.2
2026-10-06,PAW HADES,31.6
2026-10-06,PAW HARKONNEN,30.8
2026-10-06,PAW IROHA,29.6
2026-10-06,PAW KATTIA,28.2
2026-10-06,PAW KIPLIN,32.8
2026-10-06,PAW LAMPADES,32.8
2026-10-06,PAW LANDO,31.5
2026-10-06,PAW LARRY,30.7
2026-10-06,PAW LAUI,32.6
2026-10-06,PAW LONDON,25.6
2026-10-06,PAW LOVISA,26.5
2026-10-06,PAW NEVADA,35.8
2026-10-06,PAW NIMBUS,35.7
2026-10-06,PAW NORN,29.6
2026-10-06,PAW OLSON,34.6
2026-10-06,PAW OPPA,30.4
2026-10-06,PAW QUINTESSA,27.1
2026-10-06,PAW RAMELLO,27.3
2026-10-06,PAW REVY,32.6
2026-10-06,PAW REYA,32.7
2026-10-06,PAW STELLA,28.3
2026-10-06,PAW TIFFY,27.3
2026-10-06,PAW TREACLE,26.7
2026-10-06,PAW UNITY,23.1
2026-10-06,PAW VECNAR,31.3
2026-10-06,PAW VOLTRON,30.7
2026-10-06,PAW WALDORF,32.4
2026-10-06,PAW WARRINGAH,30.0
2026-10-06,PAW WONDER,30.8
2026-10-06,PAW WYLDER,32.2
2026-10-06,PAW XHANI,26.7
2026-10-06,PAW XYLA,24.9
2026-10-06,PAW ZENITH,32.8
2026-10-06,PAW ZHANA,29.3
2026-10-06,PAY UP SALLY,29.1
2026-10-06,PEAKY AVENGER,27.0
2026-10-06,PENNY'S LEGACY,24.5
2026-10-06,PERFECT TONIGHT,29.3
2026-10-06,PHOENIX TAN,28.9
2026-10-06,PHOTOGENIC,32.6
2026-10-06,PHOTOSHOPPED,31.4
2026-10-06,PICCOLINO,24.7
2026-10-06,POINT MAN,33.3
2026-10-06,POLLY GOLD,25.0
2026-10-06,POP'S BOY,36.0
2026-10-06,POWER AFFECT,31.4
2026-10-06,POWER PLAY,31.9
2026-10-06,PRINCESS DOMI,26.5
2026-10-06,PRIORITY REPORT,32.4
2026-10-06,PROCESS DRIVEN,31.1
2026-10-06,PUMPING MAGIC,34.2
2026-10-06,PYRENEES ACE,27.8
2026-10-06,PYRENEES EXPRESS,32.8
2026-10-06,QUAYNOR,32.4
2026-10-06,QUICK AUSSIE,33.0
2026-10-06,RAGING ELSA,28.3
2026-10-06,RANGER RIOT,33.5
2026-10-06,RAPIDO NINJA,33.4
2026-10-06,RATTLER,40.0
2026-10-06,READY FOR ACTION,30.5
2026-10-06,REBEL THINKER,29.4
2026-10-06,RED NOSE,32.1
2026-10-06,REGAL GIRL,26.0
2026-10-06,RING A BLUEY,26.2
2026-10-06,RIPPING IT UP,29.5
2026-10-06,ROLLING EXPRESS,31.3
2026-10-06,ROMANI ROAD,27.0
2026-10-06,RUTHLESS SECRET,25.7
2026-10-06,SAND DUNES,31.5
2026-10-06,SASSY BELLE,27.8
2026-10-06,SCOUT ACE,28.0
2026-10-06,SEA BREEZY,33.3
2026-10-06,SEKIRO,32.7
2026-10-06,SHIMA STRIPE,31.0
2026-10-06,SHOOTERS PROJECT,32.5
2026-10-06,SHOULD BE QUEEN,25.7
2026-10-06,SILENT KNIGHT,34.0
2026-10-06,SILVER MACK,25.6
2026-10-06,SIR STARBUCK,34.0
2026-10-06,SO SAY ME,29.4
2026-10-06,SOFT BEAUTY,31.3
2026-10-06,SOLO MAN,36.9
2026-10-06,SON OF WITCHY,32.5
2026-10-06,SONIC AVENGER,34.6
2026-10-06,SPANISH STAR,23.5
2026-10-06,SPARK LIGHTNING,30.7
2026-10-06,SPECIAL PLAYERS,28.2
2026-10-06,SPICY SEDUCTION,28.0
2026-10-06,SPIRALLING,34.4
2026-10-06,SPOT THE ANGEL,26.9
2026-10-06,SPRING QUIZ,33.7
2026-10-06,SQUEEGEE'S RIDE,32.9
2026-10-06,STAR BLUEY,32.0
2026-10-06,STAR MELI,27.3
2026-10-06,STAR REBEL,32.7
2026-10-06,STARBRIGHT HUD,28.7
2026-10-06,STARLORD BALE,34.5
2026-10-06,STARSHIP ATLAS,30.9
2026-10-06,STERLING INN,35.8
2026-10-06,STILL TALKIN',27.1
2026-10-06,STOJANOVIC,30.3
2026-10-06,STORM,28.4
2026-10-06,STORM COMING,31.4
2026-10-06,STREET SIXTY SIX,33.6
2026-10-06,SUNNY LYN,30.1
2026-10-06,SUNTORY EVE,25.8
2026-10-06,SUPER SEAFARER,36.1
2026-10-06,SUPER STITCH,29.7
2026-10-06,SUPER TONE,37.0
2026-10-06,SURF'S UP,32.3
2026-10-06,SUSTAINABLE,25.9
2026-10-06,SUTA'S DELIGHT,32.6
2026-10-06,SWEET LOVE,26.8
2026-10-06,TAG ALONG,31.3
2026-10-06,TAKE A JAGUAR,33.2
2026-10-06,TAKEN HOSTAGE,29.0
2026-10-06,TAT LEAH,31.7
2026-10-06,TEQUILA SPICE,24.2
2026-10-06,TEXAS TOAST,27.8
2026-10-06,THAI TIGER,33.5
2026-10-06,THAT'S MY BOY,28.8
2026-10-06,THREE VOTES NICK,31.3
2026-10-06,THUNDERING THEO,33.0
2026-10-06,TICK RETURNS,25.8
2026-10-06,TINKER RAYS,31.8
2026-10-06,TOP KADE,26.7
2026-10-06,TORNADO TESSA,27.5
2026-10-06,TRACKING ME,30.8
2026-10-06,TRACKING YOU,32.7
2026-10-06,TRIBECA,37.1
2026-10-06,TRICK,32.4
2026-10-06,TRIMBOLE,32.6
2026-10-06,TRISSA BALE,28.9
2026-10-06,TRUE RAGE,30.7
2026-10-06,TRUTH IN FOCUS,33.2
2026-10-06,TURBO STRIKE,26.6
2026-10-06,TWENTY BLACK,33.6
2026-10-06,TWO STAR MIKADO,25.9
2026-10-06,UBIQUITOUS,32.6
2026-10-06,UNLEASHING,34.8
2026-10-06,VAPORIZE,33.0
2026-10-06,VERA JAKIT,29.2
2026-10-06,VESTA BALE,27.6
2026-10-06,VINNY DEWALT,30.4
2026-10-06,WARREN'S LEDGER,37.3
2026-10-06,WEBLEC VELVET,27.5
2026-10-06,WEST END BOY,34.3
2026-10-06,WHERE'S THE GOLD,30.0
2026-10-06,WHIRLWIND NISEKO,32.5
2026-10-06,WHITE SHIRAZ,25.8
2026-10-06,WHY MUMMY,30.7
2026-10-06,WILE COYOTE,27.8
2026-10-06,WINNING RATIO,36.5
2026-10-06,WYONG JAMESON,27.3
2026-10-06,XARA NAVY,33.8
2026-10-06,XARA OCTAVE,30.9
2026-10-06,XARA'S JAI,38.9
2026-10-06,YELLOW OCHRE,25.4
2026-10-06,YELLOW SAPPHIRE,24.9
2026-10-06,YONDU BALE,35.2
2026-10-06,YOUNG RUFUS,31.0
2026-10-06,YUKON,34.0
2026-10-06,ZELDA BRAGA,31.2
2026-10-06,ZENYATTA,28.3
2026-10-06,ZIPPING MAUDIE,28.4
2026-10-06,ZIPPING POPYRIN,33.7
2026-10-06,ZIVA DIVA,26.1
2026-10-07,ABDULLA ZULU,38.8
2026-10-07,ADA'S HAND,25.5
2026-10-07,AIR SPEED,34.1
2026-10-07,ANNIE'S OKAY,28.9
2026-10-07,ANNIE'S REGRET,26.5
2026-10-07,APTITUDE,32.6
2026-10-07,ARCHER SWEET,34.0
2026-10-07,ASCEND GERANIUM,33.0
2026-10-07,ASTON BARRISTER,30.7
2026-10-07,ASTON CHANT,24.5
2026-10-07,ASTON EXCLUSIVE,31.8
2026-10-07,ASTON GIOVANNI,30.0
2026-10-07,ASTON GRANDEUR,30.1
2026-10-07,ASTON GUITAR,33.0
2026-10-07,ASTON PASTIZZI,27.5
2026-10-07,ASTON PATTEN,35.1
2026-10-07,ASTON PLUTO,26.6
2026-10-07,ASTON SUNSHINE,27.0
2026-10-07,AUNTY CHERYL,29.4
2026-10-07,BAROOGA KING,33.8
2026-10-07,BE MY TIGER,26.5
2026-10-07,BEANIE THIEF,32.4
2026-10-07,BEAR HAND,31.1
2026-10-07,BENGAL BEAST,36.2
2026-10-07,BERNARDO BLITZ,34.8
2026-10-07,BERNARDO BLUE,35.4
2026-10-07,BIG BARREL,34.1
2026-10-07,BIG WHITE SKIER,30.8
2026-10-07,BLACK BUSINESS,30.8
2026-10-07,BLACK STATESMAN,34.1
2026-10-07,BLACKPOOL FINN,33.8
2026-10-07,BLACKPOOL WINTER,29.6
2026-10-07,BLUE BREBLER,25.4
2026-10-07,BLUE STORM,32.8
2026-10-07,BOHDAN,30.5
2026-10-07,BRAVE CHARMER,37.1
2026-10-07,BREAKN' A SWEAT,34.6
2026-10-07,BRINDLE MOSAIC,27.0
2026-10-07,BRINDLE ROAD,25.0
2026-10-07,BRINDLE SURPRISE,33.0
2026-10-07,BUN QUAKE,29.8
2026-10-07,CACO MISSILE,33.0
2026-10-07,CANYA BOLT,34.5
2026-10-07,CHEEKY MEEKI,28.4
2026-10-07,CHEER CHEER,31.1
2026-10-07,CHILL OUT PLATE,30.3
2026-10-07,CLARESSA,30.8
2026-10-07,COLAC NARDO,27.1
2026-10-07,COLAC QUEEN,27.8
2026-10-07,COMPARE BUBBLE,33.0
2026-10-07,COMPARE JOE,32.8
2026-10-07,CRACKED ICE,34.1
2026-10-07,CRACKERJACK LES,34.0
2026-10-07,CROSS LOCKS,31.6
2026-10-07,DAD'S SURPRISE,26.8
2026-10-07,DANCE HALL DAYS,32.3
2026-10-07,DARK MIRACLE,32.7
2026-10-07,DAVE,30.8
2026-10-07,DEEP THINKER,33.5
2026-10-07,DEFINE SHINE,30.2
2026-10-07,DESPICABLE ANDY,33.8
2026-10-07,DEWANA LYNETTE,28.3
2026-10-07,DIRTY NALA,27.1
2026-10-07,DISPARAGE,34.1
2026-10-07,DIVOT,30.2
2026-10-07,DON'T CONFESS,32.7
2026-10-07,DOONGALLA DON,33.8
2026-10-07,DOONGALLA GHOST,30.4
2026-10-07,DOONGALLA MIMIC,33.5
2026-10-07,DOONGALLA PARODY,26.4
2026-10-07,DREAM LUCKY,30.7
2026-10-07,DRINK WATER,31.9
2026-10-07,DRINKS AFTER,32.8
2026-10-07,DUNACH THUNDER,28.7
2026-10-07,EASTERN MISS,26.1
2026-10-07,EAT YOUR SPINACH,34.7
2026-10-07,EDIE MONSOON,28.2
2026-10-07,EDINBURGH BALE,29.9
2026-10-07,ELECTROJET,32.6
2026-10-07,ELITE INTENTION,32.5
2026-10-07,ELLA INTENTION,31.5
2026-10-07,ELMA'S GIRL,26.3
2026-10-07,ESCAPING BINDI,28.0
2026-10-07,ESPECIAL KAI,32.2
2026-10-07,ETHANOL VISION,26.8
2026-10-07,EXAGGERATOR,34.8
2026-10-07,EXCLUSIVELY,36.0
2026-10-07,EXQUISITE LASS,28.6
2026-10-07,EXTREMITY,33.5
2026-10-07,EYE OF STORM,34.4
2026-10-07,FALL AND GLIMMER,35.1
2026-10-07,FAST REPLY,37.5
2026-10-07,FAYE VALENTINE,26.2
2026-10-07,FIELD OF ANGELS,25.6
2026-10-07,FIRE RATED,34.5
2026-10-07,FIRE WATER BURN,31.3
2026-10-07,FLYING INTENTION,28.8
2026-10-07,FLYING SARA,29.4
2026-10-07,FORGED IRON,31.8
2026-10-07,FOXY BARBELLA,31.0
2026-10-07,FULL BORE BUSTER,31.4
2026-10-07,GALLOPING RED,30.7
2026-10-07,GAS LANTERN,28.8
2026-10-07,GERALDTON CREW,29.1
2026-10-07,GO HOME GIRL,27.9
2026-10-07,GRAPEFRUIT TITO,35.3
2026-10-07,GREYSYND BONNIE,27.5
2026-10-07,HANDSOME ASPIRE,32.1
2026-10-07,HANDSOME RATIO,35.4
2026-10-07,HAPPY AND NUMB,37.1
2026-10-07,HEAVEN MADE,25.8
2026-10-07,HECTOR DARCY,35.7
2026-10-07,HER TWELVE STEP,29.0
2026-10-07,HOMEBUSH MARGO,28.1
2026-10-07,HOMEBUSH TWENTY,30.7
2026-10-07,HONEY STIRRER,30.2
2026-10-07,HURRICANE,33.2
2026-10-07,HURRICANE BERT,33.6
2026-10-07,I'M FABULOUS,26.9
2026-10-07,I'M HONEY,26.6
2026-10-07,I'M TO BLAME,32.9
2026-10-07,IDYLLIC JAMES,31.7
2026-10-07,IMITATED,26.9
2026-10-07,IMPRINT,35.7
2026-10-07,IN COMMAND,31.6
2026-10-07,INITIAL CONSULT,28.5
2026-10-07,IRISH ZOE,30.4
2026-10-07,IT JUST HAPPENS,31.1
2026-10-07,JACKALOPE,32.0
2026-10-07,JULY SHE LIED,28.8
2026-10-07,JUSTIFY THIS,32.5
2026-10-07,KALUNA CHAOS,34.4
2026-10-07,KEIJON BARNY,30.4
2026-10-07,KISS FOR CASH,29.2
2026-10-07,KIWI FRED,34.6
2026-10-07,KODA,36.7
2026-10-07,KOPACKI RIT,31.6
2026-10-07,KUNAMA NAMADGI,26.2
2026-10-07,LADY JULIA,29.1
2026-10-07,LAKEVIEW LEIGH,30.0
2026-10-07,LAKEVIEW ROWDY,36.9
2026-10-07,LEKTRA AELA,24.3
2026-10-07,LEKTRA BETA,30.2
2026-10-07,LEKTRA BILLS,32.5
2026-10-07,LEKTRA JIMMY,33.5
2026-10-07,LEKTRA ROSA,27.5
2026-10-07,LEKTRA SKIP,26.6
2026-10-07,LIAISON,27.0
2026-10-07,LIES YOU SOLD,32.9
2026-10-07,LITTLE AMIGO,33.5
2026-10-07,LITTLE DARL,28.3
2026-10-07,LITTLE RAT,21.9
2026-10-07,LIVIN' LAVISH,31.6
2026-10-07,LOCO MISS,26.8
2026-10-07,LOVE ME LUNA,29.2
2026-10-07,LOVELY LAINEY,26.8
2026-10-07,LUCKY SPIN,33.1
2026-10-07,LUNA'S GIRL,33.3
2026-10-07,MACCHIATO,27.9
2026-10-07,MADAM SERIOUS,30.0
2026-10-07,MADE EASY,31.5
2026-10-07,MANILA JACK,30.8
2026-10-07,MATCHBOX CYCLONE,34.4
2026-10-07,MAXI GRIN,32.8
2026-10-07,MELVIN BALE,31.9
2026-10-07,MEPUNGA EXPRESS,31.6
2026-10-07,MEPUNGA FLYER,33.7
2026-10-07,MEPUNGA VELVET,27.9
2026-10-07,MIA INTENTION,27.1
2026-10-07,MIGHTY MISS,27.7
2026-10-07,MIKADO MANIA,28.3
2026-10-07,MILA'S HAND,24.6
2026-10-07,MINER MICK,30.1
2026-10-07,MINH TEDDY,35.7
2026-10-07,MINNIE ANGEL,27.3
2026-10-07,MISS COCO,28.9
2026-10-07,MISS INDI BEAR,29.4
2026-10-07,MISS IRENE,27.5
2026-10-07,MISS ROGUE,28.5
2026-10-07,MONEY SCIENCE,33.2
2026-10-07,MONIQUE GIBLET,31.1
2026-10-07,MOOKAITE,33.2
2026-10-07,MORAINE KOBY,34.2
2026-10-07,MORE BEER PLEASE,31.7
2026-10-07,MR. KIA ORA,34.6
2026-10-07,MR. PRESIDENT,35.6
2026-10-07,MR. TEDDY BEAR,35.1
2026-10-07,MRS. TIGGYWINKLE,27.3
2026-10-07,MY AMBER,25.8
2026-10-07,MY NAME'S EDEN,32.8
2026-10-07,MY PEPPA,26.3
2026-10-07,NO CHARGE,26.3
2026-10-07,NO MORE EXTRAS,31.8
2026-10-07,NOT A FAN,33.8
2026-10-07,NOVA OWEN,30.6
2026-10-07,OHTANI FORCE,32.6
2026-10-07,OLD HABITS,33.2
2026-10-07,OLIVER KELTON,35.2
2026-10-07,OMEGA JOSIAH,34.5
2026-10-07,ONE MORE DRAM,33.0
2026-10-07,OPAWA SCOOTER,31.8
2026-10-07,ORSON FURY,30.4
2026-10-07,OWL VIOLET,30.0
2026-10-07,OZA AUDACITY,31.6
2026-10-07,OZA BUZZ,29.4
2026-10-07,OZA REBEL,22.6
2026-10-07,PACE OF GRACE,27.9
2026-10-07,PANTHER'S WAY,30.4
2026-10-07,PARTY STARTED,29.6
2026-10-07,PAW ALLESANDRA,27.2
2026-10-07,PAW BRUTUS,32.5
2026-10-07,PAW CHEYENNE,31.2
2026-10-07,PAW DANGER,31.3
2026-10-07,PAW ESTRELLA,28.6
2026-10-07,PAW FABLE,31.2
2026-10-07,PAW GROWLITHE,32.3
2026-10-07,PAW GUSTO,32.2
2026-10-07,PAW HADES,31.6
2026-10-07,PAW HARKONNEN,30.8
2026-10-07,PAW HARRIS,34.2
2026-10-07,PAW HELION,33.9
2026-10-07,PAW JANNY,25.2
2026-10-07,PAW JESSABELLE,26.2
2026-10-07,PAW JUDD,36.9
2026-10-07,PAW LAMPADES,32.8
2026-10-07,PAW LAUI,32.6
2026-10-07,PAW LOVISA,26.5
2026-10-07,PAW MONET,27.2
2026-10-07,PAW NATULLO,31.5
2026-10-07,PAW NIMBUS,35.7
2026-10-07,PAW QUIVER,35.8
2026-10-07,PAW RAMELLO,27.3
2026-10-07,PAW RAYNOR,33.4
2026-10-07,PAW REVY,32.6
2026-10-07,PAW RIVAL,31.9
2026-10-07,PAW STELLA,28.3
2026-10-07,PAW TREACLE,26.7
2026-10-07,PAW VADA,24.6
2026-10-07,PAW VARNA,31.1
2026-10-07,PAW VOLTRON,30.7
2026-10-07,PAW WALDORF,32.4
2026-10-07,PAW WONDER,30.8
2026-10-07,PAW XANDY,23.5
2026-10-07,PAW XHANI,26.7
2026-10-07,PAW XYLA,24.9
2026-10-07,PAW ZENITH,32.8
2026-10-07,PAW ZHANA,29.3
2026-10-07,PAW ZURI,30.3
2026-10-07,PAY UP SALLY,29.1
2026-10-07,PEAKY AVENGER,27.0
2026-10-07,PERFECT RATIO,28.4
2026-10-07,PHOTOGENIC,32.6
2026-10-07,PHOTOSHOPPED,31.4
2026-10-07,POWER PLAY,31.9
2026-10-07,PRESIDENT ROLEX,33.5
2026-10-07,PRINCESS DOMI,26.5
2026-10-07,PROCESS DRIVEN,31.1
2026-10-07,PUMPING MAGIC,34.3
2026-10-07,PYRENEES ACE,27.8
2026-10-07,PYRENEES EXPRESS,32.8
2026-10-07,RAPID BURST,33.2
2026-10-07,RAPIDO NINJA,33.4
2026-10-07,READY FOR ACTION,30.5
2026-10-07,READY TO FLIP,33.2
2026-10-07,RECANTED,32.8
2026-10-07,REGAL SPENCER,32.7
2026-10-07,REIKO BLING,35.2
2026-10-07,RHYTHMIC ENERGY,32.5
2026-10-07,RING A BLUEY,26.2
2026-10-07,ROMANI ROAD,27.0
2026-10-07,RUTHLESS SECRET,25.7
2026-10-07,SASS APPEAL,28.0
2026-10-07,SCOTT SALISH,28.1
2026-10-07,SCOTT VICIOUS,30.7
2026-10-07,SCOUT ACE,28.0
2026-10-07,SHAGGY PRINCESS,27.9
2026-10-07,SHE'S PRIMED,27.7
2026-10-07,SHE'S SALTY,29.0
2026-10-07,SILENT KNIGHT,34.0
2026-10-07,SILVER MACK,25.6
2026-10-07,SILVER SASS,27.7
2026-10-07,SOCIALISM,25.7
2026-10-07,SPARRING,34.0
2026-10-07,SPOT THE ANGEL,26.9
2026-10-07,SPRING QUIZ,33.7
2026-10-07,STAR REBEL,32.7
2026-10-07,STARBRIGHT HUD,28.7
2026-10-07,STARLET BALE,28.0
2026-10-07,STARLORD BALE,34.5
2026-10-07,STARSHIP ATLAS,30.9
2026-10-07,STERLING INN,35.8
2026-10-07,STIDHAM KANSAS,26.2
2026-10-07,STIDHAM NEBRASKA,31.1
2026-10-07,STOJANOVIC,30.3
2026-10-07,STORM COMING,31.4
2026-10-07,SUNTORY EVE,25.8
2026-10-07,SUPER TONE,37.0
2026-10-07,TAG ALONG,31.3
2026-10-07,TAKE A JAGUAR,33.2
2026-10-07,TAKEN HOSTAGE,29.0
2026-10-07,TEXAS TOAST,27.8
2026-10-07,THAT'S MY BOY,28.8
2026-10-07,TICK RETURNS,25.8
2026-10-07,TIGER ROCKS,33.1
2026-10-07,TOP KADE,26.7
2026-10-07,TRAVIS INTENTION,35.1
2026-10-07,TREBLE BEERS,33.1
2026-10-07,TRICK,32.4
2026-10-07,TRICKY DISCO,32.8
2026-10-07,TRIMBOLE,32.6
2026-10-07,TRISSA BALE,28.9
2026-10-07,TRUMPET TEARS,32.9
2026-10-07,TWENTY BLACK,33.6
2026-10-07,TWO STAR MIKADO,25.9
2026-10-07,UBIQUITOUS,32.6
2026-10-07,ULENTA BALE,27.4
2026-10-07,URANA STORM,26.3
2026-10-07,VAPORIZE,33.0
2026-10-07,VIKING RULER,31.4
2026-10-07,WAH CEDAR,30.9
2026-10-07,WAH ELM,28.8
2026-10-07,WAH JARRAH,32.4
2026-10-07,WANBI,32.0
2026-10-07,WEBLEC VELVET,27.5
2026-10-07,WHERE'S NASSIF,27.8
2026-10-07,WHERE'S THE GOLD,30.0
2026-10-07,WHISKY POINT,28.5
2026-10-07,WINDORAH,27.8
2026-10-07,WIZARD WATSON,35.7
2026-10-07,WRINKLED HENRY,32.4
2026-10-07,WYONG BARNABY,34.7
2026-10-07,WYONG HOUSTON,26.8
2026-10-07,YALE TURN,38.9
2026-10-07,YELLOW SAPPHIRE,24.9
2026-10-07,YONDU BALE,35.2
2026-10-07,YOUNG RUFUS,31.0
2026-10-07,ZINZAN CHARLIE,32.3
2026-10-07,ZIPPING ANDORA,28.6
2026-10-07,ZIPPING SIGRID,28.1
2026-10-07,ZIPPING SINGH,33.9
2026-10-07,ZIPPING SMEE,32.9
2026-10-07,ZIPPING SWEENY,35.3
2026-10-07,ZIPPING TESFAY,29.7
2026-10-07,ZIPPING TYRA,27.0
2026-10-07,ZIVA DIVA,26.1
2026-10-08,ADHANA ROY,31.7
2026-10-08,ADRENALINE BURST,32.9
2026-10-08,AGENT TWENTY ONE,31.8
2026-10-08,ALPINE FURY,29.8
2026-10-08,APTITUDE,32.6
2026-10-08,ARCHER SWEET,34.0
2026-10-08,ASCEND GERANIUM,33.0
2026-10-08,ASCEND HIBISCUS,33.1
2026-10-08,ASH INTENTION,28.3
2026-10-08,ASTON ALARM,30.9
2026-10-08,ASTON BARRISTER,30.7
2026-10-08,ASTON CASTLE,34.3
2026-10-08,ASTON COSMIC,34.8
2026-10-08,ASTON FINNISS,23.7
2026-10-08,ASTON GUITAR,33.0
2026-10-08,ASTON MACHINE,33.4
2026-10-08,ATTITUDE AALIYAH,30.0
2026-10-08,AUNTY CHERYL,29.4
2026-10-08,AVENGEMENT,34.1
2026-10-08,AWESOME BANDIT,30.9
2026-10-08,BALDING SANDY,28.6
2026-10-08,BEAR IT IS,33.3
2026-10-08,BERNARDO BLITZ,34.8
2026-10-08,BERNARDO BLUE,35.4
2026-10-08,BEST FOR LAST,31.4
2026-10-08,BIG BOY BRUTUS,35.2
2026-10-08,BIG BOY COOPER,30.8
2026-10-08,BIG BOY JETT,30.3
2026-10-08,BIG COOL,34.5
2026-10-08,BIG PLAYER,38.3
2026-10-08,BILLY BOY REUBEN,34.8
2026-10-08,BINDY BLAZER,27.6
2026-10-08,BLACK BUSINESS,30.8
2026-10-08,BLACK STATESMAN,34.1
2026-10-08,BLACKBERRY JUICE,30.2
2026-10-08,BLACKPOOL FINN,33.8
2026-10-08,BLACKPOOL WINTER,29.6
2026-10-08,BLUE BOY SHIRAZ,33.3
2026-10-08,BLUE MOON MARIE,26.0
2026-10-08,BLUE STORM,32.8
2026-10-08,BLUER THAN BLUE,33.5
2026-10-08,BLUES TRAIN,34.5
2026-10-08,BOHDAN,30.5
2026-10-08,BONE SHAKER,32.0
2026-10-08,BONNIE BEAUTIFUL,25.8
2026-10-08,BORACAY BELLA,28.0
2026-10-08,BRAGGING RIGHTS,31.7
2026-10-08,BRAVE CHARMER,37.1
2026-10-08,BREACH,27.4
2026-10-08,BREAKING CURFEW,24.1
2026-10-08,BREE CABANG,29.7
2026-10-08,BRINDLE MOSAIC,27.0
2026-10-08,BRINDLE SURPRISE,33.0
2026-10-08,BROTHER BUB,31.2
2026-10-08,BROTHER EASY,29.7
2026-10-08,BUN QUAKE,29.8
2026-10-08,BUNNI BALE,30.6
2026-10-08,CACO MISSILE,33.0
2026-10-08,CALABRESE,31.8
2026-10-08,CANYA BOLT,34.5
2026-10-08,CANYA IGNITE,36.9
2026-10-08,CANYA SPEED,32.3
2026-10-08,CHEEKY CHOMPERS,33.3
2026-10-08,CHEEKY MEEKI,28.4
2026-10-08,CINNABAR ICON,28.3
2026-10-08,CLARESSA,30.8
2026-10-08,CLAVICLE,32.1
2026-10-08,COLAC NARDO,27.1
2026-10-08,COLAC QUEEN,27.8
2026-10-08,COMPTON GYPSY,28.2
2026-10-08,COOL DISGUISE,27.2
2026-10-08,COUNT THE STARS,31.4
2026-10-08,CRACKERJACK KEV,32.2
2026-10-08,CRACKERJACK LES,34.0
2026-10-08,CRASH REBEL,33.9
2026-10-08,CREAM,26.3
2026-10-08,CREATIVITY,32.6
2026-10-08,CROYDON,32.5
2026-10-08,CRY BABY GIBLET,33.8
2026-10-08,CUCUZZA,31.3
2026-10-08,DAD'S SURPRISE,26.8
2026-10-08,DARK MIRACLE,32.7
2026-10-08,DEB CABANG,30.0
2026-10-08,DEEDS NOT WORDS,33.1
2026-10-08,DEEP THINKER,33.5
2026-10-08,DEFINE SHINE,30.2
2026-10-08,DEVIL'S SYMPATHY,30.3
2026-10-08,DEWANA LYNETTE,28.3
2026-10-08,DISPARAGE,34.1
2026-10-08,DON'T CONFESS,32.7
2026-10-08,DONUTS,32.4
2026-10-08,DOONGALLA AL,34.5
2026-10-08,DOONGALLA GHOST,30.4
2026-10-08,DOONGALLA MIMIC,33.5
2026-10-08,DOONGALLA PARODY,26.4
2026-10-08,DOONGALLA ROCKET,31.8
2026-10-08,DOONGALLA SHANE,30.6
2026-10-08,DRAMATICAL,36.5
2026-10-08,DREAM ON JUNIOR,30.7
2026-10-08,EASTERN MISS,26.1
2026-10-08,EDINBURGH BALE,29.9
2026-10-08,EL ROJO ROCK,31.8
2026-10-08,ELECTROJET,32.6
2026-10-08,ELITE INTENTION,32.5
2026-10-08,ELITE ONE,33.2
2026-10-08,ELLIS UNIT ONE,32.3
2026-10-08,ELMA'S GIRL,26.3
2026-10-08,ESPECIAL HUGO,35.8
2026-10-08,ESPECIAL KAI,32.2
2026-10-08,EXCLUSIVELY,36.0
2026-10-08,EXQUISITE LASS,28.6
2026-10-08,FAST REPLY,37.5
2026-10-08,FIGURE OF SPEECH,28.8
2026-10-08,FIRE RATED,34.5
2026-10-08,FIRE TEARS,30.7
2026-10-08,FLYING DUCATI,33.1
2026-10-08,FLYING INTENTION,28.8
2026-10-08,FLYING SARA,29.4
2026-10-08,FORGED IRON,31.8
2026-10-08,FOXY BARBELLA,31.0
2026-10-08,FOXY ROXY,25.3
2026-10-08,FULL BORE BUSTER,31.4
2026-10-08,GAME OF PHONES,28.2
2026-10-08,GARNET GLOW,28.8
2026-10-08,GAS LANTERN,28.8
2026-10-08,GENERAL FRANKY,32.1
2026-10-08,GENESIS BALE,33.3
2026-10-08,GERALDTON CREW,29.1
2026-10-08,GIACOMO,32.0
2026-10-08,GOBLIN,26.0
2026-10-08,GOLD CODE,29.2
2026-10-08,GRAFFITI,35.2
2026-10-08,GRAPEFRUIT TITO,35.3
2026-10-08,HAPPY AND NUMB,37.1
2026-10-08,HAPPY BUDDHA,32.2
2026-10-08,HARROW TIME,33.2
2026-10-08,HARTLAND ASH,25.4
2026-10-08,HAVING A LOOK,26.0
2026-10-08,HE'S NO BRUTE,34.3
2026-10-08,HEAVEN ON EARTH,31.5
2026-10-08,HECTIC HARRY,32.9
2026-10-08,HECTOR DARCY,35.7
2026-10-08,HEY PRESTO,30.8
2026-10-08,HIGH COBBER,32.5
2026-10-08,HIS SPECIAL,33.3
2026-10-08,HIT THE BUTTON,31.2
2026-10-08,HOLDEN BALE,33.8
2026-10-08,HONEY STIRRER,30.2
2026-10-08,HOOKED AND HAPPY,32.5
2026-10-08,HOPE GIBLET,28.2
2026-10-08,HURRICANE,33.2
2026-10-08,HURRICANE BERT,33.6
2026-10-08,I'M FABULOUS,26.9
2026-10-08,I'M HONEY,26.6
2026-10-08,I'M TO BLAME,32.9
2026-10-08,IAN ALBERT,32.8
2026-10-08,IDYLLIC JAMES,31.7
2026-10-08,IMITATED,26.9
2026-10-08,IMPRINT,35.7
2026-10-08,INDIANA ICON,25.0
2026-10-08,INDY GRANT,27.8
2026-10-08,INDY MELMEN,37.9
2026-10-08,IRISH ZOE,30.4
2026-10-08,IT'S BUBBLE TIME,29.6
2026-10-08,JILL'S FANTASY,27.6
2026-10-08,JILLIBY PIXIE,28.2
2026-10-08,JULY SHE LIED,28.8
2026-10-08,JUNEAU SANGRIA,30.0
2026-10-08,KALUNA CHAOS,34.4
2026-10-08,KANSAS RAIDER,34.4
2026-10-08,KEEP ROLLING,32.5
2026-10-08,KEIJON BARNY,30.4
2026-10-08,KIOWA ICON,29.0
2026-10-08,KISS FOR CASH,29.2
2026-10-08,KIWI BIRCHIP,36.8
2026-10-08,KIWI FRED,34.6
2026-10-08,KIWI HANK,42.3
2026-10-08,KIWI HENRY,36.0
2026-10-08,KODA,36.7
2026-10-08,KOPACKI RIT,31.6
2026-10-08,KUNAMA NAMADGI,26.2
2026-10-08,LACRIMAL,30.8
2026-10-08,LAKEVIEW IAN,35.2
2026-10-08,LAKEVIEW LEIGH,30.0
2026-10-08,LAKEVIEW PEAR,31.1
2026-10-08,LAKEVIEW ROWDY,36.9
2026-10-08,LAKEVIEW SKY,28.0
2026-10-08,LAKEVIEW SNEAKY,35.5
2026-10-08,LAKEVIEW TRACKER,33.6
2026-10-08,LEKTRA BETA,30.2
2026-10-08,LEKTRA ROSA,27.5
2026-10-08,LEKTRA SKIP,26.6
2026-10-08,LEKTRA STING,33.2
2026-10-08,LET'S WIN BINGO,25.9
2026-10-08,LIES YOU SOLD,32.9
2026-10-08,LIKE A BLAZE,30.3
2026-10-08,LIL COCKATOO,26.1
2026-10-08,LION MAN,31.3
2026-10-08,LITTLE AMIGO,33.5
2026-10-08,LITTLE DARL,28.3
2026-10-08,LITTLE RAT,21.9
2026-10-08,LOCHINVAR HUMMER,34.9
2026-10-08,LOCO MISS,26.8
2026-10-08,LOUIE CABANG,35.1
2026-10-08,LOVE BUG GIBLET,27.8
2026-10-08,LUCKY SPIN,33.1
2026-10-08,LUNA'S GIRL,33.3
2026-10-08,LUSH HOUR,28.8
2026-10-08,MACCHIATO,27.9
2026-10-08,MAD MAX,28.0
2026-10-08,MADE EASY,31.5
2026-10-08,MAHJONG,37.1
2026-10-08,MAJOR SHIRAZ,32.6
2026-10-08,MANILA JACK,30.8
2026-10-08,MARKET JET,36.9
2026-10-08,MAXI GRIN,32.8
2026-10-08,MEANINGFUL,26.2
2026-10-08,MELT MAX,29.6
2026-10-08,MEMORIES,31.0
2026-10-08,MEPUNGA EXPRESS,31.6
2026-10-08,MEPUNGA FLYER,33.7
2026-10-08,MEPUNGA VELVET,27.9
2026-10-08,MIA INTENTION,27.1
2026-10-08,MIGHTY MISS,27.7
2026-10-08,MILLY LILY,27.5
2026-10-08,MINER MICK,30.1
2026-10-08,MINNIE ANGEL,27.3
2026-10-08,MISCHIEF MATE,34.4
2026-10-08,MISS ROGUE,28.5
2026-10-08,MOE PATTY,24.1
2026-10-08,MOLLY MCKAYLA,27.2
2026-10-08,MOLLY ROCHELLE,28.6
2026-10-08,MOMBASA'S BEST,31.7
2026-10-08,MONARCH,29.5
2026-10-08,MONUMENT,32.0
2026-10-08,MOOKAITE,33.2
2026-10-08,MORAINE BLUEY,34.8
2026-10-08,MORAINE DAMIAN,33.6
2026-10-08,MORAINE DYLAN,31.7
2026-10-08,MORAINE KOBY,34.2
2026-10-08,MORAINE SARA,26.2
2026-10-08,MR. JONES,32.8
2026-10-08,MR. KIA ORA,34.6
2026-10-08,MR. MARSHALL,32.6
2026-10-08,MR. WALSH,34.9
2026-10-08,NANGAR MACIE,25.1
2026-10-08,NAUGHTY NORM,31.6
2026-10-08,NAVY DAVIES,32.5
2026-10-08,NEBULA BALE,29.7
2026-10-08,NO MORE EXTRAS,31.8
2026-10-08,NOSEY BLUEY,33.8
2026-10-08,OHTANI FORCE,32.6
2026-10-08,OKLAHOMA BALE,32.6
2026-10-08,ON THE PROWL,31.0
2026-10-08,ON THE RIVER,34.0
2026-10-08,ONE MORE DRAM,33.0
2026-10-08,OPAWA FANNIN,32.2
2026-10-08,OPAWA SCOOTER,31.8
2026-10-08,OWL VIOLET,30.0
2026-10-08,PACE OF GRACE,27.9
2026-10-08,PADDY'S CHARIOT,33.4
2026-10-08,PASS THE PEPPA,28.7
2026-10-08,PAW ALIA,25.2
2026-10-08,PAW BALLISTA,33.7
2026-10-08,PAW CARVER,34.9
2026-10-08,PAW CORNELIUS,31.6
2026-10-08,PAW DROGO,32.4
2026-10-08,PAW FABIAN,31.7
2026-10-08,PAW FABLE,31.2
2026-10-08,PAW FARINA,37.1
2026-10-08,PAW FORTRESS,40.2
2026-10-08,PAW GORDY,35.9
2026-10-08,PAW GROWLITHE,32.3
2026-10-08,PAW HARRIS,34.2
2026-10-08,PAW HAZELTON,31.1
2026-10-08,PAW HELION,33.9
2026-10-08,PAW JANNY,25.2
2026-10-08,PAW JESSABELLE,26.2
2026-10-08,PAW JUDD,36.9
2026-10-08,PAW KACEY,27.2
2026-10-08,PAW KENTA,29.0
2026-10-08,PAW LAPRAS,27.8
2026-10-08,PAW LARA,28.1
2026-10-08,PAW MADDOX,28.1
2026-10-08,PAW MANNY,29.9
2026-10-08,PAW MATIC,26.6
2026-10-08,PAW MINTY,24.5
2026-10-08,PAW MONET,27.2
2026-10-08,PAW MURBELLA,27.9
2026-10-08,PAW NATULLO,31.5
2026-10-08,PAW NIALL,33.0
2026-10-08,PAW NILBERT,33.0
2026-10-08,PAW OLENA,27.2
2026-10-08,PAW OLSON,34.1
2026-10-08,PAW OLYMPUS,32.6
2026-10-08,PAW OPPA,30.7
2026-10-08,PAW ORENTHAL,33.7
2026-10-08,PAW QUINBY,31.8
2026-10-08,PAW QUIVER,35.8
2026-10-08,PAW QWERTY,28.3
2026-10-08,PAW RAELIA,27.7
2026-10-08,PAW RAYNOR,33.4
2026-10-08,PAW RIVAL,31.9
2026-10-08,PAW SAUNDRA,28.3
2026-10-08,PAW URLA,29.4
2026-10-08,PAW VADA,24.6
2026-10-08,PAW VARNA,31.1
2026-10-08,PAW VORTEX,32.3
2026-10-08,PAW WARRINGAH,30.0
2026-10-08,PAW XANDY,23.5
2026-10-08,PAW YAZ,26.6
2026-10-08,PAW ZANY,24.9
2026-10-08,PAW ZILLIE,28.7
2026-10-08,PAW ZURI,30.3
2026-10-08,PELICAN'S SUNDAY,31.9
2026-10-08,PERFECT RATIO,28.4
2026-10-08,POINT BREAK,33.5
2026-10-08,POLLY GOLD,24.8
2026-10-08,PRESIDENT ROLEX,33.5
2026-10-08,PUMPING MAGIC,34.3
2026-10-08,QUANTEZ,32.0
2026-10-08,QUIET ACHIEVER,28.3
2026-10-08,QUINLEE BALE,28.6
2026-10-08,RACEY STACEY,26.0
2026-10-08,RAGING PIXIE,27.2
2026-10-08,RAPID BURST,33.2
2026-10-08,RAPID SHADOW,26.3
2026-10-08,RAPIDO SPIRIT,27.6
2026-10-08,READY TO FLIP,33.2
2026-10-08,REAPER,37.4
2026-10-08,REBEKAH JOY,26.0
2026-10-08,RECANTED,32.8
2026-10-08,RED DEAKIN,37.7
2026-10-08,REGAL SPENCER,32.7
2026-10-08,REIKO BLING,35.2
2026-10-08,RHYTHMIC ENERGY,32.5
2026-10-08,RITA PAIGE,26.9
2026-10-08,RITZY RUTH,29.4
2026-10-08,ROCKY CABANG,35.9
2026-10-08,RONALDO JACK,34.3
2026-10-08,ROVANIEMI,34.7
2026-10-08,ROY,27.0
2026-10-08,RUXTON SHINE,27.8
2026-10-08,SAINT FINNIE,26.3
2026-10-08,SAINT JADE,27.1
2026-10-08,SAINT MICK,31.3
2026-10-08,SAINT RAINE,27.0
2026-10-08,SASS APPEAL,28.0
2026-10-08,SCOTT CHARISMA,28.2
2026-10-08,SCOTT IMPOSTER,31.9
2026-10-08,SCOTT SALISH,28.1
2026-10-08,SCOTT VICIOUS,30.7
2026-10-08,SEATS TWO,28.6
2026-10-08,SEKIRO,32.9
2026-10-08,SEVEN SAMURAI,34.1
2026-10-08,SHA TIN KING,28.0
2026-10-08,SHADE OF PALE,36.0
2026-10-08,SHADOW ROAD,27.0
2026-10-08,SHAGGY BEAR,36.5
2026-10-08,SHAGGY PRINCESS,27.9
2026-10-08,SHE'S A BRUTE,27.7
2026-10-08,SHE'S PRIMED,27.7
2026-10-08,SHE'S SALTY,29.0
2026-10-08,SHEIKH OF TWEAK,31.6
2026-10-08,SHIMA BLUSH,34.1
2026-10-08,SILENT BANDIT,32.4
2026-10-08,SILVER SASS,27.7
2026-10-08,SIMPKIN,36.0
2026-10-08,SIR EASY,28.7
2026-10-08,SKY SPRINGER,33.6
2026-10-08,SMALL MERCIES,23.8
2026-10-08,SOCIALISM,25.7
2026-10-08,SOLID GROOVE,32.3
2026-10-08,SPARRING,34.0
2026-10-08,SPEEDY JUDE,27.9
2026-10-08,STAR OF NIGHT,29.0
2026-10-08,STARLET BALE,28.0
2026-10-08,STARSHIP,34.5
2026-10-08,STEAL THE STAGE,34.1
2026-10-08,STIDHAM ARIZONA,27.6
2026-10-08,STIDHAM KANSAS,26.2
2026-10-08,STIDHAM NEBRASKA,31.1
2026-10-08,STILL THE SAME,31.3
2026-10-08,STOMPER ROMPER,30.2
2026-10-08,STORM,28.4
2026-10-08,STRASBURG,35.0
2026-10-08,STREAM IT,31.1
2026-10-08,SWAN ISLAND,26.1
2026-10-08,SWAYING,27.5
2026-10-08,TARBHACH,35.3
2026-10-08,TAWNY TEARS,26.1
2026-10-08,TELL ME LIES,24.9
2026-10-08,TESS CABANG,30.6
2026-10-08,TIGER ROCKS,33.1
2026-10-08,TIGGY TOUCH,28.1
2026-10-08,TO PERU,27.4
2026-10-08,TOUCH OF SIN,25.2
2026-10-08,TRACY GIRL,26.7
2026-10-08,TRAVIS INTENTION,35.1
2026-10-08,TREBLE BEERS,33.1
2026-10-08,TRENTON'S ACE,28.9
2026-10-08,TRICK,32.4
2026-10-08,TRICKY DISCO,32.8
2026-10-08,TRUMPET TEARS,32.9
2026-10-08,TWILIGHT TORI,26.4
2026-10-08,ULENTA BALE,27.4
2026-10-08,URANA STORM,26.3
2026-10-08,UTAH ICON,30.4
2026-10-08,VACATION CALLING,32.0
2026-10-08,VICTORY ALBERT,36.8
2026-10-08,VICTORY BARRY,35.5
2026-10-08,VIKING RULER,31.4
2026-10-08,WAH CEDAR,30.9
2026-10-08,WAH ELM,28.8
2026-10-08,WAH JARRAH,32.4
2026-10-08,WANBI,32.0
2026-10-08,WEBLEC MEMPHIS,31.5
2026-10-08,WHERE'S MICK,30.9
2026-10-08,WHERE'S NASSIF,27.8
2026-10-08,WHISKEY WHISKERS,35.2
2026-10-08,WHISKY POINT,28.5
2026-10-08,WHITE NILE,35.1
2026-10-08,WHODAT JEWEL,26.6
2026-10-08,WILL JENKINS,31.3
2026-10-08,WINDORAH,27.8
2026-10-08,WIZARD WATSON,35.7
2026-10-08,WONDERFUL WORK,31.0
2026-10-08,WRINKLED HENRY,32.4
2026-10-08,WYONG BARNABY,34.7
2026-10-08,WYONG HOUSTON,26.8
2026-10-08,YALE TURN,38.9
2026-10-08,ZINZAN CHARLIE,32.3
2026-10-08,ZIPPING ANDORA,28.6
2026-10-08,ZIPPING BANGALOW,33.3
2026-10-08,ZIPPING MEHARY,31.6
2026-10-08,ZIPPING SIGRID,28.1
2026-10-08,ZIPPING SINGH,33.9
2026-10-08,ZIPPING SMEE,32.9
2026-10-08,ZIPPING SWEENY,35.3
2026-10-08,ZIPPING TESFAY,29.7
2026-10-08,ZIPPING TYRA,27.0
2026-10-09,ABSOLUTE RUPEE,31.6
2026-10-09,ADHANA ROY,31.7
2026-10-09,ADRENALINE BURST,32.9
2026-10-09,AGENT TWENTY ONE,31.8
2026-10-09,AIR SPEED,33.8
2026-10-09,ALPINE FURY,29.8
2026-10-09,ALWAYS BELIEVE,36.8
2026-10-09,AMRON DANCER,31.8
2026-10-09,APRIL FOOL,31.9
2026-10-09,APRIL'S STAR,27.7
2026-10-09,ARCHIE MCIVOR,31.9
2026-10-09,ASCEND HIBISCUS,33.1
2026-10-09,ASH INTENTION,28.3
2026-10-09,ASTON ABRAFO,33.1
2026-10-09,ASTON ALARM,30.9
2026-10-09,ASTON CASTLE,34.3
2026-10-09,ASTON COSMIC,34.8
2026-10-09,ASTON FINNISS,23.7
2026-10-09,ASTON MACHINE,33.4
2026-10-09,ASTON MAJOR,33.0
2026-10-09,ASTON MIKHAIL,34.3
2026-10-09,ASTON NATIONAL,29.3
2026-10-09,ASTON VALHALLA,28.5
2026-10-09,ATTITUDE AALIYAH,30.0
2026-10-09,AUSSIE MIRAGE,32.1
2026-10-09,AUTUMN BLONDE,25.3
2026-10-09,AVENGEMENT,34.1
2026-10-09,AWESOME BANDIT,30.9
2026-10-09,AYESHA BALE,28.2
2026-10-09,BABY BEETS,33.5
2026-10-09,BALDING SANDY,28.6
2026-10-09,BAROOGA QUEEN,29.3
2026-10-09,BE A SECRET,33.8
2026-10-09,BE A SHADOW,27.3
2026-10-09,BEAR IT IS,33.3
2026-10-09,BEAUTY BEAST,32.1
2026-10-09,BERRY HILLS,26.3
2026-10-09,BERSERKER VIKING,32.3
2026-10-09,BEST FOR LAST,31.4
2026-10-09,BETTY'S GARDEN,29.4
2026-10-09,BIG BOY BRUTUS,35.2
2026-10-09,BIG BOY COOPER,30.8
2026-10-09,BIG BOY JETT,30.3
2026-10-09,BIG COOL,34.5
2026-10-09,BIG PLAYER,38.3
2026-10-09,BIG TIME GUNNAR,35.3
2026-10-09,BILLY BOY REUBEN,34.8
2026-10-09,BINDY BLAZER,27.6
2026-10-09,BLACK MARVEL,36.3
2026-10-09,BLACK STAR RIOT,32.0
2026-10-09,BLACK VIOLET,28.5
2026-10-09,BLACKBERRY JUICE,30.2
2026-10-09,BLUE BOY SHIRAZ,33.3
2026-10-09,BLUE MOON MARIE,26.0
2026-10-09,BLUE SKY TOKYO,30.5
2026-10-09,BLUER THAN BLUE,33.5
2026-10-09,BLUES TRAIN,34.5
2026-10-09,BOLD AVENGER,27.8
2026-10-09,BONE SHAKER,32.0
2026-10-09,BONNIE BEAUTIFUL,25.8
2026-10-09,BORACAY BELLA,28.0
2026-10-09,BRAGGING RIGHTS,31.7
2026-10-09,BREACH,27.4
2026-10-09,BREAKING CURFEW,24.1
2026-10-09,BREE CABANG,29.7
2026-10-09,BROTHER BUB,31.2
2026-10-09,BROTHER EASY,29.7
2026-10-09,BRUREE PAT,30.9
2026-10-09,BUNNI BALE,30.6
2026-10-09,CALABRESE,31.8
2026-10-09,CALCEUS,30.4
2026-10-09,CANDY STRIDE,27.5
2026-10-09,CANYA DIG DEEP,25.5
2026-10-09,CANYA IGNITE,36.9
2026-10-09,CANYA SPEED,32.3
2026-10-09,CHALK AND CHEESE,31.6
2026-10-09,CHEEKY CHOMPERS,33.3
2026-10-09,CHEVRON STROLL,28.8
2026-10-09,CHILL OUT PLATE,30.2
2026-10-09,CINNABAR ICON,28.3
2026-10-09,CLAVICLE,32.1
2026-10-09,COMPARE BUBBLE,32.9
2026-10-09,COMPLETE,25.9
2026-10-09,COMPTON GYPSY,28.2
2026-10-09,COOL DISGUISE,27.2
2026-10-09,COOLABAH STATION,32.1
2026-10-09,COUNT THE STARS,31.4
2026-10-09,CRACKERJACK ADAM,31.4
2026-10-09,CRACKERJACK KEV,32.2
2026-10-09,CRASH REBEL,33.9
2026-10-09,CREAM,26.3
2026-10-09,CREATIVITY,32.6
2026-10-09,CRIMINAL MINDS,32.2
2026-10-09,CROYDON,32.5
2026-10-09,CRUISIN' GRAE,30.2
2026-10-09,CRUSH YOUR RUSH,33.0
2026-10-09,CRY BABY GIBLET,33.8
2026-10-09,CUCUZZA,31.3
2026-10-09,CUMULATE,33.4
2026-10-09,DA SOUZA,35.3
2026-10-09,DARK HABITS,28.0
2026-10-09,DARNUM BEAR,35.0
2026-10-09,DARNUM RAIN,34.7
2026-10-09,DARRA MICK,34.4
2026-10-09,DARRA MIGHT,34.5
2026-10-09,DEADLY FORCE,26.8
2026-10-09,DEB CABANG,30.0
2026-10-09,DEEDS NOT WORDS,33.1
2026-10-09,DETECTION,30.4
2026-10-09,DEVIL'S SYMPATHY,30.3
2026-10-09,DIM SIM RIXI,30.6
2026-10-09,DISTORTED HUMOUR,28.6
2026-10-09,DONUTS,32.4
2026-10-09,DOONGALLA AL,34.5
2026-10-09,DOONGALLA GIGI,26.0
2026-10-09,DOONGALLA ROCKET,31.8
2026-10-09,DOONGALLA SHANE,30.6
2026-10-09,DOUBLE SHOT RIOT,29.6
2026-10-09,DRAMATICAL,36.5
2026-10-09,DREAM ON JUNIOR,30.7
2026-10-09,EL ROJO ROCK,31.8
2026-10-09,ELITE ONE,33.2
2026-10-09,ELLIS UNIT ONE,32.3
2026-10-09,ESPECIAL HUGO,35.8
2026-10-09,EXCELLENT DASH,27.2
2026-10-09,EXCITABLE DASH,25.9
2026-10-09,FAIRWAY FLYER,31.9
2026-10-09,FAYE VALENTINE,26.5
2026-10-09,FENDI EXPRESS,33.3
2026-10-09,FIGURE OF SPEECH,28.8
2026-10-09,FINALLY FRIDAY,34.6
2026-10-09,FINESSE,25.9
2026-10-09,FIRE TEARS,30.7
2026-10-09,FLAGMAN FRANKY,33.0
2026-10-09,FLUENT ACTION,24.4
2026-10-09,FLYING DUCATI,33.1
2026-10-09,FOXY ROXY,25.3
2026-10-09,FRANKIE'S ROCKET,30.5
2026-10-09,FRANKY'S LASS,26.4
2026-10-09,FRAUD,33.1
2026-10-09,FRED'S FURY,30.3
2026-10-09,FREE FREDA,25.8
2026-10-09,FULL BORE DONNY,33.3
2026-10-09,GALAXY DANCER,26.0
2026-10-09,GAME OF PHONES,28.2
2026-10-09,GAMORA BALE,28.4
2026-10-09,GARNET GLOW,28.8
2026-10-09,GEMMA KEEPING,30.8
2026-10-09,GENERAL FRANKY,32.1
2026-10-09,GENESIS BALE,33.3
2026-10-09,GEORGIE SUNSHINE,28.7
2026-10-09,GERONIMO DASH,30.0
2026-10-09,GIACOMO,32.0
2026-10-09,GO FISH,33.2
2026-10-09,GO GO JEFF,36.8
2026-10-09,GOBLIN,26.0
2026-10-09,GOLD CODE,29.2
2026-10-09,GOLD DECK,32.2
2026-10-09,GOLD TAG,30.9
2026-10-09,GOOSEBUMPS RICO,32.2
2026-10-09,GOT MY MOJO,27.8
2026-10-09,GRAFFITI,35.2
2026-10-09,GRAY GROUPER,34.8
2026-10-09,GRETA'S GOLD,28.1
2026-10-09,GREYSYND BONNIE,27.1
2026-10-09,GREYSYND WARRIOR,33.6
2026-10-09,HADAR JAY,29.7
2026-10-09,HAPPY BUDDHA,32.2
2026-10-09,HARA HACHI BU,27.7
2026-10-09,HARD COMPASS,32.9
2026-10-09,HARD STYLE ROBBO,30.3
2026-10-09,HARROW TIME,33.2
2026-10-09,HARTLAND ASH,25.4
2026-10-09,HARTLAND BUDDY,33.0
2026-10-09,HARTLAND BUSTER,31.2
2026-10-09,HARTLAND ROCKET,31.8
2026-10-09,HAVING A LOOK,26.0
2026-10-09,HAWK MAGIC,25.3
2026-10-09,HE'S NO BRUTE,34.3
2026-10-09,HEAD HUNTER,32.7
2026-10-09,HEAVEN ON EARTH,31.5
2026-10-09,HEAVY HAULAGE,33.4
2026-10-09,HECTIC HARRY,32.9
2026-10-09,HEY PRESTO,30.8
2026-10-09,HEY TOMMY,35.9
2026-10-09,HIGH COBBER,32.5
2026-10-09,HIGHGATE FRANKY,35.0
2026-10-09,HIGHLAND SAL,28.2
2026-10-09,HIS SPECIAL,33.3
2026-10-09,HIT THE BUTTON,31.2
2026-10-09,HOKKAIDO EXPRESS,31.1
2026-10-09,HOLDEN BALE,33.8
2026-10-09,HOOKED AND HAPPY,32.5
2026-10-09,HOPE GIBLET,28.2
2026-10-09,HOPE JUAN,32.6
2026-10-09,HUSKY SARA LEE,30.2
2026-10-09,HYLAND AZULA,25.0
2026-10-09,IAN ALBERT,32.8
2026-10-09,IN THE CLOUDS,29.3
2026-10-09,INCINERATE,34.2
2026-10-09,INDIANA ICON,25.0
2026-10-09,INDY GRANT,27.8
2026-10-09,INDY MELMEN,37.9
2026-10-09,INITIAL CONSULT,28.1
2026-10-09,IT'S BUBBLE TIME,29.6
2026-10-09,JACKPOT CASH,28.7
2026-10-09,JAZZ BAND,27.0
2026-10-09,JAZZ HANDS,27.0
2026-10-09,JET SPRINT,37.2
2026-10-09,JILL'S FANTASY,27.6
2026-10-09,JILLIBY PIXIE,28.2
2026-10-09,JODIE'S ANGEL,30.0
2026-10-09,JOEY THE JET,35.9
2026-10-09,JOHN BOY,34.9
2026-10-09,JUNEAU SANGRIA,30.0
2026-10-09,KADE'S THUNDER,32.0
2026-10-09,KALE ROCKS,34.3
2026-10-09,KANSAS RAIDER,34.4
2026-10-09,KEEP ROLLING,32.5
2026-10-09,KEN KANEKI,31.6
2026-10-09,KENSINGTON FLYER,27.8
2026-10-09,KID BLUE,28.5
2026-10-09,KIOWA ICON,29.0
2026-10-09,KIWI BIRCHIP,36.8
2026-10-09,KIWI GEORGE,35.3
2026-10-09,KIWI HANK,42.3
2026-10-09,KIWI HENRY,36.0
2026-10-09,KNOCKABOUT KID,31.6
2026-10-09,KRAKEN REG,34.8
2026-10-09,KRIS BAR IMOGEN,29.5
2026-10-09,LACRIMAL,30.8
2026-10-09,LADY GUNAI,27.4
2026-10-09,LAKERS LEGEND,25.1
2026-10-09,LAKEVIEW IAN,35.2
2026-10-09,LAKEVIEW PEAR,31.1
2026-10-09,LAKEVIEW SKY,28.0
2026-10-09,LAKEVIEW SNEAKY,35.5
2026-10-09,LAKEVIEW TRACKER,33.6
2026-10-09,LARA MOON,30.7
2026-10-09,LAURISTON GIRL,27.4
2026-10-09,LAVERS GINNY,27.3
2026-10-09,LEKTRA STING,33.2
2026-10-09,LET'S WIN BINGO,25.9
2026-10-09,LETHAL TRIX,35.6
2026-10-09,LIKE A BLAZE,30.3
2026-10-09,LIL COCKATOO,26.1
2026-10-09,LION MAN,31.3
2026-10-09,LOCHINVAR HUMMER,34.9
2026-10-09,LOUIE CABANG,35.1
2026-10-09,LOVE BUG GIBLET,27.8
2026-10-09,LUSH HOUR,28.8
2026-10-09,MAD MAX,28.0
2026-10-09,MAGIC BULLSEYE,31.0
2026-10-09,MAGIC THRILL,31.2
2026-10-09,MAHJONG,37.1
2026-10-09,MAISEY MARY,24.9
2026-10-09,MAJOR SHIRAZ,32.6
2026-10-09,MARKET JET,36.9
2026-10-09,MCCREERY,33.7
2026-10-09,MCIVOR JEWELS,27.7
2026-10-09,MEANINGFUL,26.2
2026-10-09,MELT MAX,29.6
2026-10-09,MEMORIES,31.0
2026-10-09,MEXICAN JACK,32.0
2026-10-09,MIDNIGHT JED,32.8
2026-10-09,MIDNIGHT THUNDER,31.8
2026-10-09,MIDWAY THUNDER,33.0
2026-10-09,MILLY LILY,27.5
2026-10-09,MINDS EYE,35.0
2026-10-09,MISCHIEF MATE,34.4
2026-10-09,MISS CHARMED,28.5
2026-10-09,MISS GALORE,27.5
2026-10-09,MISS JO,28.0
2026-10-09,MISS LOOT,26.9
2026-10-09,MISS MAXIMUS,28.5
2026-10-09,MOE PATTY,24.1
2026-10-09,MOLLY MCKAYLA,27.2
2026-10-09,MOLLY ROCHELLE,28.6
2026-10-09,MOMBASA'S BEST,31.7
2026-10-09,MONARCH,29.5
2026-10-09,MONTY'S RETURN,32.0
2026-10-09,MONUMENT,32.0
2026-10-09,MORAINE BLUEY,34.8
2026-10-09,MORAINE DAMIAN,33.6
2026-10-09,MORAINE DYLAN,31.7
2026-10-09,MORAINE MERLIN,31.3
2026-10-09,MORAINE SARA,26.2
2026-10-09,MOSI,35.8
2026-10-09,MOYARRA KONGK,33.1
2026-10-09,MR. CHIVES,32.1
2026-10-09,MR. JONES,32.8
2026-10-09,MR. MARSHALL,32.6
2026-10-09,MR. WALSH,34.9
2026-10-09,MRS. CHIVES,26.7
2026-10-09,MT. VIEW AMOUR,30.0
2026-10-09,MUMMA EASY,24.2
2026-10-09,MY MIRROR DIVA,26.1
2026-10-09,MY MIRROR QUEEN,26.8
2026-10-09,MYRNIONG STORM,34.2
2026-10-09,MYSTIC DANCER,28.6
2026-10-09,MYSTIC RUPEE,31.4
2026-10-09,NANGAR MACIE,25.1
2026-10-09,NAUGHTY NORM,31.6
2026-10-09,NAVY DAVIES,32.5
2026-10-09,NEBULA BALE,29.7
2026-10-09,NEO DEVERE,32.3
2026-10-09,NIGHT AND DAY,28.3
2026-10-09,NOSEY BLUEY,33.8
2026-10-09,NOT SORRY,32.5
2026-10-09,OH BISCUIT,26.3
2026-10-09,OKLAHOMA BALE,32.6
2026-10-09,ON THE PROWL,31.0
2026-10-09,ON THE RIVER,34.0
2026-10-09,OPALINA,27.4
2026-10-09,OPAWA FANNIN,32.2
2026-10-09,OUT OF WHISKEY,28.4
2026-10-09,OZA DOECHII,24.9
2026-10-09,OZA KING,28.4
2026-10-09,PADDY'S CHARIOT,33.4
2026-10-09,PALE GREEN STAR,27.6
2026-10-09,PARIS MODEL,27.6
2026-10-09,PASS THE PEPPA,28.7
2026-10-09,PATH TO NIRVANA,33.3
2026-10-09,PATS FOR RUBY,29.3
2026-10-09,PAW ALIA,25.2
2026-10-09,PAW ALLESANDRA,27.2
2026-10-09,PAW AMARLI,27.4
2026-10-09,PAW ARCHIE,32.0
2026-10-09,PAW BALLISTA,33.7
2026-10-09,PAW CARVER,34.9
2026-10-09,PAW CHRISTIE,30.4
2026-10-09,PAW CORNELIUS,31.6
2026-10-09,PAW DROGO,32.4
2026-10-09,PAW FABIAN,31.7
2026-10-09,PAW FARINA,37.1
2026-10-09,PAW FORRESTER,30.9
2026-10-09,PAW FORTRESS,40.2
2026-10-09,PAW GORDY,35.9
2026-10-09,PAW HAZELTON,31.1
2026-10-09,PAW JAXSON,32.2
2026-10-09,PAW JELANI,33.6
2026-10-09,PAW KACEY,27.2
2026-10-09,PAW KENTA,29.0
2026-10-09,PAW LAPRAS,27.8
2026-10-09,PAW LARA,28.1
2026-10-09,PAW MADDOX,28.1
2026-10-09,PAW MANNY,29.9
2026-10-09,PAW MATIC,26.6
2026-10-09,PAW MINTY,24.5
2026-10-09,PAW MURBELLA,27.9
2026-10-09,PAW NASCENT,27.0
2026-10-09,PAW NEVADA,35.9
2026-10-09,PAW NIALL,33.0
2026-10-09,PAW NILBERT,33.0
2026-10-09,PAW OLENA,27.2
2026-10-09,PAW OLSON,34.1
2026-10-09,PAW OLYMPUS,32.6
2026-10-09,PAW OPPA,30.7
2026-10-09,PAW ORENTHAL,33.7
2026-10-09,PAW ORTIZ,31.7
2026-10-09,PAW PALMER,34.1
2026-10-09,PAW QUANTUM,30.3
2026-10-09,PAW QUINBY,31.8
2026-10-09,PAW QWERTY,28.3
2026-10-09,PAW RAELIA,27.7
2026-10-09,PAW RAMELLO,27.2
2026-10-09,PAW REX,32.6
2026-10-09,PAW SAUNDRA,28.3
2026-10-09,PAW URLA,29.4
2026-10-09,PAW VECNAR,31.3
2026-10-09,PAW VERITY,32.7
2026-10-09,PAW VORTEX,32.3
2026-10-09,PAW WARRINGAH,30.0
2026-10-09,PAW YARIS,26.6
2026-10-09,PAW YAZ,26.6
2026-10-09,PAW YURI,31.4
2026-10-09,PAW ZANY,24.9
2026-10-09,PAW ZEVON,33.2
2026-10-09,PAW ZILLIE,28.7
2026-10-09,PAW ZOHAN,30.3
2026-10-09,PELICAN'S SUNDAY,31.9
2026-10-09,PHOENIX TAN,28.7
2026-10-09,PINK MOSCATO,27.5
2026-10-09,POINT BREAK,33.5
2026-10-09,POLLY GOLD,24.8
2026-10-09,PREPARATION,25.2
2026-10-09,PRESENCE,28.9
2026-10-09,PRISON BREAK,34.6
2026-10-09,PROUD MARY,26.0
2026-10-09,PUT IT TOGETHER,36.5
2026-10-09,QUANTEZ,32.0
2026-10-09,QUIET ACHIEVER,28.3
2026-10-09,QUINLEE BALE,28.6
2026-10-09,RACCOON MAYNE,27.9
2026-10-09,RACEY STACEY,26.0
2026-10-09,RAGING PIXIE,27.2
2026-10-09,RAPID SHADOW,26.3
2026-10-09,RAPIDO SPIRIT,27.6
2026-10-09,REAPER,37.4
2026-10-09,REBEKAH JOY,26.0
2026-10-09,RED DEAKIN,37.7
2026-10-09,RED TEARS,29.8
2026-10-09,RED TURTLE,37.9
2026-10-09,REGAL GIRL,26.2
2026-10-09,RHEA RIPTIDE,25.6
2026-10-09,RINGSTED,34.1
2026-10-09,RIPPER RAE,32.3
2026-10-09,RITA PAIGE,26.9
2026-10-09,RITZY RUTH,29.4
2026-10-09,ROCKY CABANG,35.9
2026-10-09,RONALDO JACK,34.3
2026-10-09,ROOM TO BREATHE,35.1
2026-10-09,ROTHWELL BONNIE,28.9
2026-10-09,ROTHWELL JACK,33.1
2026-10-09,ROVANIEMI,34.7
2026-10-09,ROWDY BOY,31.3
2026-10-09,ROY,27.0
2026-10-09,RUBY'S SHOW,28.7
2026-10-09,RUXTON SHINE,27.8
2026-10-09,SACRED SPELL,24.4
2026-10-09,SAINT FINNIE,26.3
2026-10-09,SAINT JADE,27.1
2026-10-09,SAINT MICK,31.3
2026-10-09,SAINT RAINE,27.0
2026-10-09,SALT SPECKLE,29.7
2026-10-09,SCOTT CHARISMA,28.2
2026-10-09,SCOTT GREYSCALE,30.8
2026-10-09,SCOTT IMPOSTER,31.9
2026-10-09,SCROLL UP,32.1
2026-10-09,SEA BREEZY,33.4
2026-10-09,SEATS TWO,28.6
2026-10-09,SEKIRO,32.9
2026-10-09,SEVEN SAMURAI,34.1
2026-10-09,SHA TIN KING,28.0
2026-10-09,SHADE OF PALE,36.0
2026-10-09,SHADOW ROAD,27.0
2026-10-09,SHAGGY BEAR,36.5
2026-10-09,SHAGGY BILLIE,25.1
2026-10-09,SHE'S A BRUTE,27.7
2026-10-09,SHEIKH OF TWEAK,31.6
2026-10-09,SHIMA BLUSH,34.1
2026-10-09,SHIMA LITE,31.1
2026-10-09,SHOW BOAT JOHNNY,35.4
2026-10-09,SILENT BANDIT,32.4
2026-10-09,SIMPKIN,36.0
2026-10-09,SIR EASY,28.7
2026-10-09,SIR SILVERTREE,29.9
2026-10-09,SKEETER MIKADO,26.1
2026-10-09,SKY EAGLE,32.1
2026-10-09,SKY SPRINGER,33.6
2026-10-09,SLICK ABILITY,27.5
2026-10-09,SLICK TOMMY,34.0
2026-10-09,SMALL MERCIES,23.8
2026-10-09,SNAG,32.3
2026-10-09,SO SHE THINK,32.3
2026-10-09,SODA SNOOP,34.5
2026-10-09,SOLID GROOVE,32.3
2026-10-09,SONS OF TOM,36.2
2026-10-09,SPECIAL PLAYERS,28.4
2026-10-09,SPECIAL SIAN,30.7
2026-10-09,SPEEDY JUDE,27.9
2026-10-09,SPRUIKING,30.9
2026-10-09,STAR FORCE ONE,31.4
2026-10-09,STAR MELI,27.0
2026-10-09,STAR OF NIGHT,29.0
2026-10-09,STARSHIP,34.5
2026-10-09,STEAL THE STAGE,34.1
2026-10-09,STIDHAM ARIZONA,27.6
2026-10-09,STILL BELIEVE,29.2
2026-10-09,STILL THE SAME,31.3
2026-10-09,STIPULATED,21.8
2026-10-09,STOMPER ROMPER,30.2
2026-10-09,STORM,28.4
2026-10-09,STRASBURG,35.0
2026-10-09,STREAM IT,31.1
2026-10-09,STREET SIXTY SIX,33.8
2026-10-09,SUMMER HAIL,28.9
2026-10-09,SUPER CEVICHE,28.0
2026-10-09,SUPER SEALANT,31.7
2026-10-09,SURE PRIZE,28.3
2026-10-09,SWAN ISLAND,26.1
2026-10-09,SWAYING,27.5
2026-10-09,SWEET LOVE,26.5
2026-10-09,TALTARNI GREY,33.3
2026-10-09,TALTARNI LANE,27.2
2026-10-09,TARBHACH,35.3
2026-10-09,TARGET RANGE,25.1
2026-10-09,TAWNY TEARS,26.1
2026-10-09,TELL ME LIES,24.9
2026-10-09,TESS CABANG,30.6
2026-10-09,TEXAS TOAST,27.6
2026-10-09,THAI BUTTERFLY,30.8
2026-10-09,TIGGY TOUCH,28.1
2026-10-09,TO PERU,27.4
2026-10-09,TOUCH OF SIN,25.2
2026-10-09,TOWN LEGEND,30.2
2026-10-09,TRACY GIRL,26.7
2026-10-09,TRENTON'S ACE,28.9
2026-10-09,TRENTON'S PRIDE,28.4
2026-10-09,TRIBECA,37.3
2026-10-09,TURBO JAKE,35.1
2026-10-09,TURBO TILLY,28.3
2026-10-09,TWILIGHT TORI,26.4
2026-10-09,ULTIMO,36.3
2026-10-09,UNCERTAIN,25.6
2026-10-09,UPENDED,30.5
2026-10-09,URUGUAYAN GIRL,27.5
2026-10-09,UTAH ICON,30.4
2026-10-09,VACATION CALLING,32.0
2026-10-09,VICTORY ALBERT,36.8
2026-10-09,VICTORY BARRY,35.5
2026-10-09,VOLTAGE STRIKE,32.9
2026-10-09,VOLTS,34.8
2026-10-09,WALTER WALRUS,37.5
2026-10-09,WEBLEC MEMPHIS,31.5
2026-10-09,WESTSIDE WIZARD,35.5
2026-10-09,WHATEVER THRILL,27.2
2026-10-09,WHERE'S MICK,30.9
2026-10-09,WHISKEY WHISKERS,35.2
2026-10-09,WHITE LINE,30.3
2026-10-09,WHITE NILE,35.1
2026-10-09,WHODAT JEWEL,26.6
2026-10-09,WILD VENUS,32.4
2026-10-09,WILL JENKINS,31.3
2026-10-09,WILLOW'S ROADIE,34.4
2026-10-09,WINE LOVER,32.1
2026-10-09,WINNALEAH,27.8
2026-10-09,WONDERFUL WORK,31.0
2026-10-09,YEAH YOU,34.3
2026-10-09,ZANE'S TRAIN,32.1
2026-10-09,ZARI EXACT,32.9
2026-10-09,ZINZAN PLODDER,32.8
2026-10-09,ZIPPI MUSTANG,26.0
2026-10-09,ZIPPING ABLETT,33.6
2026-10-09,ZIPPING BANGALOW,33.3
2026-10-09,ZIPPING GLINDA,27.7
2026-10-09,ZIPPING KOSTER,28.4
2026-10-09,ZIPPING LILO,29.0
2026-10-09,ZIPPING MEARES,26.4
2026-10-09,ZIPPING MEHARY,31.6
2026-10-09,ZIPPING RAELENE,29.6
2026-10-10,ABSOLUTE RUPEE,31.6
2026-10-10,AIR SPEED,33.8
2026-10-10,ALWAYS BELIEVE,36.8
2026-10-10,AMRON DANCER,31.8
2026-10-10,APRIL FOOL,31.9
2026-10-10,APRIL'S STAR,27.7
2026-10-10,ARCHIE MCIVOR,31.9
2026-10-10,ASTON ABRAFO,33.1
2026-10-10,ASTON BERRY,31.0
2026-10-10,ASTON COMMANDER,33.6
2026-10-10,ASTON LORENZ,33.2
2026-10-10,ASTON MAJOR,33.0
2026-10-10,ASTON MIKHAIL,34.3
2026-10-10,ASTON NATIONAL,29.3
2026-10-10,ASTON POLICY,27.5
2026-10-10,ASTON VALHALLA,28.5
2026-10-10,AUSSIE MIRAGE,32.1
2026-10-10,AUTUMN BLONDE,25.3
2026-10-10,AYESHA BALE,28.2
2026-10-10,BABY BEETS,33.5
2026-10-10,BAROOGA QUEEN,29.3
2026-10-10,BASH BOY GIBLET,37.0
2026-10-10,BE A SECRET,33.8
2026-10-10,BE A SHADOW,27.3
2026-10-10,BEAUTY BEAST,32.1
2026-10-10,BERRY HILLS,26.3
2026-10-10,BERSERKER VIKING,32.3
2026-10-10,BETTY'S GARDEN,29.4
2026-10-10,BIG TIME GUNNAR,35.3
2026-10-10,BIOLLANTE,29.1
2026-10-10,BLACK MARVEL,36.3
2026-10-10,BLACK STAR RIOT,32.0
2026-10-10,BLACK VIOLET,28.5
2026-10-10,BLUE POOLS,36.0
2026-10-10,BLUE SKY TOKYO,30.5
2026-10-10,BOLD AVENGER,27.8
2026-10-10,BOLD THRUSTER,35.8
2026-10-10,BRUREE PAT,30.9
2026-10-10,CACO MAGIC,33.8
2026-10-10,CALCEUS,30.4
2026-10-10,CANDY STRIDE,27.5
2026-10-10,CANYA DIG DEEP,25.5
2026-10-10,CANYA TALK NOW,33.5
2026-10-10,CHALK AND CHEESE,31.6
2026-10-10,CHEVRON STROLL,28.8
2026-10-10,CHILL OUT PLATE,30.2
2026-10-10,COBBLE HILL,31.7
2026-10-10,COMPARE BUBBLE,32.9
2026-10-10,COMPLETE,25.9
2026-10-10,COOLABAH STATION,32.1
2026-10-10,CORBAN YAXLEY,34.0
2026-10-10,COUSIN SAL,31.2
2026-10-10,CRACKERJACK ADAM,31.4
2026-10-10,CRIMINAL MINDS,32.2
2026-10-10,CRUISE COMMANDER,33.9
2026-10-10,CRUISIN' GRAE,30.2
2026-10-10,CRUSH YOUR RUSH,33.0
2026-10-10,CUMULATE,33.4
2026-10-10,DA SOUZA,35.3
2026-10-10,DARK HABITS,28.0
2026-10-10,DARNUM BEAR,35.0
2026-10-10,DARNUM RAIN,34.7
2026-10-10,DARRA MICK,34.4
2026-10-10,DARRA MIGHT,34.5
2026-10-10,DASH PARR,31.3
2026-10-10,DEADLY FORCE,26.8
2026-10-10,DETECTION,30.4
2026-10-10,DIM SIM RIXI,30.6
2026-10-10,DISTORTED HUMOUR,28.6
2026-10-10,DOONGALLA DON,33.8
2026-10-10,DOONGALLA GIGI,26.0
2026-10-10,DOUBLE SHOT RIOT,29.6
2026-10-10,DR. FANATICAL,37.9
2026-10-10,DR. GRAPHITE,33.0
2026-10-10,DR. LEVIATE,29.1
2026-10-10,DR. TRACIE,26.1
2026-10-10,EDIE MONSOON,28.5
2026-10-10,ELIJAH ROSE,33.7
2026-10-10,ELORA DASH,28.0
2026-10-10,ERASE AND REWIND,30.5
2026-10-10,EVENTUATE,26.6
2026-10-10,EXACTLY LIKE DAD,32.0
2026-10-10,EXCELLENT DASH,27.2
2026-10-10,EXCITABLE DASH,25.9
2026-10-10,FAIRWAY FLYER,31.9
2026-10-10,FAYE VALENTINE,26.5
2026-10-10,FENDI EXPRESS,33.3
2026-10-10,FINALLY FRIDAY,34.6
2026-10-10,FINESSE,25.9
2026-10-10,FLAGMAN FRANKY,33.0
2026-10-10,FLUENT ACTION,24.4
2026-10-10,FRANKIE'S ROCKET,30.5
2026-10-10,FRANKY'S LASS,26.4
2026-10-10,FRAUD,33.1
2026-10-10,FRED'S FURY,30.3
2026-10-10,FREE FREDA,25.8
2026-10-10,FULL BORE DONNY,33.3
2026-10-10,FUME TRAIN,30.3
2026-10-10,GALAXY DANCER,26.0
2026-10-10,GALLEYWOOD,39.1
2026-10-10,GAMORA BALE,28.4
2026-10-10,GAS AND DUST,31.5
2026-10-10,GEMMA KEEPING,30.8
2026-10-10,GEORGIE SUNSHINE,28.7
2026-10-10,GERONIMO DASH,30.0
2026-10-10,GLASSES,26.6
2026-10-10,GO FISH,33.2
2026-10-10,GO GO JEFF,36.8
2026-10-10,GODZILLA,35.1
2026-10-10,GOING NUCLEAR,30.7
2026-10-10,GOLD DECK,32.2
2026-10-10,GOLD TAG,30.9
2026-10-10,GOOSEBUMPS RICO,32.2
2026-10-10,GORRINGE,30.7
2026-10-10,GOT MY MOJO,27.8
2026-10-10,GRAY GROUPER,34.8
2026-10-10,GRETA'S GOLD,28.1
2026-10-10,GREYSYND BONNIE,27.1
2026-10-10,GREYSYND WARRIOR,33.6
2026-10-10,HADAR JAY,29.7
2026-10-10,HAPPY DAD,31.2
2026-10-10,HARA HACHI BU,27.7
2026-10-10,HARD COMPASS,32.9
2026-10-10,HARD STYLE ROBBO,30.3
2026-10-10,HARTLAND BUDDY,33.0
2026-10-10,HARTLAND BUSTER,31.2
2026-10-10,HARTLAND ROCKET,31.8
2026-10-10,HAWK MAGIC,25.3
2026-10-10,HEAD HUNTER,32.7
2026-10-10,HEAVY HAULAGE,33.4
2026-10-10,HEY TOMMY,35.9
2026-10-10,HIGH FIVE INDI,30.1
2026-10-10,HIGHGATE FRANKY,35.0
2026-10-10,HIGHLAND SAL,28.2
2026-10-10,HIGHLY CONNECTED,30.4
2026-10-10,HIGHLY POTENT,28.5
2026-10-10,HOKKAIDO EXPRESS,31.1
2026-10-10,HONEST BEERS,25.7
2026-10-10,HOPE JUAN,32.6
2026-10-10,HUGO ROSE,34.3
2026-10-10,HUSKY SARA LEE,30.2
2026-10-10,HYLAND AZULA,25.0
2026-10-10,IMPRINT,35.6
2026-10-10,IN THE CLOUDS,29.3
2026-10-10,INCINERATE,34.2
2026-10-10,INDIAN PRINCE,33.9
2026-10-10,INDIAN STAR,33.2
2026-10-10,INITIAL CONSULT,28.1
2026-10-10,IT'S OKAY,31.3
2026-10-10,IVORY INZAI,31.3
2026-10-10,IVORY MIHARA,26.9
2026-10-10,JACKPOT CASH,28.7
2026-10-10,JAZZ BAND,27.0
2026-10-10,JAZZ HANDS,27.0
2026-10-10,JET SPRINT,37.2
2026-10-10,JODIE'S ANGEL,30.0
2026-10-10,JOEY THE JET,35.9
2026-10-10,JOHN BOY,34.9
2026-10-10,JOROGUMO,33.9
2026-10-10,JUST BREATHE,35.1
2026-10-10,KADE'S THUNDER,32.0
2026-10-10,KALE ROCKS,34.3
2026-10-10,KEN KANEKI,31.6
2026-10-10,KENSINGTON FLYER,27.8
2026-10-10,KID BLUE,28.5
2026-10-10,KIWI GEORGE,35.3
2026-10-10,KNOCKABOUT KID,31.6
2026-10-10,KRAKEN REG,34.8
2026-10-10,KRIS BAR IMOGEN,29.5
2026-10-10,LADY GUNAI,27.4
2026-10-10,LAKERS LEGEND,25.1
2026-10-10,LAKEVIEW LEIGH,30.0
2026-10-10,LAKEVIEW ROWDY,36.9
2026-10-10,LARA MOON,30.7
2026-10-10,LAURISTON GIRL,27.4
2026-10-10,LAVERS GINNY,27.3
2026-10-10,LEKTRA ISA,27.9
2026-10-10,LEKTRA SOLO,32.5
2026-10-10,LETHAL TRIX,35.6
2026-10-10,LITTLE MONKEY,25.5
2026-10-10,MADE EASY,31.7
2026-10-10,MAGIC BULLSEYE,31.0
2026-10-10,MAGIC LOKI,34.0
2026-10-10,MAGIC THRILL,31.2
2026-10-10,MAISEY MARY,24.9
2026-10-10,MCCREERY,33.7
2026-10-10,MCIVOR JEWELS,27.7
2026-10-10,MEPUNGA SANDY,27.7
2026-10-10,MEPUNGA TURBO,31.5
2026-10-10,MEXICAN JACK,32.0
2026-10-10,MIDNIGHT JED,32.8
2026-10-10,MIDNIGHT THUNDER,31.8
2026-10-10,MIDWAY THUNDER,33.0
2026-10-10,MINDS EYE,35.0
2026-10-10,MISS CHARMED,28.5
2026-10-10,MISS GALORE,27.5
2026-10-10,MISS JO,28.0
2026-10-10,MISS LOOT,26.9
2026-10-10,MISS MAXIMUS,28.5
2026-10-10,MISTER RICO,34.0
2026-10-10,MONTY'S RETURN,32.0
2026-10-10,MORAINE MERLIN,31.3
2026-10-10,MOSI,35.8
2026-10-10,MOYARRA KONGK,33.1
2026-10-10,MR. CHIVES,32.1
2026-10-10,MRS. CHIVES,26.7
2026-10-10,MT. VIEW AMOUR,30.0
2026-10-10,MUMMA EASY,24.2
2026-10-10,MY MIRROR DIVA,26.1
2026-10-10,MY MIRROR QUEEN,26.8
2026-10-10,MYRNIONG STORM,34.2
2026-10-10,MYSTIC DANCER,28.6
2026-10-10,MYSTIC RUPEE,31.4
2026-10-10,NARINGAL LAD,33.6
2026-10-10,NEO DEVERE,32.3
2026-10-10,NIGHT AND DAY,28.3
2026-10-10,NO STOP SIGNS,34.9
2026-10-10,NOT SORRY,32.5
2026-10-10,OH BISCUIT,26.3
2026-10-10,ONE MORE DRAM,32.8
2026-10-10,OPALINA,27.4
2026-10-10,OPAWA POSTMAN,31.6
2026-10-10,OUT OF WHISKEY,28.4
2026-10-10,OUTSIDES,31.8
2026-10-10,OZA DOECHII,24.9
2026-10-10,OZA KING,28.4
2026-10-10,PALE GREEN STAR,27.6
2026-10-10,PAR EXCELLENCE,34.0
2026-10-10,PARIS MODEL,27.6
2026-10-10,PATH TO NIRVANA,33.3
2026-10-10,PATS FOR RUBY,29.3
2026-10-10,PAW ALLESANDRA,27.2
2026-10-10,PAW AMALFI,28.2
2026-10-10,PAW AMARLI,27.4
2026-10-10,PAW ARCHIE,32.0
2026-10-10,PAW CHRISTIE,30.4
2026-10-10,PAW FORRESTER,30.9
2026-10-10,PAW HARRIS,34.6
2026-10-10,PAW HELION,34.4
2026-10-10,PAW IOWA,32.1
2026-10-10,PAW JAXSON,32.2
2026-10-10,PAW JELANI,33.6
2026-10-10,PAW NASCENT,27.0
2026-10-10,PAW NEVADA,35.9
2026-10-10,PAW NIMBUS,35.4
2026-10-10,PAW ORTIZ,31.7
2026-10-10,PAW PALMER,34.1
2026-10-10,PAW QUANTUM,30.3
2026-10-10,PAW RAMELLO,27.2
2026-10-10,PAW REX,32.6
2026-10-10,PAW STELLA,28.6
2026-10-10,PAW VARNA,31.0
2026-10-10,PAW VECNAR,31.3
2026-10-10,PAW VERITY,32.7
2026-10-10,PAW WALDORF,32.4
2026-10-10,PAW XHANI,26.6
2026-10-10,PAW YARIS,26.6
2026-10-10,PAW YURI,31.4
2026-10-10,PAW ZEVON,33.2
2026-10-10,PAW ZOHAN,30.3
2026-10-10,PERFECT PICTURE,27.9
2026-10-10,PETALI,30.3
2026-10-10,PHOENIX TAN,28.7
2026-10-10,PINK MOSCATO,27.5
2026-10-10,PLEASANT DREAMS,34.4
2026-10-10,PREPARATION,25.2
2026-10-10,PRESENCE,28.9
2026-10-10,PRISON BREAK,34.6
2026-10-10,PROUD MARY,26.0
2026-10-10,PURE SILK,29.0
2026-10-10,PUT IT TOGETHER,36.5
2026-10-10,RACCOON MAYNE,27.9
2026-10-10,RED TEARS,29.8
2026-10-10,RED TURTLE,37.9
2026-10-10,REGAL GIRL,26.2
2026-10-10,RELIABLE MOTOR,30.5
2026-10-10,REV IAN,34.4
2026-10-10,RHEA RIPTIDE,25.6
2026-10-10,RINGSTED,34.1
2026-10-10,RIPPER RAE,32.3
2026-10-10,ROCKY SUPERSTAR,32.1
2026-10-10,ROOM TO BREATHE,35.1
2026-10-10,ROTHWELL BONNIE,28.9
2026-10-10,ROTHWELL JACK,33.1
2026-10-10,ROWDY BOY,31.3
2026-10-10,RUBY'S SHOW,28.7
2026-10-10,SACRED SPELL,24.4
2026-10-10,SAFFRON MONSOON,26.7
2026-10-10,SAINT FISHY,33.4
2026-10-10,SALT SPECKLE,29.7
2026-10-10,SCOTT GREYSCALE,30.8
2026-10-10,SCROLL UP,32.1
2026-10-10,SEA BREEZY,33.4
2026-10-10,SHAGGY BILLIE,25.1
2026-10-10,SHIMA LITE,31.1
2026-10-10,SHOW BOAT JOHNNY,35.4
2026-10-10,SIR SILVERTREE,29.9
2026-10-10,SKEETER MIKADO,26.1
2026-10-10,SKY EAGLE,32.1
2026-10-10,SLICK ABILITY,27.5
2026-10-10,SLICK TOMMY,34.0
2026-10-10,SNAG,32.3
2026-10-10,SO SHE THINK,32.3
2026-10-10,SODA SNOOP,34.5
2026-10-10,SONS OF TOM,36.2
2026-10-10,SPECIAL PLAYERS,28.4
2026-10-10,SPECIAL SIAN,30.7
2026-10-10,SPIRALLING,34.3
2026-10-10,SPRING MILES,31.3
2026-10-10,SPRUIKING,30.9
2026-10-10,STAR FORCE ONE,31.4
2026-10-10,STAR MELI,27.0
2026-10-10,STAR NOTE,31.8
2026-10-10,STILL BELIEVE,29.2
2026-10-10,STIPULATED,21.8
2026-10-10,STREET SIXTY SIX,33.8
2026-10-10,SUMMER HAIL,28.9
2026-10-10,SUPER CEVICHE,28.0
2026-10-10,SUPER FREAKY,32.6
2026-10-10,SUPER SEALANT,31.7
2026-10-10,SURE PRIZE,28.3
2026-10-10,SURGE,31.5
2026-10-10,SWEET LOVE,26.5
2026-10-10,TALTARNI GREY,33.3
2026-10-10,TALTARNI LANE,27.2
2026-10-10,TARGET RANGE,25.1
2026-10-10,TEXAS TOAST,27.6
2026-10-10,THAI BUTTERFLY,30.8
2026-10-10,TIME PERPETUATED,27.3
2026-10-10,TOSS IT UP,27.9
2026-10-10,TOWN LEGEND,30.2
2026-10-10,TRENTON'S PRIDE,28.4
2026-10-10,TRIBECA,37.3
2026-10-10,TURBO JAKE,35.1
2026-10-10,TURBO TILLY,28.3
2026-10-10,ULTIMO,36.3
2026-10-10,UNCERTAIN,25.6
2026-10-10,UNITED GEORGE,30.9
2026-10-10,UPENDED,30.5
2026-10-10,URUGUAYAN GIRL,27.5
2026-10-10,VOLTAGE STRIKE,32.9
2026-10-10,VOLTS,34.8
2026-10-10,WALTER WALRUS,37.5
2026-10-10,WESTSIDE WIZARD,35.5
2026-10-10,WHATEVER THRILL,27.2
2026-10-10,WHITE LINE,30.3
2026-10-10,WILD VENUS,32.4
2026-10-10,WILLOW'S ROADIE,34.4
2026-10-10,WINE LOVER,32.1
2026-10-10,WINNALEAH,27.8
2026-10-10,WORD GETS AROUND,35.6
2026-10-10,WYONG HOUSTON,26.7
2026-10-10,XARA'S KEITH,36.7
2026-10-10,XARA'S LEON,37.0
2026-10-10,YEAH YOU,34.3
2026-10-10,ZANE'S TRAIN,32.1
2026-10-10,ZARI EXACT,32.9
2026-10-10,ZINZAN PLODDER,32.8
2026-10-10,ZIPPI MUSTANG,26.0
2026-10-10,ZIPPING ABLETT,33.6
2026-10-10,ZIPPING GLINDA,27.7
2026-10-10,ZIPPING KOSTER,28.4
2026-10-10,ZIPPING LILO,29.0
2026-10-10,ZIPPING MEARES,26.4
2026-10-10,ZIPPING RAELENE,29.6
2026-10-10,ZIPPING SIGRID,28.2
